tree
version=v4
num_class=1
num_tree_per_iteration=1
label_index=0
max_feature_idx=8
objective=binary sigmoid:1
feature_names=Type Air_temperature_K Process_temperature_K Rotational_speed_rpm Torque_Nm Tool_wear_min Temp_Diff Power OSF_Load
feature_infos=[1:3] [295.30000000000001:304.5] [305.69999999999999:313.80000000000001] [1181:2886] [3.7999999999999998:76.200000000000003] [0:253] [7.5999999999999659:12.100000000000023] [1148.4406104462848:10233.151638440082] [0:16497]
tree_sizes=3265 3281 3293 3293 3285 3307 3303 3319 3308 3314 3327 3341 3333 3337 3353 3348 3355 3347 3330 3346 3355 3345 3351 3352 3346 3357 3350 3349 3355 3351 3350 3360 3365 3353 3346 3345 3356 3344 3350 3357 3342 3347 3354 3348 3355 3342 3354 3358 3359 3354 3355 3358 3358 3349 3370 3360 3363 3351 3362 3356 3368 3362 3363 3362 3375 3363 3367 3361 3365 3381 3363 3366 3372 3383 3374 3376 3374 3373 3377 3365 3378 3358 3374 3381 3376 3360 3359 3379 3362 3347 3363 3353 3369 3370 3364 3342 3368 3347 3361 3376

Tree=0
num_leaves=31
num_cat=0
split_feature=3 5 7 4 6 8 7 5 8 7 3 5 1 3 5 3 5 5 6 1 1 3 3 5 8 5 5 7 7 7
split_gain=35561.1 15330 14645.7 8356.61 3808.51 7063.27 11049.5 1030.68 767.439 1082.01 866.784 387.799 671.707 235.316 268.861 646.104 695.148 150.138 175.946 144.888 345.538 106.439 835.629 133.87 568.217 79.1093 430.896 99.6574 576.623 49.6818
threshold=1386.5000000000002 202.50000000000003 3534.8834019049436 57.850000000000001 8.5999999999999961 10624.100000000002 8925.898283367078 202.50000000000003 10380.800000000001 6298.2492439535499 1406.5000000000002 197.50000000000003 298.45000000000005 1866.5000000000002 220.50000000000003 1556.5000000000002 215.50000000000003 209.50000000000003 8.3499999999999961 302.25000000000006 302.35000000000008 1439.5000000000002 1437.5000000000002 20.500000000000004 940.4000000000002 162.50000000000003 163.50000000000003 5101.4281066419835 5088.8460280643558 6056.9487482190752
decision_type=2 2 2 2 2 2 2 2 2 2 2 2 2 2 2 2 2 2 2 2 2 2 2 2 2 2 2 2 2 2
left_child=4 2 -2 11 -1 6 7 19 9 13 -11 21 -13 14 15 17 -17 -3 -19 -6 -21 22 23 24 -4 -23 -27 28 -28 -16
right_child=1 8 3 -5 5 -7 -8 -9 -10 10 -12 12 -14 -15 29 16 -18 18 -20 20 -22 25 -24 -25 -26 26 27 -29 -30 -31
leaf_value=-1.8902214011872038 -1.8992279748488645 -2.0903371958691568 -3.3760076115565751 -1.9657459220699387 -3.3760076115565751 -1.9194432761516578 -1.8932668665862673 -2.294268037279104 -1.9617317846790701 -2.1680329169446715 -3.3760076115565751 -2.3479830704783131 -3.3760076115565751 -2.0084430476290294 -2.2022754967387455 -3.3760076115565751 -2.2501477886756982 -1.9371587408470718 -2.7465210856575006 -2.4512975584249719 -3.3760076115565751 -3.3760076115565751 -2.4812706719291846 -3.3760076115565751 -2.0729975474388316 -2.4714978887395276 -3.3760076115565751 -3.3760076115565751 -2.1127513682429795 -1.9617317846790705
leaf_weight=92.5409304946661 21.630528539419174 7.5617685467004829 3.8909229636192313 11.817797079682348 28.544615879654884 57.210608795285225 25.290273904800415 2.5678063482046118 17.676381960511208 2.299466833472251 4.1928049176931381 2.7019761055707923 3.8573805242776871 8.1245092749595624 4.7331034243106824 3.0859044194221488 2.4671790301799774 0.9652500003576282 2.2063202559947968 1.5019290298223484 3.0859044194221497 139.73780229687691 3.1044853776693335 30.456534922122955 1.065877318382263 1.5354714691638971 5.0649083405733135 24.083471447229385 1.0994197577238081 3.9280848801136017
leaf_count=108 29 38 116 31 851 99 31 23 45 15 125 27 115 28 34 92 20 2 39 18 92 4166 39 908 5 19 151 718 6 10
internal_value=-2.63068 -2.97375 -3.14272 -3.26048 -2.13045 -2.31852 -2.69286 -3.2593 -2.23563 -2.35801 -2.94816 -3.33112 -2.95254 -2.24215 -2.31827 -2.43797 -2.8758 -2.21145 -2.5002 -3.33409 -3.07328 -3.34295 -3.26784 -3.33679 -3.09582 -3.35981 -3.28861 -3.33009 -3.1507 -2.09318
internal_weight=518.029 307.287 250.047 228.416 210.742 118.201 60.9905 35.7003 57.2408 39.5644 6.49227 216.598 6.55936 33.0721 24.9476 16.2864 5.55308 10.7333 3.17157 33.1324 4.58783 210.039 38.5178 35.4133 4.9568 171.521 31.7833 30.2478 6.16433 8.66119
internal_count=8000 6778 6330 6301 1222 1114 1015 984 448 403 140 6270 142 263 235 191 112 79 41 961 110 6128 1068 1029 121 5060 894 875 157 44
is_linear=0
shrinkage=1


Tree=1
num_leaves=31
num_cat=0
split_feature=3 5 7 7 5 2 6 7 5 3 3 8 8 5 7 3 8 7 7 5 5 1 2 6 4 4 8 4 3 4
split_gain=2822.26 2114.25 2620.78 1445.4 224.712 180.68 151.53 551.302 1392.51 139.443 276.285 114.971 126.439 70.6875 209.896 194.86 66.721 594.71 266.323 43.9524 85.3538 120.465 38.2183 63.6295 54.3773 206.156 29.3168 65.1347 116.241 25.1607
threshold=1406.5000000000002 202.50000000000003 3534.8834019049436 8925.898283367078 197.50000000000003 308.95000000000005 8.5999999999999961 7699.1220601035302 194.50000000000003 1439.5000000000002 1437.5000000000002 973.80000000000007 940.4000000000002 162.50000000000003 5101.4281066419835 1711.5000000000002 10798.500000000002 8925.898283367078 7720.47441817243 224.50000000000003 218.50000000000003 297.45000000000005 311.25000000000006 11.299999999999985 31.050000000000004 37.45000000000001 7800.5500000000011 49.550000000000004 1456.5000000000002 46.850000000000001
decision_type=2 2 2 2 2 2 2 2 2 2 2 2 2 2 2 2 2 2 2 2 2 2 2 2 2 2 2 2 2 2
left_child=6 2 -2 4 9 -6 -1 8 -8 10 11 12 -4 -11 15 -15 17 18 -9 20 22 -22 24 -24 -3 -26 -27 28 -28 -10
right_child=1 19 3 -5 5 -7 7 16 29 13 -12 -13 -14 14 -16 -17 -18 -19 -20 -21 21 -23 23 -25 25 26 27 -29 -30 -31
leaf_value=0.37831005521909233 0.37992872946390732 0.38595523066799708 -0.051709186328700488 0.40287283381717193 0.3905351453069037 -0.052043153247557011 -0.051853054918366108 0.52177015051974651 0.42156848884328646 -0.051722006612769877 0.36718439941537812 -0.051841793747347348 0.4417109679897408 0.3954276026503647 -0.051821894653539494 -0.051947749355621353 0.38729622562598653 0.38159342741935487 -0.052558407974934329 0.39831650661998597 0.37932986511519701 -0.055179586540441694 0.34708718215587814 0.53129273780319775 -0.054036887086595792 0.43664000299275946 0.32124736942301357 0.38565997685499709 -0.05307838543308694 0.34589061042491998
leaf_weight=318.66052601113915 73.028304234147072 25.124012056738138 2.4290516823530259 24.160437762737274 6.2391688190400583 3.6581320762634277 30.365831039845943 2.4125953167676917 14.550675995647905 133.47365146130323 6.592122569680213 19.762434594333172 2.7891395129263401 6.1713203899562341 24.02537427097559 4.0191746205091476 159.31213230639696 98.058594062924385 12.356822498142717 45.798078615218401 3.1843185015022746 3.1963026709854603 13.777058821171524 7.1061276942491522 3.8791993968188754 5.636307597160342 7.3592705018818396 12.54915828257799 2.8877626433968544 44.795399237424135
leaf_count=139 29 57 76 10 29 107 925 13 30 4169 39 607 2 41 733 120 66 37 342 54 5 46 54 13 73 4 32 9 67 72
internal_value=0.2895 0.19032 0.118528 0.03671 -0.00558623 0.226954 0.353168 0.331027 0.223536 -0.0171365 0.079258 0.00327731 0.212025 -0.0352857 0.0288312 0.218981 0.366461 0.337043 0.0412586 0.358855 0.337517 0.161667 0.351844 0.409769 0.330783 0.287883 0.334533 0.309287 0.215757 0.364446
internal_weight=1117.36 436.846 306.348 233.32 209.16 9.8973 680.513 361.852 89.7119 199.262 31.5727 24.9806 5.21819 167.69 34.2159 10.1905 272.14 112.828 14.7694 130.498 84.6995 6.38062 78.3189 20.8832 57.4357 32.3117 28.4325 22.7962 10.247 59.3461
internal_count=8000 6376 5962 5933 5923 136 1624 1485 1027 5787 724 685 78 5063 894 161 458 392 355 414 360 51 309 67 242 185 112 108 99 102
is_linear=0
shrinkage=0.05


Tree=2
num_leaves=31
num_cat=0
split_feature=3 5 7 4 5 2 3 3 5 5 5 4 3 6 7 5 8 7 2 2 6 3 3 2 8 6 3 8 8 6
split_gain=1415.66 1268.06 1439.27 1220.51 330.388 136.078 78.0622 207.902 74.1346 90.1808 66.3319 164.002 148.767 47.8934 202.639 334.581 60.9915 463.708 99.6225 87.0125 44.0711 118.254 32.0909 17.6581 26.0211 48.3679 101.087 15.378 27.0954 21.9033
threshold=1386.5000000000002 204.50000000000003 3534.8834019049436 57.850000000000001 197.50000000000003 309.65000000000003 1439.5000000000002 1437.5000000000002 20.500000000000004 19.500000000000004 162.50000000000003 28.950000000000003 1711.5000000000002 8.6500000000000075 7246.7955498396723 202.50000000000003 10798.500000000002 8925.898283367078 311.75000000000006 311.85000000000008 9.6500000000000075 1866.5000000000002 1392.5000000000002 310.65000000000003 11102.650000000003 11.049999999999985 2268.5000000000005 8332.9000000000015 10798.500000000002 8.1500000000000075
decision_type=2 2 2 2 2 2 2 2 2 2 2 2 2 2 2 2 2 2 2 2 2 2 2 2 2 2 2 2 2 2
left_child=13 2 -2 4 6 20 7 8 9 -4 -8 12 -12 -1 15 -15 17 18 -16 -20 -6 -22 -3 24 25 -24 -27 -25 29 -29
right_child=1 22 3 -5 5 -7 10 -9 -10 -11 11 -13 -14 14 16 -17 -18 -19 19 -21 21 -23 23 27 -26 26 -28 28 -30 -31
leaf_value=0.27545320891251018 0.27529333764771885 -0.05919567167501423 -0.051992994398120607 0.2746423132051079 0.30099104257318982 -0.053231318151052878 -0.05162302606178315 0.25616687404592303 -0.051666009548856029 0.28870334865302183 0.31149695452089482 -0.05187580644995652 -0.051816516558161468 -0.051755968096416076 -0.052192864200700274 0.26105175152468879 0.27871117360806802 0.27477439419288135 0.35526701046974751 -0.052348836969911952 -0.056225581469539411 0.35538235723126577 0.25074811735265617 0.30511448153570658 0.2892395507102074 -0.056641381944737737 0.30328386152765341 0.28875509435615998 0.29012014280795756 0.14174055184912873
leaf_weight=416.9038758315146 95.003119081258774 0.76077178865671058 3.7859842460602513 49.7608837261796 11.590518981218343 4.9754094444215289 126.86103764176369 8.8970591202378255 28.093172425404191 3.9885470177978277 7.5365629047155362 23.14713778719306 4.5000255778431892 14.114024586975573 14.758923668414356 21.678248718380928 220.94397255778313 115.80940686166286 3.3705542348325244 2.1408019233494997 3.6228864453732958 3.3664317280054092 71.698620202019811 42.018553355708718 35.751162096858025 3.9819494020193806 3.8244054317474365 3.9769337177276594 23.789887048304081 6.9806697219610214
leaf_count=121 29 6 116 32 25 126 4166 39 908 5 27 725 142 447 443 33 73 33 10 62 49 4 188 65 10 51 1 1 9 54
internal_value=0.221202 0.16068 0.10712 0.0500845 0.00157798 0.179003 -0.0186304 0.0398155 -0.0138509 0.122794 -0.0347761 0.0259684 0.175668 0.26365 0.251122 0.137702 0.262493 0.23616 0.0155433 0.196935 0.241192 0.142027 0.264901 0.266185 0.253811 0.23788 0.119689 0.284764 0.260155 0.195098
internal_weight=1377.63 567.912 375.129 280.126 230.365 23.5552 206.81 44.7648 35.8677 7.77453 162.045 35.1837 12.0366 809.72 392.816 35.7923 357.024 136.08 20.2703 5.51136 18.5798 6.98932 192.783 192.022 115.256 79.505 7.80635 76.766 34.7475 10.9576
internal_count=8000 6778 6393 6364 6332 204 6128 1068 1029 121 5060 894 169 1222 1101 480 621 548 515 72 78 53 385 379 250 240 52 129 64 55
is_linear=0
shrinkage=0.05


Tree=3
num_leaves=31
num_cat=0
split_feature=3 5 7 7 3 5 7 4 5 8 3 4 5 3 6 7 5 8 7 2 2 5 2 6 3 4 5 5 1 0
split_gain=876.427 686.352 1170.2 763.569 107.608 127.181 98.0134 94.8701 62.7765 132.285 89.3452 55.0584 68.1801 41.7033 33.7149 123.208 447.584 32.3566 333.413 86.1146 53.8785 25.422 90.8399 21.7209 72.4037 20.2782 12.2546 31.9214 64.2238 16.164
threshold=1406.5000000000002 197.50000000000003 3534.8834019049436 8925.898283367078 1439.5000000000002 78.500000000000014 6806.2185961002406 48.650000000000013 162.50000000000003 5190.6000000000013 1711.5000000000002 43.95000000000001 220.50000000000003 1437.5000000000002 8.5999999999999961 7448.6062259185246 202.50000000000003 10798.500000000002 8925.898283367078 311.75000000000006 311.85000000000008 204.50000000000003 309.65000000000003 9.6500000000000075 1866.5000000000002 48.150000000000013 224.50000000000003 218.50000000000003 297.45000000000005 1.5000000000000002
decision_type=2 2 2 2 2 2 2 2 2 2 2 2 2 2 2 2 2 2 2 2 2 2 2 2 2 2 2 2 2 2
left_child=11 2 -2 4 5 6 -4 13 -6 10 -10 12 -1 -8 -13 16 -16 18 19 -17 -21 22 23 -3 -25 -18 27 29 -29 -23
right_child=1 21 3 -5 8 -7 7 -9 9 -11 -12 14 -14 -15 15 17 25 -19 -20 20 -22 26 -24 24 -26 -27 -28 28 -30 -31
leaf_value=-0.054270727933405184 0.22079566339562862 0.23410178556197689 -0.053011130567041001 0.22868590559015589 -0.051563983271925684 -0.052692862447939429 0.16349838901814981 -0.052755543010482089 0.22867336390142279 -0.05179455196370817 -0.051737743683856689 0.22069823242724673 0.21627162421904966 0.34175078529594649 -0.051748660093074751 -0.052669821344685279 0.25657557029855871 0.22299267114682478 0.22161925274562835 0.2684595295370284 -0.052215956598664848 0.21733038877510791 -0.052832980420995317 -0.055642972837354011 0.26070294921831039 0.19424893846713642 0.22450507864099201 0.22311319313385539 -0.05597942398342718 0.17400933100574822
leaf_weight=4.3869847971945983 112.00118473172188 14.096660971641546 5.0344127677381065 37.989011406898499 121.24062334746122 14.432966239750384 6.2142912745475787 3.0283474773168555 9.6434420906007272 22.107328031212091 4.0268620662391177 487.00321985781193 4.9636664688587189 6.9520547091960907 21.160518184304237 15.293188242241742 21.870008528232574 275.6732372790575 150.52601259946823 4.2302712351083747 1.8973535243421791 79.60731565579772 4.351849539205431 3.1076086703687897 4.3274983167648315 32.360959924757481 72.501870468258858 4.8572519235312921 3.5809535980224609 29.515797801315784
leaf_count=109 29 23 142 10 4169 430 58 88 35 726 133 134 3 6 697 451 16 76 37 7 58 146 120 46 4 36 54 5 46 106
internal_value=0.182529 0.132192 0.088195 0.023811 -0.0165823 0.0618231 0.139679 0.19958 -0.0343898 0.0238087 0.146073 0.210113 0.089343 0.257619 0.211231 0.202416 0.143284 0.212376 0.195354 0.0107883 0.169166 0.202007 0.15552 0.19763 0.128482 0.219384 0.208338 0.198368 0.104674 0.205613
internal_weight=1577.98 558.617 342.671 230.669 192.68 35.6621 21.2291 16.1947 157.018 35.7776 13.6703 1019.37 9.35065 13.1663 1010.01 523.012 75.3915 447.62 171.947 21.4208 6.12762 215.947 25.8836 21.5318 7.43511 54.231 190.063 117.561 8.43821 109.123
internal_count=8000 6376 5826 5797 5787 724 294 152 5063 894 168 1624 112 64 1512 1378 749 629 553 516 65 550 193 73 50 52 357 303 51 252
is_linear=0
shrinkage=0.05


Tree=4
num_leaves=31
num_cat=0
split_feature=3 5 7 7 3 5 7 5 4 3 2 4 5 3 6 6 7 5 8 7 1 5 2 6 8 4 2 3 2 5
split_gain=604.365 469.11 880.41 605.599 96.2356 102.7 71.8432 59.6162 112.23 72.0491 54.4549 37.5146 53.4633 31.3991 35.3549 22.8266 85.2275 334.622 20.2914 239.022 71.7593 16.8035 67.7366 14.0509 49.9302 10.8102 10.0568 14.2033 13.4667 46.0781
threshold=1406.5000000000002 197.50000000000003 3534.8834019049436 8925.898283367078 1439.5000000000002 78.500000000000014 6806.2185961002406 162.50000000000003 28.950000000000003 1711.5000000000002 309.85000000000008 43.95000000000001 220.50000000000003 1437.5000000000002 9.0499999999999847 8.5999999999999961 7448.6062259185246 202.50000000000003 10798.500000000002 8925.898283367078 302.25000000000006 204.50000000000003 309.65000000000003 9.6500000000000075 5130.6500000000005 48.150000000000013 310.05000000000007 1434.5000000000002 308.35000000000008 217.50000000000003
decision_type=2 2 2 2 2 2 2 2 2 2 2 2 2 2 2 2 2 2 2 2 2 2 2 2 2 2 2 2 2 2
left_child=11 2 -2 4 5 6 -4 -6 9 -9 -8 12 -1 14 -12 -13 17 -17 19 20 -18 22 23 -3 -25 -19 28 -28 -23 -30
right_child=1 21 3 -5 7 -7 10 8 -10 -11 13 15 -14 -15 -16 16 18 25 -20 -21 -22 26 -24 24 -26 -27 27 -29 29 -31
leaf_value=-0.05407101799384624 0.18671367960576485 0.19273776956173128 -0.052867142715011466 0.19191956597853979 -0.05148563987573547 -0.052564597679079263 -0.05381942722389358 0.19481111899789638 -0.051770595795810649 -0.05163962064148514 0.19013708009798813 0.18671004971858082 0.18233851199181464 0.26312541608122597 -0.051923044801418183 -0.051661843026531262 -0.05252242891002365 0.20794331920688044 0.18810712081164327 0.18732799929428487 0.14408719046102964 0.18171589613578679 -0.052697399770887325 0.20453780642990088 -0.055314282889839299 0.16540361818995941 0.11696532666926435 0.1872336493927601 0.057595527443852525 0.1747850862168556
leaf_weight=4.1880530435591918 125.42334792017937 16.202128171920783 4.8015951775014427 42.857399940490723 115.49870242550969 13.761717364192007 2.4845440946519401 10.819638028740881 21.210821010172367 4.0853251181542865 5.4603607337921867 545.14175534248352 5.5748290121555328 8.5728966295719147 2.0843054112046957 20.161479940637946 14.602971080690624 25.523241400718689 309.45050939917564 168.63672828674316 6.8030410613864651 39.31601532548666 4.1499891784042111 5.1884847506880742 2.8718714844435453 35.997216187417507 7.6238893941044799 126.7520583383739 11.832198716700075 28.815818361938
leaf_count=109 29 23 142 10 4169 430 65 27 725 142 16 134 3 5 66 697 455 16 76 37 61 46 120 5 45 36 22 161 95 33
internal_value=0.157078 0.116475 0.0800156 0.0222424 -0.0162782 0.055826 0.119561 -0.0339532 0.0221157 0.127261 0.164069 0.178515 0.0809242 0.197656 0.123265 0.179361 0.172467 0.125118 0.18021 0.16735 0.00996204 0.170103 0.133971 0.1659 0.111954 0.183052 0.174892 0.183247 0.160852 0.140672
internal_weight=1735.89 599.813 357.061 231.637 188.78 37.1654 23.4037 151.614 36.1158 14.905 18.6021 1136.08 9.76288 16.1176 7.54467 1126.32 581.175 81.6819 499.493 190.043 21.406 242.752 28.4125 24.2625 8.06036 61.5205 214.34 134.376 79.964 40.648
internal_count=8000 6376 5826 5797 5787 724 294 5063 894 169 152 1624 112 87 82 1512 1378 749 629 553 516 550 193 73 50 52 357 183 174 128
is_linear=0
shrinkage=0.05


Tree=5
num_leaves=31
num_cat=0
split_feature=3 5 7 7 3 5 5 4 7 3 2 4 5 3 3 8 4 6 7 5 5 5 1 7 3 7 3 6 6 0
split_gain=447.853 337.822 692.862 498.669 87.1258 86.1201 56.7313 95.7649 56.2817 54.9595 40.7302 27.4119 43.6098 18.8294 17.1495 60.0304 144.171 14.3129 63.7766 182.609 12.6362 17.4138 45.4762 11.6658 16.5507 35.9839 47.7862 26.0454 70.643 22.2304
threshold=1406.5000000000002 197.50000000000003 3534.8834019049436 8925.898283367078 1439.5000000000002 78.500000000000014 162.50000000000003 28.950000000000003 6806.2185961002406 1711.5000000000002 309.85000000000008 43.95000000000001 220.50000000000003 1437.5000000000002 1380.5000000000002 8828.6500000000015 61.250000000000007 8.5999999999999961 7448.6062259185246 206.50000000000003 224.50000000000003 218.50000000000003 297.45000000000005 3534.8834019049436 1530.5000000000002 5469.7170134223152 1542.5000000000002 11.049999999999985 9.0499999999999847 1.5000000000000002
decision_type=2 2 2 2 2 2 2 2 2 2 2 2 2 2 2 2 2 2 2 2 2 2 2 2 2 2 2 2 2 2
left_child=11 2 -2 4 5 8 -6 9 -4 -8 -10 12 -1 -12 17 16 -16 -13 19 -19 21 23 -23 -3 29 27 -27 28 -26 -25
right_child=1 20 3 -5 6 -7 7 -9 10 -11 13 14 -14 -15 15 -17 -18 18 -20 -21 -22 22 -24 24 25 26 -28 -29 -30 -31
leaf_value=-0.053880302149214347 0.16320750061064204 0.18368603470338501 -0.052729949867117668 0.16692114215129816 -0.051411326117538771 -0.052442350513648685 0.16434848692431817 -0.051683844340354924 -0.053641474209998798 -0.051557904222895704 0.10968355111956124 0.16455704605881502 0.15883344347093664 0.21239698048207731 -0.054082956592111688 0.16016796727858812 0.17016354572971654 -0.053082965174549281 0.15882026993818932 0.15875191527031127 0.16302228200837676 0.16215033057299333 -0.056700397748970122 0.16524834527874899 0.15751464182497071 0.13678093211147177 -0.055428915030636433 0.16834346155574145 -0.059145046527486193 0.10134270194561484
leaf_weight=3.997544636949895 136.00583583116531 16.508141040802002 4.5790024492889669 46.699983358383179 110.02056805789471 13.120295636355875 12.144682798534634 20.209369016811252 2.3710139915347126 3.892085187137126 8.0284696277230978 575.79771137237549 6.0655837655067444 10.043991222977638 12.224681165069343 84.663731783628464 17.32591724395752 14.094512637704609 477.36296142451465 36.568814262747765 89.694459915161133 6.0046922303736192 3.9255042597651482 71.751991016790271 12.379647403955461 6.7989519592374545 6.1664614342153072 29.361519806087017 5.4048992134630671 16.793498322367668
leaf_count=109 29 3 142 10 4169 430 27 725 65 142 82 98 3 5 356 82 4 460 489 23 54 5 46 114 21 18 103 29 68 89
internal_value=0.138918 0.104715 0.0736665 0.0209724 -0.0159878 0.0513127 -0.0335381 0.0207138 0.105716 0.111949 0.141205 0.156517 0.0743336 0.166768 0.157196 0.138752 0.0773958 0.159105 0.153159 0.0998196 0.147761 0.139944 0.0756365 0.14381 0.139382 0.119133 0.0453643 0.13942 0.0916696 0.153128
internal_weight=1860.01 631.905 367.115 231.109 184.409 38.1428 146.267 36.2461 25.0225 16.0368 20.4435 1228.1 10.0631 18.0725 1218.04 114.214 29.5506 1103.82 528.026 50.6633 264.79 175.095 9.9302 165.165 148.657 60.1115 12.9654 47.1461 17.7845 88.5455
internal_count=8000 6376 5826 5797 5787 724 5063 894 294 169 152 1624 112 87 1512 442 360 1070 972 483 550 496 51 445 442 239 121 118 89 203
is_linear=0
shrinkage=0.05


Tree=6
num_leaves=31
num_cat=0
split_feature=3 5 7 4 5 3 3 5 8 8 8 2 8 8 3 2 6 7 6 8 7 2 8 7 4 7 5 3 2 6
split_gain=347.215 291.254 461.566 470.558 159.295 53.6314 76.0359 53.9945 84.0834 53.3735 49.8627 41.7211 39.4105 18.8174 48.9302 13.4484 11.8517 54.9871 137.858 15.0647 161.251 51.5965 11.5672 16.6566 71.013 16.9359 10.2937 45.5663 6.73727 17.4289
threshold=1386.5000000000002 204.50000000000003 3534.8834019049436 57.850000000000001 197.50000000000003 1439.5000000000002 1437.5000000000002 162.50000000000003 5190.6000000000013 7647.3000000000011 973.80000000000007 309.65000000000003 940.4000000000002 7534.5500000000002 1866.5000000000002 309.55000000000007 8.5999999999999961 7246.7955498396723 10.950000000000019 10798.500000000002 8925.898283367078 311.75000000000006 10798.500000000002 6298.2492439535499 45.250000000000007 6930.2696180149887 206.50000000000003 1384.5000000000002 310.55000000000007 10.099999999999996
decision_type=2 2 2 2 2 2 2 2 2 2 2 2 2 2 2 2 2 2 2 2 2 2 2 2 2 2 2 2 2 2
left_child=16 2 -2 4 5 6 10 -7 11 13 12 15 -4 14 -6 -9 -1 18 -18 20 21 -19 23 28 -25 -26 27 -20 29 -3
right_child=1 22 3 -5 9 7 -8 8 -10 -11 -12 -13 -14 -15 -16 -17 17 19 26 -21 -22 -23 -24 24 25 -27 -28 -29 -30 -31
leaf_value=0.14651941248841699 0.14595395225937294 0.14171537917922747 -0.051626284052958986 0.14415482975198521 -0.053999041737912826 -0.051320763869883414 0.1221437511155213 0.10152971324082341 -0.05167970696308638 -0.055650728422275565 -0.051527023941599095 -0.053046930072303412 0.16106677630073724 0.17715336339410434 0.14185985642166421 0.20448750476261274 -0.056284946300710709 -0.052225863903045844 -0.053240894847679521 0.14728760184597819 0.14629039055576681 0.10413475588605213 0.15090890821489772 -0.056742492010392775 0.16258043710249315 0.092785338819927649 0.15409117057108079 0.1789209186140634 0.14674799248396142 0.092413569601681025
leaf_weight=618.70218814909458 144.24362179636955 58.935137141495943 3.4163550287485105 76.340259946882725 4.216804374009377 104.454673781991 14.847235940396784 8.2523123323917407 19.334103312343359 4.658980004489421 24.291972041130066 3.4870051424950352 6.0081653296947479 11.265152929350732 13.080632569268344 5.1517296582460395 12.666315419599412 14.456578122451903 3.3877635952085239 349.86649848520756 175.26869684457779 8.308082349598406 92.675014600157738 6.0706735346466294 17.845867037773132 16.943780723959208 24.546233899891376 5.6189705617725849 83.26685881242156 25.762005001306534
leaf_count=108 29 69 120 32 91 4166 39 62 726 88 904 102 5 8 17 4 356 446 116 75 33 73 23 85 8 41 9 6 83 76
internal_value=0.125176 0.0982988 0.0725014 0.0370433 0.000287296 -0.0174399 0.0278633 -0.0330789 0.0195213 0.101268 -0.0136536 0.101021 0.0839663 0.126864 0.094113 0.141101 0.141676 0.136632 0.0842596 0.14105 0.13003 0.00483877 0.136208 0.129684 0.101053 0.128588 0.137315 0.0915963 0.136648 0.126719
internal_weight=1957.37 744.548 443.049 298.805 222.465 189.244 48.5637 140.68 36.2252 33.2216 33.7165 16.891 9.42452 28.5626 17.2974 13.404 1212.82 594.119 46.2193 547.9 198.033 22.7647 301.499 208.824 40.8603 34.7896 33.553 9.00673 167.964 84.6971
internal_count=8000 6778 6393 6364 6332 6128 1068 5060 894 204 1029 168 125 116 108 66 1222 1114 487 627 552 519 385 362 134 49 131 122 228 145
is_linear=0
shrinkage=0.05


Tree=7
num_leaves=31
num_cat=0
split_feature=3 5 7 4 5 3 5 5 8 3 2 7 3 8 7 4 6 7 6 7 6 8 7 1 6 5 3 3 3 3
split_gain=281.873 225.002 381.654 398.551 139.734 49.816 66.8465 51.5081 73.6944 49.8444 45.0948 37.9326 35.7124 10.3795 12.4722 17.7918 45.2305 13.0579 9.71168 44.3751 116.844 11.5427 133.015 45.8923 9.00473 8.10819 37.2226 7.50713 25.4121 5.94542
threshold=1386.5000000000002 204.50000000000003 3534.8834019049436 57.850000000000001 197.50000000000003 1439.5000000000002 78.500000000000014 162.50000000000003 5190.6000000000013 1418.5000000000002 309.65000000000003 6806.2185961002406 1711.5000000000002 10798.500000000002 6298.2492439535499 45.850000000000001 8.1500000000000075 6837.4669710279468 8.5999999999999961 7246.7955498396723 10.950000000000019 10798.500000000002 8925.898283367078 302.25000000000006 9.6500000000000075 206.50000000000003 1384.5000000000002 1437.5000000000002 1420.5000000000002 1445.5000000000002
decision_type=2 2 2 2 2 2 2 2 2 2 2 2 2 2 2 2 2 2 2 2 2 2 2 2 2 2 2 2 2 2
left_child=18 2 -2 4 5 6 9 -7 12 -4 24 -11 -9 14 29 16 -16 -17 -1 20 -20 22 23 -21 -6 26 -22 28 -13 -3
right_child=1 13 3 -5 10 7 -8 8 -10 11 -12 27 -14 -15 15 17 -18 -19 19 21 25 -23 -24 -25 -26 -27 -28 -29 -30 -31
leaf_value=0.13329705689878585 0.13272732072303042 0.082717817501106475 -0.051851998096195978 0.13062797950019947 0.13417631995847842 -0.051254693317165638 -0.052136345519717464 0.12650156588056805 -0.0515992567830382 -0.053395938158140456 -0.053590098504761596 0.14269430943948239 -0.051535978516698069 0.13641174731451508 0.13300410014766054 0.15309306795653976 -0.05636343627641275 0.085781952919762733 -0.056027326126175697 -0.052076096204685653 -0.053103581378640831 0.13371236687565055 0.1330511468284134 0.094131677094873356 0.075663811144000948 0.13842766422114103 0.15697057302267969 0.15228504463226947 -0.051630783168912564 0.12471124400284805
leaf_weight=645.31571486592293 150.50938591361046 8.8719976097345334 6.6048330906778601 79.93157747387886 20.080500915646557 99.485209990292788 17.429466618224978 14.212252825498583 18.419119112193584 3.3549578506499556 4.5730699207633725 6.4306483436375856 3.5128652192652217 97.26740288734436 6.6147588454186899 12.264120906591417 6.0257468894124031 17.466548927128315 12.1025771535933 13.863764740526678 3.2306632753461582 365.66939167678356 182.85817584395409 8.7573046833276731 9.7765492089092714 25.918480888009071 6.0713978502899408 12.538819745182991 2.2784576509147882 168.68396715447307
leaf_count=108 29 18 234 32 25 4166 633 35 726 102 126 12 133 23 4 3 88 39 356 453 116 75 33 66 53 9 6 10 77 210
internal_value=0.114498 0.0905724 0.0678043 0.0350829 0.000162112 -0.017114 0.0262994 -0.0326822 0.0184378 0.0701057 0.092622 0.102846 0.0912171 0.122811 0.116796 0.0924219 0.0427323 0.113548 0.129006 0.124529 0.0780006 0.128384 0.118902 0.00452538 0.115017 0.124056 0.0840105 0.127516 0.0918554 0.122613
internal_weight=2030.12 766.332 449.138 298.628 218.697 184.267 48.6372 135.629 36.1442 31.2077 34.4301 24.6029 17.7251 317.195 219.927 42.3712 12.6405 29.7307 1263.79 618.472 47.3231 571.149 205.479 22.6211 29.8571 35.2205 9.30206 21.2479 8.70911 177.556
internal_count=8000 6778 6393 6364 6332 6128 1068 5060 894 435 204 201 168 385 362 134 92 42 1222 1114 487 627 552 519 78 131 122 99 89 228
is_linear=0
shrinkage=0.05


Tree=8
num_leaves=31
num_cat=0
split_feature=3 5 7 4 5 3 5 4 8 3 8 7 8 4 4 3 8 4 7 2 7 4 6 7 5 5 6 7 6 8
split_gain=236.019 177.692 322.052 342.758 123.175 46.3576 60.0192 49.3271 80.7249 42.9767 41.4074 31.8031 15.4878 30.8948 12.0858 38.2233 9.69676 10.6813 16.7195 61.942 10.8932 14.262 39.5802 10.5217 8.35394 11.935 8.20485 36.7282 100.789 9.16787
threshold=1386.5000000000002 204.50000000000003 3534.8834019049436 57.850000000000001 197.50000000000003 1439.5000000000002 78.500000000000014 28.950000000000003 4437.3000000000011 1418.5000000000002 7647.3000000000011 6806.2185961002406 4461.2000000000007 28.750000000000004 37.45000000000001 1866.5000000000002 10798.500000000002 31.050000000000004 5854.7191931197422 311.75000000000006 6298.2492439535499 45.850000000000001 8.1500000000000075 6837.4669710279468 212.50000000000003 205.50000000000003 8.5999999999999961 7246.7955498396723 10.950000000000019 10798.500000000002
decision_type=2 2 2 2 2 2 2 2 2 2 2 2 2 2 2 2 2 2 2 2 2 2 2 2 2 2 2 2 2 2
left_child=26 2 -2 4 5 6 9 8 -7 -4 14 -11 -10 -14 15 -6 17 24 19 -19 -20 22 -22 -23 25 -3 -1 28 -28 -29
right_child=1 16 3 -5 10 7 -8 -9 12 11 -12 -13 13 -15 -16 -17 -18 18 20 -21 21 23 -24 -25 -26 -27 27 29 -30 -31
leaf_value=0.1228366381474124 0.12225587902334743 0.12595679278657099 -0.051761215891977456 0.11988991715895043 -0.054149258179642015 -0.051217543893897204 -0.052034896598899705 -0.05125789756675541 0.16384663677007894 -0.053234060377625292 -0.055798870368534072 0.11531295556261936 -0.054858413122213581 0.12489684674580377 0.14334249211566066 0.11862415318866285 0.12504216482660188 -0.062204555388528031 0.11701393204230753 0.11777496476514758 0.12168539614712377 0.13809921537676886 -0.056061734341372196 0.078942536591744231 0.12865567464400771 0.055687656480734385 -0.055777979155899576 0.10997601368672344 0.11362922535088577 0.12299291289841725
leaf_weight=664.70705124735832 155.10097306966782 13.519514285027983 6.2934526503086117 82.659411951899529 4.1282227300107541 19.55312261544168 16.610929969698191 94.641235448420048 5.9083991311490562 3.2007942460477379 4.5510698817670336 22.282832903787494 3.6529017314314824 6.91594441793859 12.638388713821767 14.255889773368834 100.70874497294426 7.2216703146696117 72.060875810682774 14.142608165740965 6.8615909740328771 12.897868379950525 5.7619348783046007 18.015745155513287 67.602301970124245 10.926470018923281 11.562494920566676 210.8555968310684 36.482260042801499 377.33282755315304
leaf_count=108 29 5 234 32 91 851 633 4110 4 102 88 99 84 11 8 17 23 61 78 9 4 3 88 39 38 37 356 552 131 75
internal_value=0.105902 0.0841958 0.0638496 0.0333784 6.11015e-05 -0.0168218 0.0249856 -0.0323032 0.0174851 0.0652468 0.0850414 0.0941431 0.0990128 0.0627682 0.105703 0.0798272 0.112112 0.106426 0.0975734 0.0569373 0.105084 0.0853369 0.0405538 0.103624 0.119598 0.094549 0.118952 0.114893 0.0728595 0.118327
internal_weight=2083.05 782.113 452.394 297.293 214.633 179.06 48.388 130.672 36.0304 31.7771 35.5736 25.4836 16.4772 10.5688 31.0225 18.3841 329.719 229.011 136.962 21.3643 115.598 43.5371 12.6235 30.9136 92.0483 24.446 1300.94 636.233 48.0448 588.188
internal_count=8000 6778 6393 6364 6332 6128 1068 5060 950 435 204 201 99 95 116 108 385 362 282 70 212 134 92 42 80 42 1222 1114 487 627
is_linear=0
shrinkage=0.05


Tree=9
num_leaves=31
num_cat=0
split_feature=3 5 7 4 5 3 5 4 8 3 8 2 8 4 4 3 8 4 7 2 7 4 6 7 6 7 6 8 7 2
split_gain=199.3 143.523 276.028 298.303 109.979 43.2521 53.9798 47.0549 72.0065 37.1915 35.9109 29.346 12.0413 26.75 9.75104 32.915 9.0747 8.72493 13.559 54.4031 8.57854 11.6078 35.013 8.83843 7.83585 31.4653 87.2323 8.71077 117.176 37.8401
threshold=1386.5000000000002 204.50000000000003 3534.8834019049436 57.850000000000001 197.50000000000003 1439.5000000000002 78.500000000000014 28.950000000000003 4437.3000000000011 1418.5000000000002 7647.3000000000011 309.85000000000008 4461.2000000000007 28.750000000000004 37.45000000000001 1866.5000000000002 10798.500000000002 31.050000000000004 5854.7191931197422 311.75000000000006 6298.2492439535499 45.850000000000001 8.1500000000000075 6837.4669710279468 8.5999999999999961 7246.7955498396723 10.950000000000019 10798.500000000002 8925.898283367078 311.75000000000006
decision_type=2 2 2 2 2 2 2 2 2 2 2 2 2 2 2 2 2 2 2 2 2 2 2 2 2 2 2 2 2 2
left_child=24 2 -2 4 5 6 9 8 -7 -4 14 -11 -10 -14 15 -6 17 -3 19 -19 -20 22 -22 -23 -1 26 -26 28 29 -27
right_child=1 16 3 -5 10 7 -8 -9 12 11 -12 -13 13 -15 -16 -17 -18 18 20 -21 21 23 -24 -25 25 27 -28 -29 -30 -31
leaf_value=0.11435342625982742 0.11375688886229618 0.10979071322997128 -0.051674924147695769 0.11114233384090172 -0.053946124834628011 -0.05115682347038894 -0.051938181004548029 -0.051195691379972187 0.1462130199305855 -0.054929382892103577 -0.055517721663362843 0.10597309023765251 -0.054620311944427791 0.11412513956626924 0.13059649257086434 0.10869106685453159 0.11587872071269621 -0.061533671144459158 0.10713102691794625 0.10854980133839574 0.11249153644798578 0.12638896489852544 -0.055774488059854535 0.07302943243674101 -0.055536847133521972 -0.052285691638512488 0.10421598210964077 0.11430945148423999 0.11490239685492139 0.074699996107420702
leaf_weight=677.94060082733631 158.26459720730782 95.167522512376308 5.9962619431316844 84.650914192199707 3.9413000922650161 18.621025724336505 15.829486815258859 90.132159112021327 6.2793072685599354 3.2290215380489853 4.35048072785139 23.150097921490669 3.4895120784640294 7.1828063279390335 13.163434933871029 14.76652482524514 103.16939710080624 6.9424589313566711 74.699553031474352 14.565474912524222 7.0460856929421407 13.374764993786814 5.5084362756460905 18.487823095172644 11.045136339962481 14.63241250254214 37.753316173329949 385.46633526682854 191.8823451846838 9.7927440889179689
leaf_count=108 29 80 234 32 91 851 633 4110 4 89 88 112 84 11 8 17 23 61 78 9 4 3 88 39 356 446 131 75 33 73
internal_value=0.0987563 0.0789035 0.0604929 0.0318962 -2.79086e-05 -0.0165362 0.0237301 -0.0319774 0.0167169 0.0607271 0.0792326 0.0862773 0.0912748 0.0589507 0.0976262 0.0744272 0.103511 0.0980992 0.0901869 0.0536492 0.0967842 0.0793832 0.0386629 0.0954278 0.110592 0.106672 0.0680572 0.109803 0.101773 -0.0013735
internal_weight=2120.52 792.008 453.047 294.782 210.131 173.91 48.2049 125.705 35.5727 32.3754 36.2217 26.3791 16.9516 10.6723 31.8713 18.7078 338.962 235.792 140.625 21.5079 119.117 44.4171 12.5545 31.8626 1328.51 650.572 48.7985 601.774 216.308 24.4252
internal_count=8000 6778 6393 6364 6332 6128 1068 5060 950 435 204 201 99 95 116 108 385 362 282 70 212 134 92 42 1222 1114 487 627 552 519
is_linear=0
shrinkage=0.05


Tree=10
num_leaves=31
num_cat=0
split_feature=3 5 7 4 5 3 5 4 8 3 8 7 8 4 8 8 3 4 7 2 6 7 6 5 3 8 7 1 7 6
split_gain=173.146 117.458 239.723 262.146 98.825 40.4142 48.7777 44.9032 64.768 32.4791 31.5002 25.2135 9.67056 23.4196 8.69396 8.17155 28.7495 7.20961 11.1463 48.2162 7.0544 27.9658 76.2512 7.79657 29.6686 7.34665 102.231 34.5238 6.88454 10.706
threshold=1386.5000000000002 204.50000000000003 3534.8834019049436 57.850000000000001 197.50000000000003 1439.5000000000002 78.500000000000014 28.950000000000003 4437.3000000000011 1418.5000000000002 7647.3000000000011 6806.2185961002406 4461.2000000000007 28.750000000000004 10798.500000000002 7534.5500000000002 1866.5000000000002 31.050000000000004 5854.7191931197422 311.75000000000006 8.5999999999999961 7246.7955498396723 10.950000000000019 206.50000000000003 1384.5000000000002 10798.500000000002 8925.898283367078 302.25000000000006 6298.2492439535499 8.1500000000000075
decision_type=2 2 2 2 2 2 2 2 2 2 2 2 2 2 2 2 2 2 2 2 2 2 2 2 2 2 2 2 2 2
left_child=20 2 -2 4 5 6 9 8 -7 -4 15 -11 -10 -14 17 16 -6 -3 19 -19 -1 22 -22 24 -24 26 27 -23 -20 -30
right_child=1 14 3 -5 10 7 -8 -9 12 11 -12 -13 13 -15 -16 -17 -18 18 28 -21 21 25 23 -25 -26 -27 -28 -29 29 -31
leaf_value=0.1073365690754518 0.10672059303008018 0.10155963412714859 -0.051592897320344083 0.10386648284046938 -0.053751361765212571 -0.051099192420988183 -0.051845982614551325 -0.051136612418318274 0.13269642993407463 -0.053223717732249091 -0.055250188684074553 0.097068806867516969 -0.054393957624499036 0.10525265510542148 0.10833213687624554 0.12058121009376997 0.10044465007267543 -0.060903701732544661 0.098910996203147375 0.10086973259112504 -0.055303848256663901 -0.052116735043614276 -0.053544273054760665 0.1100312170864771 0.12162174486669818 0.10713086315256114 0.10773263954203141 0.069126098617100604 0.11038601064066973 0.057832616136872086
leaf_weight=685.91473019123077 160.20811319351196 97.666913367807865 5.7126603703945866 86.013079032301903 3.7752492204308536 17.732339629903436 15.083575135096906 85.832910997793078 6.5648881569504764 3.1581498272717026 4.1578375566750756 23.978790834546089 3.3327906187623721 7.3930271919816732 104.79219436645508 13.538760751485823 15.168719008564947 6.6704454384744194 76.803696285933256 14.881900385022162 10.54960811883211 14.033017184585335 3.7393346279859525 28.20702713727951 6.8375624269247055 390.58344849944115 194.34854975342751 10.095434879884122 14.109914913773535 30.943160824477673
leaf_count=108 29 80 234 32 91 851 633 4110 4 102 88 99 84 11 23 8 17 61 78 9 356 453 116 9 6 75 33 66 6 128
internal_value=0.0928382 0.0743811 0.0575894 0.0305816 -0.000102633 -0.0162604 0.0225887 -0.0316685 0.0160432 0.0567669 0.0743299 0.079578 0.0849005 0.0556463 0.0963085 0.0909164 0.0697157 0.091082 0.0839463 0.0508009 0.103788 0.100091 0.0638834 0.0963036 0.0596939 0.103024 0.0956814 -0.00138828 0.0898086 0.0742915
internal_weight=2141.83 797.519 451.651 291.443 205.43 168.789 47.9332 120.856 35.023 32.8496 36.6406 27.1369 17.2907 10.7258 345.868 32.4827 18.944 241.076 143.409 21.5523 1344.31 658.394 49.3335 38.7839 10.5769 609.06 218.477 24.1285 121.857 45.0531
internal_count=8000 6778 6393 6364 6332 6128 1068 5060 950 435 204 201 99 95 385 116 108 362 282 70 1222 1114 487 131 122 627 552 519 212 134
is_linear=0
shrinkage=0.05


Tree=11
num_leaves=31
num_cat=0
split_feature=3 5 7 4 5 3 5 4 8 2 2 2 8 8 4 3 2 3 7 5 7 7 1 3 2 3 4 6 7 6
split_gain=153.541 96.7124 210.472 232.207 89.2677 37.8162 44.2847 42.8593 58.6417 29.5023 30.0178 28.3939 8.58727 7.9681 20.6849 7.82318 21.488 7.00339 11.2868 9.57662 28.3532 14.6352 39.8236 14.1606 52.3323 7.2683 11.4321 6.34446 24.3966 67.9486
threshold=1386.5000000000002 204.50000000000003 3534.8834019049436 57.850000000000001 197.50000000000003 1439.5000000000002 78.500000000000014 28.950000000000003 4437.3000000000011 309.85000000000008 310.95000000000005 309.65000000000003 10798.500000000002 4461.2000000000007 28.750000000000004 1437.5000000000002 310.85000000000008 2268.5000000000005 4102.9618934903183 224.50000000000003 4653.7406815299246 6837.4669710279468 297.35000000000008 1530.5000000000002 310.65000000000003 1507.5000000000002 40.45000000000001 8.5999999999999961 7246.7955498396723 10.950000000000019
decision_type=2 2 2 2 2 2 2 2 2 2 2 2 2 2 2 2 2 2 2 2 2 2 2 2 2 2 2 2 2 2
left_child=27 2 -2 4 5 6 9 8 -7 -4 15 -6 17 -10 -15 16 -11 18 -3 20 -20 23 -23 25 -25 26 -22 -1 29 -29
right_child=1 12 3 -5 11 7 -8 -9 13 10 -12 -13 -14 14 -16 -17 -18 -19 19 -21 21 22 -24 24 -26 -27 -28 28 -30 -31
leaf_value=0.10143849390723536 0.10080008090835989 -0.080642435686702527 -0.053564881607831086 0.097709874176716616 0.085634816836860694 -0.051044494831929792 -0.051758094780630239 -0.051080504127474946 0.12198457283419875 -0.051725478214788158 -0.055026462632950274 -0.054043702197323157 0.10200704699842211 -0.054178761315169244 0.097786783824041407 0.11937524925787697 0.10869104136947179 0.10853012149618553 -0.073584817157057988 0.097201276674016235 0.040611817308473672 0.10697758511818806 -0.067062952595865893 -0.059278591149465577 0.086879895721350242 0.11617188713539205 0.096252891111201569 -0.055078880017150014 0.097307163449747325 0.090509939887459964
leaf_weight=689.39749258756638 161.10922080278397 1.0623643174767483 5.4052400086075059 86.837185516953468 32.771134303882718 16.885142827406526 14.371689261868594 81.734212275594473 6.7782863937318352 2.9595243465155399 3.8728567417711011 4.092750370502471 105.6987409889698 3.1825225967913848 7.5550961717963219 13.861826717853546 7.0852535776793957 27.929079562425613 3.1359406411647788 74.812291741371155 11.554578043520449 7.2927028052508813 5.9837363511323929 7.5604015663266173 32.243686694651842 27.895438078790903 45.916734173893929 10.075052741914986 612.46681147068739 39.181663479655981
leaf_count=108 29 5 193 32 78 851 633 4110 4 107 117 126 23 84 11 7 11 6 17 47 32 5 51 79 42 17 61 356 627 131
internal_value=0.0878045 0.0704383 0.0550531 0.0294078 -0.000165829 -0.0159961 0.0215594 -0.0313747 0.0154448 0.0533119 0.0741076 0.0701272 0.0900924 0.0795397 0.0527457 0.0950273 0.061427 0.0849602 0.081933 0.0827312 0.0750852 0.0784527 0.0285369 0.0837471 0.0591185 0.0952307 0.0850663 0.0980817 0.0945845 0.060731
internal_weight=2150.71 799.588 448.502 287.393 200.556 163.692 47.5564 116.135 34.401 33.1847 27.7795 36.8639 351.086 17.5159 10.7376 23.9066 10.0448 245.387 217.458 216.396 141.583 138.447 13.2764 125.171 39.8041 85.3668 57.4713 1351.12 661.724 49.2567
internal_count=8000 6778 6393 6364 6332 6128 1068 5060 950 435 242 204 385 99 95 125 118 362 356 351 304 287 56 231 121 110 93 1222 1114 487
is_linear=0
shrinkage=0.05


Tree=12
num_leaves=31
num_cat=0
split_feature=3 7 5 7 3 5 3 5 3 2 8 4 5 3 4 1 1 6 6 7 5 5 6 3 6 5 3 1 3 8
split_gain=135.803 83.8372 211.07 249.081 30.8937 49.6853 44.27 41.044 30.3178 21.1284 17.7843 14.7591 14.4237 36.79 11.6935 34.795 16.1174 26.687 6.41917 22.0369 84.1898 6.32604 11.5857 26.7579 42.7549 14.2106 30.7117 4.83432 19.7378 4.66565
threshold=1386.5000000000002 3534.8834019049436 189.50000000000003 8925.898283367078 1439.5000000000002 162.50000000000003 1683.5000000000002 78.500000000000014 1418.5000000000002 309.85000000000008 10798.500000000002 27.150000000000002 199.50000000000003 1418.5000000000002 46.850000000000001 297.35000000000008 297.75000000000006 10.950000000000019 8.5999999999999961 7448.6062259185246 202.50000000000003 224.50000000000003 11.049999999999985 1542.5000000000002 8.9500000000000188 211.50000000000003 1406.5000000000002 300.65000000000003 1420.5000000000002 10798.500000000002
decision_type=2 2 2 2 2 2 2 2 2 2 2 2 2 2 2 2 2 2 2 2 2 2 2 2 2 2 2 2 2 2
left_child=18 -2 3 4 7 -6 -7 8 -3 -10 12 -8 13 -4 16 -16 17 -14 -1 20 -20 22 23 25 -25 -18 -27 -11 -29 -21
right_child=1 2 10 -5 5 6 11 -9 9 27 -12 -13 14 -15 15 -17 21 -19 19 29 -22 -23 -24 24 -26 26 -28 28 -30 -31
leaf_value=0.09641408597952969 0.096851765598253106 -0.053446659502094124 0.10356420884560212 0.097979257630771477 -0.05106957565762163 -0.051859675465366364 -0.051774572254744945 -0.053109965925700942 -0.054846183289981781 0.10301709813276023 0.096487960874642564 0.091217317594550471 0.08122621252725698 -0.054039411902318805 0.099639513231276802 -0.067387835186569184 0.090209302447929879 -0.063957338576512909 -0.051465775909979111 0.086946736840524008 0.088445748264582194 0.093697493451679825 0.097355471880099312 0.069420984393348636 -0.062497384800760281 0.099461811787337345 -0.05981878703068965 0.10192998904737603 -0.054661829085710281 0.096159594862180883
leaf_weight=689.05131158232689 181.8967000246048 6.0816379711031905 7.4664039835333806 70.189107835292816 78.448855482041836 11.298428351059558 2.0390383824706104 14.365477891638873 3.031903691589835 14.880866484716536 120.26705569028854 15.694624613970516 8.2074581906199437 7.3460085280239582 7.4347352609038335 5.3702589273452759 69.716804293915629 5.1521730888634911 13.046312686055897 217.96109904907644 61.142570197582245 74.520964846014977 44.859102370217443 17.952663540840152 9.3362693637609464 7.1580868139862996 5.2430290095508099 7.1779689751565439 2.7962676361203194 371.91853141784668
leaf_count=108 32 239 28 13 4169 519 88 604 89 36 27 63 17 292 6 47 87 48 553 451 41 40 54 39 108 3 54 8 68 69
internal_value=0.0833858 0.0670257 0.058219 0.0197711 -0.0154589 -0.0303889 0.0254931 0.0177412 0.0477044 0.0697635 0.0804977 0.0747759 0.0733688 0.0254029 0.0761556 0.0295903 0.078618 0.0252358 0.0930333 0.0895253 0.0638419 0.0817352 0.0759565 0.0671825 0.0242882 0.0814369 0.0321201 0.0849638 0.0580296 0.0927554
internal_weight=2151.05 797.932 616.035 226.004 155.815 107.481 29.0321 48.3341 33.9686 27.887 390.031 17.7337 269.764 14.8124 254.952 12.805 242.147 13.3596 1353.12 664.069 74.1889 228.787 154.266 109.407 27.2889 82.1179 12.4011 24.8551 9.97424 589.88
internal_count=8000 6778 6746 5896 5883 4839 670 1044 440 201 850 151 823 320 503 53 450 65 1222 1114 594 385 345 291 147 144 57 112 76 520
is_linear=0
shrinkage=0.05


Tree=13
num_leaves=31
num_cat=0
split_feature=3 7 5 7 3 5 3 5 3 2 8 4 4 1 1 8 2 2 5 6 6 3 6 5 5 6 7 6 8 7
split_gain=121.293 75.3652 184.021 225.315 28.9709 47.2291 40.0793 37.822 27.3541 18.7976 16.816 12.9724 12.5776 32.4601 16.3622 25.8046 9.13735 33.9796 8.67505 10.3727 37.547 25.6784 35.1737 7.63955 7.13993 6.42151 19.9086 56.9408 7.16111 98.0756
threshold=1386.5000000000002 3534.8834019049436 189.50000000000003 8925.898283367078 1439.5000000000002 162.50000000000003 1683.5000000000002 78.500000000000014 1418.5000000000002 309.85000000000008 10798.500000000002 27.150000000000002 46.750000000000007 297.35000000000008 297.75000000000006 8988.6000000000022 311.85000000000008 313.65000000000003 224.50000000000003 11.049999999999985 10.099999999999996 1542.5000000000002 8.9500000000000188 211.50000000000003 217.50000000000003 8.5999999999999961 7246.7955498396723 10.950000000000019 10798.500000000002 8925.898283367078
decision_type=2 2 2 2 2 2 2 2 2 2 2 2 2 2 2 2 2 2 2 2 2 2 2 2 2 2 2 2 2 2
left_child=25 -2 3 4 7 -6 -7 8 -3 -10 12 -8 14 -14 15 -4 18 -18 19 20 21 23 24 -16 -23 -1 27 -27 29 -28
right_child=1 2 10 -5 5 6 11 -9 9 -11 -12 -13 13 -15 16 -17 17 -19 -20 -21 -22 22 -24 -25 -26 26 28 -29 -30 -31
leaf_value=0.092085337651366769 0.092373658303476214 -0.053303886906623223 -0.059479229581817186 0.09329730065015035 -0.05101831751830313 -0.051774142807799531 -0.051689941289342158 -0.052979486653533664 -0.054627814736762127 0.079925254014554623 0.091852240995695 0.085150301426613617 0.09084913645820504 -0.064380018190713401 0.089272291683933899 0.077344844514473959 -0.068686320340570706 0.10326669376212619 0.0912305362327724 0.090524672125148142 -0.061587092901205821 0.038843343188388384 -0.061315146315161655 0.043832993091759302 0.10252157936129976 -0.055493542834190827 -0.0091923465809878487 0.080848833711025581 0.091700022056251884 0.092791639761073019
leaf_weight=685.45053747296333 181.19371673464775 5.8001378681510678 5.9672416355460873 70.028593733906746 74.695940881967545 10.764705289155247 1.9426888898015047 13.697672059759496 2.8952737338840988 25.086699403822422 120.02396233379841 15.964798897504805 7.6641588620841485 6.0076397843658924 68.978506045415998 8.1558038741350156 4.9039351884275657 6.9372954368591309 73.810375764966011 45.704746939241886 5.8029609546065322 10.973670518025761 7.9922915846109381 10.682596061378716 7.3507159352302542 9.4834582433104497 26.817768655717373 39.777863189578056 392.02280622720718 194.91106623411179
leaf_count=108 32 239 93 13 4169 519 88 604 89 112 27 63 9 79 126 14 70 1 34 82 96 50 125 40 4 356 519 131 75 33
internal_value=0.0795665 0.0640495 0.0556614 0.0191795 -0.0152284 -0.0300789 0.0244717 0.0171027 0.045519 0.0660031 0.0762724 0.0703052 0.0693704 0.0226386 0.0718539 0.0195342 0.074893 0.032054 0.0770862 0.070457 0.0622517 0.0690327 0.026212 0.0831789 0.0643875 0.0886919 0.0851836 0.0546011 0.0876382 0.0804568
internal_weight=2141.49 793.026 611.832 220.877 150.848 103.368 28.6722 47.4798 33.7821 27.982 390.956 17.9075 270.932 13.6718 257.26 14.123 243.137 11.8412 231.296 157.485 111.781 105.978 26.3167 79.6611 18.3244 1348.46 663.013 49.2613 613.752 221.729
internal_count=8000 6778 6746 5896 5883 4839 670 1044 440 201 850 151 823 88 735 107 628 71 557 523 441 345 179 166 54 1222 1114 487 627 552
is_linear=0
shrinkage=0.05


Tree=14
num_leaves=31
num_cat=0
split_feature=3 7 5 7 2 2 6 3 5 3 4 8 4 1 1 8 5 3 6 7 5 4 8 5 5 3 3 6 0 5
split_gain=110.718 64.1433 162.713 239.419 22.7712 39.2888 26.0122 23.7984 55.0218 25.6514 22.4018 17.4574 15.0579 31.966 14.7385 23.4894 8.29936 32.2158 6.96035 21.2772 68.6719 6.36027 11.4686 24.5183 5.58161 12.3652 10.2284 18.8521 44.0867 7.68638
threshold=1380.5000000000002 3534.8834019049436 189.50000000000003 8925.898283367078 309.15000000000003 310.95000000000005 8.9500000000000188 1439.5000000000002 162.50000000000003 1418.5000000000002 28.950000000000003 10798.500000000002 46.750000000000007 297.25000000000006 297.75000000000006 8988.6000000000022 199.50000000000003 1418.5000000000002 8.5999999999999961 7448.6062259185246 206.50000000000003 45.850000000000001 8685.8000000000011 220.50000000000003 224.50000000000003 1445.5000000000002 1530.5000000000002 11.049999999999985 1.5000000000000002 203.50000000000003
decision_type=2 2 2 2 2 2 2 2 2 2 2 2 2 2 2 2 2 2 2 2 2 2 2 2 2 2 2 2 2 2
left_child=18 -2 3 4 -3 6 -6 9 -9 -8 -10 12 14 -14 15 -4 17 -16 -1 20 -20 22 24 -24 25 -18 -27 28 -28 -30
right_child=1 2 11 -5 5 -7 7 8 10 -11 -12 -13 13 -15 16 -17 21 -19 19 -21 -22 -23 23 -25 -26 26 27 -29 29 -31
leaf_value=0.088948289178211612 0.088480050513496958 -0.051625422646826118 -0.059023016729067138 0.08929558010408295 -0.056930383523286748 -0.052323215398757776 -0.052738431964568622 -0.050969771538764246 0.090993228045204502 0.07814435408657848 -0.051577585454464336 0.087752844988917444 0.084679492455779326 -0.065302390094612334 0.10454020055079005 0.072957232578190465 -0.07140408176305596 -0.054157770637817307 -0.052891192874930375 0.084558961592526627 0.080912688368977012 0.095857608875762904 -0.061379237957976278 0.065133652815109591 0.087451434326386968 0.087134757470891055 -0.0642650528519952 0.082823829197489929 0.089295087487836586 0.035182350293151907
leaf_weight=670.03000831604004 179.74345830082893 35.156940899789333 5.7189794052392235 83.266604229807854 11.555715000256894 32.389326265081763 4.4054303038865354 23.465456280857325 14.929472278803589 24.917979445308447 3.3788212817162266 140.33917999267578 7.7801210749894363 6.5381612181663513 7.0503143575042468 8.2123873606324178 1.5520920269191254 5.8525301348417997 12.158566584810613 562.89894597232342 45.37680771946907 28.577184548601508 4.9551225993782309 16.861181387677789 58.893809735774994 53.844536483287811 8.8801079876720888 38.131541822105646 14.323142332956197 12.111504355445502
leaf_count=98 32 1869 93 15 506 1657 213 1376 38 150 174 32 10 84 7 14 9 236 493 489 26 15 61 30 23 53 91 39 20 47
internal_value=0.0762424 0.06203 0.0547504 0.0212914 -0.0164084 -0.00564611 0.0126453 0.0239538 -0.000282941 0.0584811 0.0646816 0.0733661 0.0661367 0.0161932 0.0688356 0.0187779 0.0716136 0.0325573 0.0854147 0.0815987 0.0526368 0.0737298 0.0707122 0.0363989 0.0746997 0.0688709 0.0705813 0.0584457 0.032123 0.0645024
internal_weight=2123.3 832.831 653.088 233.466 150.199 115.042 82.6529 71.0972 41.7737 29.3234 18.3083 419.622 279.283 14.3183 264.964 13.9314 251.033 12.9028 1290.46 620.434 57.5354 238.13 209.553 21.8163 187.737 128.843 127.291 73.4463 35.3148 26.4346
internal_count=8000 6894 6862 5998 5983 4114 2457 1951 1588 363 212 864 832 94 738 107 631 243 1106 1008 519 388 373 91 282 259 250 197 158 67
is_linear=0
shrinkage=0.05


Tree=15
num_leaves=31
num_cat=0
split_feature=3 7 5 7 2 2 6 8 3 5 8 3 4 1 1 8 2 2 6 7 5 5 6 6 7 3 0 6 1 7
split_gain=100.487 58.5699 143.625 218.507 21.8048 37.1324 24.2815 21.1852 20.958 61.141 16.659 15.4439 13.386 29.1363 13.0524 21.4392 8.05976 29.9884 7.04157 19.0868 62.2337 6.45811 9.31927 27.4464 33.8012 13.442 25.583 5.1523 6.69312 4.70276
threshold=1380.5000000000002 3534.8834019049436 189.50000000000003 8925.898283367078 309.15000000000003 310.95000000000005 8.9500000000000188 5190.6000000000013 1439.5000000000002 162.50000000000003 10798.500000000002 1418.5000000000002 46.750000000000007 297.25000000000006 297.75000000000006 8988.6000000000022 311.85000000000008 313.65000000000003 8.5999999999999961 7448.6062259185246 206.50000000000003 224.50000000000003 10.950000000000019 9.6500000000000075 6289.4999084133024 1542.5000000000002 1.5000000000000002 9.4000000000000075 301.65000000000003 8275.892291363838
decision_type=2 2 2 2 2 2 2 2 2 2 2 2 2 2 2 2 2 2 2 2 2 2 2 2 2 2 2 2 2 2
left_child=18 -2 3 4 -3 6 -6 8 11 -10 12 -8 14 -14 15 -4 21 -18 -1 20 -20 22 23 25 -25 27 -27 28 -16 -21
right_child=1 2 10 -5 5 -7 7 -9 9 -11 -12 -13 13 -15 16 -17 17 -19 19 29 -22 -23 -24 24 -26 26 -28 -29 -30 -31
leaf_value=0.08563351372777056 0.085064852687013817 -0.051553618684708369 -0.058589020767691562 0.085766225817467498 -0.056774461595985364 -0.052243920170141026 -0.05271031586175088 -0.05136903668513252 -0.050936151673089104 0.082226400732310523 0.084210094326060692 0.078786593308337413 0.080002542766688764 -0.064527415008807598 0.031833690182118256 0.069006477140164807 -0.069083862684918618 0.094031694233804364 -0.052771128526833001 0.074341283951364648 0.077076604071913898 0.08243019937826801 0.081742774119760483 -0.064085603374212152 0.071109404261091996 -0.06212247211855132 0.063040199898393864 0.091619002857785695 0.07961923471615534 0.084168932090317242
leaf_weight=661.38172626495361 177.66306683421135 33.487723024562001 5.4793391330167642 82.380142465233803 11.021570195443926 30.855268203653395 2.4600779805332449 8.4105696100741607 19.550688870251179 15.417844859883187 138.96471087634563 24.177954833954573 7.8219814673066121 6.2920894902199507 10.745599133893846 8.247429905459283 4.7549711745232326 6.9162693023681641 11.59123772382736 179.33829018101096 45.256002351641655 73.763801217079163 53.715488903224468 9.6310683665797132 8.8916164599359018 5.2889994615688947 17.899592328816652 35.929625181481242 23.038976959884167 378.94202083349228
leaf_count=98 32 1869 93 15 506 1657 121 480 1203 44 32 103 10 84 51 14 70 1 493 342 26 34 92 134 51 78 54 29 37 147
internal_value=0.0732695 0.0596441 0.0526436 0.0207075 -0.0161579 -0.00556458 0.0122085 0.0230672 0.0332293 0.00777605 0.0700709 0.0666426 0.0630137 0.0155707 0.0655472 0.018074 0.0681479 0.0275769 0.0820521 0.0782015 0.0506005 0.0701299 0.0646357 0.0563888 0.000813312 0.0674693 0.0344923 0.0784382 0.0644205 0.081012
internal_weight=2099.32 822.806 645.143 227.762 145.382 111.894 81.0387 70.0171 61.6066 34.9685 417.382 26.638 278.417 14.1141 264.303 13.7268 250.576 11.6712 1276.51 615.128 56.8472 238.905 165.141 111.425 18.5227 92.9028 23.1886 69.7142 33.7846 558.28
internal_count=8000 6894 6862 5998 5983 4114 2457 1951 1471 1247 864 224 832 94 738 107 631 71 1106 1008 519 560 526 434 185 249 132 117 88 489
is_linear=0
shrinkage=0.05


Tree=16
num_leaves=31
num_cat=0
split_feature=3 7 5 7 2 2 6 8 4 5 7 8 4 1 1 6 6 7 5 2 2 5 6 6 7 3 0 8 7 4
split_gain=91.9814 53.9224 127.068 200.127 20.8718 35.1101 22.6938 19.6225 18.9595 56.1657 18.0101 16.098 11.9132 26.6347 11.5856 20.1487 7.1826 16.5716 55.6438 7.01325 27.521 6.06221 8.19956 24.593 30.8245 12.0909 23.1733 5.03399 72.0139 28.3163
threshold=1380.5000000000002 3534.8834019049436 189.50000000000003 8925.898283367078 309.15000000000003 310.95000000000005 8.9500000000000188 5190.6000000000013 45.150000000000013 162.50000000000003 7303.6374329186237 10798.500000000002 46.750000000000007 297.25000000000006 297.75000000000006 10.950000000000019 8.6500000000000075 7448.6062259185246 206.50000000000003 311.85000000000008 313.65000000000003 224.50000000000003 10.950000000000019 9.6500000000000075 6289.4999084133024 1542.5000000000002 1.5000000000000002 10798.500000000002 8925.898283367078 54.050000000000004
decision_type=2 2 2 2 2 2 2 2 2 2 2 2 2 2 2 2 2 2 2 2 2 2 2 2 2 2 2 2 2 2
left_child=16 -2 3 4 -3 6 -6 8 9 -8 -10 12 14 -14 15 -4 -1 18 -18 21 -21 22 23 25 -25 -16 -27 28 29 -19
right_child=1 2 11 -5 5 -7 7 -9 10 -11 -12 -13 13 -15 19 -17 17 27 -20 20 -22 -23 -24 24 -26 26 -28 -29 -30 -31
leaf_value=0.08263224191433452 0.082046168174043616 -0.051484770513078829 0.064287366700858606 0.082651948633839678 -0.056616898894732509 -0.052167002347793395 -0.050905380194390476 -0.051308608623280606 0.077699389018901388 0.077812706210810101 -0.056423396972922438 0.081070599255889705 0.075836237431100961 -0.063794292162433916 0.074549339949639831 -0.062115835032107783 -0.052583934588222629 0.054284838686667218 0.073628228602886051 -0.068186541526500943 0.090080022799112355 0.078741898776255523 0.077482343169878551 -0.06336686510990229 0.066419832499948081 -0.061510727473110753 0.059379072112133197 0.081572783949684313 0.082559962683016519 -0.053595731227797871
leaf_weight=664.66175074875355 175.05485478043556 31.89603126514703 8.5018034456297737 81.238392874598503 10.512489402666686 29.392626389861107 18.733510734513402 8.0095662549138051 23.810921916738156 15.476043948903678 2.7969593610614529 137.1734367609024 7.8385863844305259 6.0522575732320547 69.684067226946354 5.0106429932638994 10.834878322668372 10.526728089898826 45.012616708874702 4.5810832977294904 6.8600296974182129 73.367323495447636 53.831903969869018 9.2626326121389884 9.0394336786121112 5.0798192350193885 18.048993898555636 331.7175709605217 181.82854001224041 14.407865937799214
leaf_count=109 32 1869 39 15 506 1657 1179 480 144 44 104 32 10 84 117 68 488 75 26 70 1 34 92 134 51 78 54 65 32 311
internal_value=0.0706009 0.0574716 0.0507098 0.0201732 -0.0159197 -0.00548681 0.0118066 0.0222575 0.031946 0.00732533 0.0636007 0.0670615 0.060128 0.014999 0.0625091 0.0174149 0.0790611 0.0750672 0.049142 0.0649488 0.0267092 0.0667846 0.0614661 0.0537068 0.000735091 0.0641524 0.0328278 0.077756 0.0716327 -0.0080514
internal_weight=2070.24 811.253 636.199 221.867 140.628 108.732 79.3395 68.827 60.8174 34.2096 26.6079 414.332 277.159 13.8908 263.268 13.5124 1258.99 594.328 55.8475 249.755 11.4411 238.314 164.947 111.115 18.3021 92.8129 23.1288 538.481 206.763 24.9346
internal_count=8000 6894 6862 5998 5983 4114 2457 1951 1471 1223 248 864 832 94 738 107 1106 997 514 631 71 560 526 434 185 249 132 483 418 386
is_linear=0
shrinkage=0.05


Tree=17
num_leaves=31
num_cat=0
split_feature=3 7 5 7 2 2 6 8 4 5 4 8 4 1 1 8 6 7 5 5 3 4 4 8 6 4 5 4 6 5
split_gain=85.7342 49.9801 112.734 183.863 19.9745 33.2095 21.2287 18.2043 16.8006 51.5649 16.2684 15.6739 10.6251 24.408 10.4089 18.6406 6.87988 16.2072 75.3625 6.55453 25.9635 5.29454 15.679 24.6775 4.7263 2.87064 36.5223 42.8469 2.57642 2.50855
threshold=1380.5000000000002 3534.8834019049436 189.50000000000003 8925.898283367078 309.15000000000003 310.95000000000005 8.9500000000000188 5190.6000000000013 45.150000000000013 162.50000000000003 48.650000000000013 10798.500000000002 46.750000000000007 297.25000000000006 297.75000000000006 8988.6000000000022 8.5999999999999961 7699.1220601035302 194.50000000000003 199.50000000000003 1418.5000000000002 45.850000000000001 41.95000000000001 10380.800000000001 8.5499999999999847 62.45000000000001 186.50000000000003 54.050000000000004 10.950000000000019 213.50000000000003
decision_type=2 2 2 2 2 2 2 2 2 2 2 2 2 2 2 2 2 2 2 2 2 2 2 2 2 2 2 2 2 2
left_child=16 -2 3 4 -3 6 -6 8 9 -8 -10 12 14 -14 15 -4 -1 18 -18 20 -16 22 24 -24 -21 26 27 -19 -20 -26
right_child=1 2 11 -5 5 -7 7 -9 10 -11 -12 -13 13 -15 19 -17 17 25 28 21 -22 -23 23 -25 29 -27 -28 -29 -30 -31
leaf_value=0.080114920660473654 0.079359714458315841 -0.051418769732404515 -0.057792839102021536 0.079884500442008302 -0.056457880435039166 -0.052092366158849629 -0.05086119067936308 -0.051250707787127453 0.073483446007684347 0.073829626905023787 -0.056233545103784956 0.078267873599469365 0.072088054939580731 -0.06310055276198677 0.090466884145957716 0.063551294713955139 -0.052144945883603966 0.096110348479067687 0.060337754275656165 0.032122333407555034 -0.053738809648596564 0.084219239722059427 -0.063412970792423071 0.072395275631622347 0.060249219119508236 0.07982992792116754 0.078168548150923792 -0.059818982698463578 0.078289385905036313 0.071982440685261384
leaf_weight=638.61041069030762 172.00827953219414 30.378407093696296 5.1546139903366557 79.88409686088562 10.027250497601925 27.998182140290737 17.834958363324404 7.627325862646102 23.929231340065602 15.494775475934146 2.6886679036542764 135.03493851423264 7.8338793162256461 5.8187745660543442 7.0907047204673272 8.1991606932133418 14.254792045801876 7.4810769446194199 31.093861754983664 10.492171294055877 5.575758752413094 28.243821622803807 6.2810045219957811 7.1557038426399231 83.819317048415542 271.59128649532795 206.81790244206786 10.716531872749327 55.954260692000389 99.78560247272253
leaf_count=98 32 1869 93 15 506 1657 1179 480 149 44 99 32 10 84 7 14 587 10 38 27 236 15 76 3 182 74 47 229 23 85
internal_value=0.0682595 0.0554869 0.0489309 0.0196793 -0.0156896 -0.00541134 0.0114308 0.0215046 0.0307614 0.00710676 0.0603808 0.0643135 0.0574727 0.0144705 0.0597152 0.0167119 0.0765061 0.0726517 0.0544253 0.0620266 0.0269877 0.063909 0.0611449 0.00891156 0.0647609 0.0763697 0.0721933 0.00428391 0.071877 0.066626
internal_weight=2034.88 798.357 626.348 215.863 135.979 105.6 77.6022 67.575 59.9476 33.3297 26.6179 410.485 275.451 13.6527 261.798 13.3538 1236.52 597.91 101.303 248.444 12.6665 235.778 207.534 13.4367 194.097 496.607 225.016 18.1976 87.0481 183.605
internal_count=8000 6894 6862 5998 5983 4114 2457 1951 1471 1223 248 864 832 94 738 107 1106 1008 648 631 243 388 373 79 294 360 286 239 61 267
is_linear=0
shrinkage=0.05


Tree=18
num_leaves=31
num_cat=0
split_feature=3 7 8 4 5 4 4 5 8 3 3 8 6 7 5 1 8 7 4 4 7 4 4 4 7 2 1 3 6 5
split_gain=80.5271 46.6651 100.455 66.1547 35.5178 108.876 33.9091 40.8632 25.9448 14.1287 11.2718 10.76 6.655 15.538 48.0335 5.24922 4.61976 63.0903 24.3381 21.161 3.63848 40.714 6.81898 13.5634 27.3246 5.39757 12.262 29.8299 5.22042 8.51195
threshold=1380.5000000000002 3534.8834019049436 3522.5000000000005 45.150000000000013 197.50000000000003 57.850000000000001 28.950000000000003 78.500000000000014 1826.9000000000003 1711.5000000000002 1402.5000000000002 11102.650000000003 8.5999999999999961 7448.6062259185246 206.50000000000003 297.35000000000008 10798.500000000002 8925.898283367078 54.050000000000004 53.850000000000001 6298.2492439535499 45.250000000000007 46.850000000000001 52.750000000000007 7905.5718213341843 308.95000000000005 299.15000000000003 2268.5000000000005 11.049999999999985 217.50000000000003
decision_type=2 2 2 2 2 2 2 2 2 2 2 2 2 2 2 2 2 2 2 2 2 2 2 2 2 2 2 2 2 2
left_child=12 -2 3 -3 5 6 9 -8 10 -4 -5 15 -1 14 -14 -6 17 18 19 -15 25 -22 -23 24 -24 -17 27 -27 29 -28
right_child=1 2 4 8 11 -7 7 -9 -10 -11 -12 -13 13 16 -16 20 -18 -19 -20 -21 21 22 23 -25 -26 26 28 -29 -30 -31
leaf_value=0.077796383697048332 0.076954306581872384 -0.051671790405813038 0.064315667125654841 -0.057759906809068062 0.025315588599211611 0.074244397055825168 0.071950950057883531 -0.051237093499968328 -0.057861619230757201 -0.051046925012563249 0.064924502540386328 0.077243777496881563 -0.052764033665816307 -0.05435221570146466 0.067522708049109398 0.076794023774055475 0.076589733516009728 0.077427142556122222 -0.053387650728133243 0.095778399581317397 -0.060082928962243501 0.077279603543177769 -0.071679630736961528 0.079222403820511503 0.075456325847934991 -0.07124798779517981 0.041046609120907074 0.083221439857420712 0.078780408486064768 0.06929185912780593
leaf_weight=625.10150337219238 168.60157892107964 39.126418513245881 16.238150769844655 1.9924111561849702 11.712656280025838 80.254007283598185 7.9685860723257056 43.37526317127049 5.7148840809240928 3.1726329876109949 31.033656974323094 98.455499783158302 10.218674438074229 3.4610071033239382 44.189303532242775 51.658679502084851 332.77469053864479 175.16828744113445 13.4836004152894 7.2929534837603569 7.5439038360491386 35.376073586754501 5.930603872053327 13.052816260606049 6.7431378271430731 5.8874457832425815 47.840626004152 6.6619753837585449 35.98591573163867 60.285257667303085
leaf_count=98 32 2625 57 79 48 30 44 2834 218 182 202 20 493 68 26 51 67 32 314 8 109 29 57 4 4 51 149 1 26 42
internal_value=0.0661259 0.0536465 0.0472671 -0.00581298 0.0549476 0.0343805 -0.0108355 -0.0321183 0.0405021 0.04546 0.0575231 0.0629702 0.0742068 0.0703816 0.044931 0.0581021 0.0729836 0.0669655 -0.00864211 0.047461 0.0594887 0.0495054 0.0630355 0.0434487 0.00660491 0.0627784 0.0581568 0.0107535 0.0622847 0.0567947
internal_weight=1996.3 784.612 616.011 77.8674 538.143 151.009 70.7546 51.3438 38.741 19.4108 33.0261 387.135 1211.69 586.589 54.408 288.679 532.181 199.406 24.2376 10.754 276.966 68.6465 61.1026 25.7266 12.6737 208.32 156.661 12.5494 144.112 108.126
internal_count=8000 6894 6862 3124 3738 3147 3117 2878 499 239 281 591 1106 1008 519 571 489 422 390 76 523 203 94 65 61 320 269 52 217 191
is_linear=0
shrinkage=0.05


Tree=19
num_leaves=31
num_cat=0
split_feature=3 7 8 4 7 5 4 8 2 3 1 6 6 7 5 8 7 4 8 7 4 4 5 6 6 6 7 6 4 8
split_gain=76.3732 43.8411 91.3754 61.8996 31.2275 99.6725 44.9438 23.721 13.5234 10.2192 10.1997 18.5719 6.37095 14.6119 44.0311 4.78242 22.0586 35.4266 4.17806 57.9939 22.7272 19.0652 4.1289 5.69205 3.60934 18.5388 24.0929 6.03587 11.9524 23.6112
threshold=1380.5000000000002 3534.8834019049436 3522.5000000000005 45.150000000000013 7283.5364759234044 197.50000000000003 28.950000000000003 1826.9000000000003 309.65000000000003 1402.5000000000002 297.75000000000006 10.950000000000019 8.5999999999999961 7448.6062259185246 206.50000000000003 10798.500000000002 8925.898283367078 49.750000000000007 10798.500000000002 8925.898283367078 54.050000000000004 53.850000000000001 224.50000000000003 8.5499999999999847 10.950000000000019 9.6500000000000075 6289.4999084133024 9.5499999999999847 37.550000000000004 9586.9000000000015
decision_type=2 2 2 2 2 2 2 2 2 2 2 2 2 2 2 2 2 2 2 2 2 2 2 2 2 2 2 2 2 2
left_child=12 -2 3 -3 5 6 8 9 -4 -5 11 -7 -1 14 -14 16 17 -6 19 20 21 -15 23 -12 25 27 -27 28 -25 -30
right_child=1 2 4 7 15 10 -8 -9 -10 -11 22 -13 13 18 -16 -17 -18 -19 -20 -21 -22 -23 -24 24 -26 26 -28 -29 29 -31
leaf_value=0.075715900048771184 0.074788645045513052 -0.051611710470920516 0.061750539953785488 -0.057526147625112579 0.063224557473332055 0.059300849199898822 -0.051220751930746822 -0.057609118590202381 -0.052717743906862992 0.061857410639491718 0.01975417647812967 -0.063574672167870647 -0.052650688335509059 -0.054142044835636144 0.064911201429576182 0.074273024713674085 0.074812312225159355 -0.059564917160241294 0.074399616703189161 0.075245429301626629 -0.053226861888108302 0.090513529745125013 0.067675049323247347 0.06300256861750117 0.066882532997923405 -0.063800671239772608 0.057153196122469267 0.07934669289461932 -0.06699054295238259 0.066793513615612768
leaf_weight=610.53229141235352 164.90314310789108 37.260436387732625 16.1924964459613 1.902748274616896 16.694431100972 8.1484132818877679 35.775287135504186 5.4593944903463116 3.0693057188764206 30.945938705466688 11.431155620142816 4.9391418676823369 9.7407027548179013 3.304668892174961 43.681609719991684 122.92027953267097 64.026560664176941 9.0632023774087411 325.62302362918854 171.33188417553902 12.86376456171274 7.3301864042878151 78.807572364807129 47.469310385175049 53.337364053353667 7.5157091245055225 9.1044794823974353 27.716688990592957 5.7569526853039843 7.7212695721536875
leaf_count=98 32 2625 99 79 146 18 2467 218 140 202 36 52 493 68 26 28 13 320 67 32 314 8 43 89 77 76 40 15 67 12
internal_value=0.0641907 0.0519339 0.0457071 -0.00572736 0.0530451 0.0431003 -0.0180669 0.0389022 0.0435104 0.0549422 0.0559519 0.0129286 0.0721606 0.0683782 0.0434757 0.0678655 0.0590931 0.0200193 0.0709343 0.0651428 -0.00851702 0.0455633 0.0582145 0.0538302 0.0562859 0.0509176 0.00245742 0.0600015 0.051204 0.00965033
internal_weight=1954.57 770.161 605.258 75.5685 529.69 316.985 55.0371 38.3081 19.2618 32.8487 261.948 13.0876 1184.41 573.876 53.4223 212.704 89.7842 25.7576 520.454 194.831 23.4986 10.6349 248.861 170.053 158.622 105.284 16.6202 88.6642 60.9475 13.4782
internal_count=8000 6894 6862 3124 3738 3231 2706 499 239 281 525 70 1106 1008 519 507 479 466 489 422 390 76 455 412 376 299 116 183 168 79
is_linear=0
shrinkage=0.05


Tree=20
num_leaves=31
num_cat=0
split_feature=3 7 8 4 7 5 4 5 8 2 3 6 7 5 5 7 1 1 3 3 7 2 5 3 4 4 5 2 1 1
split_gain=72.7635 41.3614 83.3355 57.9522 29.7439 80.2573 27.1691 40.5782 21.7153 12.276 9.28079 6.12689 13.8153 40.4376 6.04125 12.7594 26.0275 7.14221 23.3314 6.98301 10.3466 25.9733 6.5443 6.54694 22.6278 3.94344 39.6371 23.8243 3.81764 6.80376
threshold=1380.5000000000002 3534.8834019049436 3522.5000000000005 45.150000000000013 7616.1840140487602 197.50000000000003 28.950000000000003 78.500000000000014 1826.9000000000003 309.65000000000003 1402.5000000000002 8.5999999999999961 7448.6062259185246 206.50000000000003 221.50000000000003 6837.4669710279468 297.25000000000006 298.15000000000003 1866.5000000000002 1530.5000000000002 5455.4489467872609 308.45000000000005 215.50000000000003 1917.5000000000002 33.050000000000004 60.650000000000013 188.50000000000003 311.75000000000006 298.85000000000008 300.25000000000006
decision_type=2 2 2 2 2 2 2 2 2 2 2 2 2 2 2 2 2 2 2 2 2 2 2 2 2 2 2 2 2 2
left_child=11 -2 3 -3 5 6 9 -8 10 -4 -5 -1 13 -13 15 17 -17 18 -7 28 22 -22 23 24 -21 26 27 -14 -19 -30
right_child=1 2 4 8 -6 14 7 -9 -10 -11 -12 12 25 -15 -16 16 -18 19 -20 20 21 -23 -24 -25 -26 -27 -28 -29 29 -31
leaf_value=0.073840681270120612 0.072829065525470374 -0.051553335628582199 0.058688628634240972 -0.057294493244762913 0.068527798542003956 -0.058177217917136419 0.078243468875536154 -0.051153480165703674 -0.057359851512619499 -0.052592593351324268 0.058986663364133621 -0.052541279251834432 -0.058446572059468384 0.062494366156949345 0.063602485444605381 0.066836592437897607 -0.067513929975789699 0.079649597670385333 0.076384902739769833 -0.063934175877831387 0.076600391433445561 -0.061733142890639504 0.074133779494127916 0.059255625320252629 0.072838284594759856 0.072572894849288985 0.071001346481942271 0.051912188605680511 0.021473405097115306 0.064864655876144581
leaf_weight=595.12525653839111 160.97268790006638 35.482348022982478 16.185541173443202 1.8170845769345749 168.94454319402575 5.7644420433789474 7.2583500389009705 36.660320678725839 5.2151376549154511 2.9263863191008559 30.832265715114772 9.2844518953934294 9.9127739090472478 43.116708636283875 106.7984677311033 7.6555966734886152 6.8130742227658629 27.994250761345029 7.3017252162098885 5.6044980147853511 6.4672670662403089 7.1387346601113677 21.271968670189381 14.949127694591878 6.5678443759679794 311.71953976899385 176.73678743839264 9.6524174474179727 10.872317822650073 53.432924913242459
leaf_count=98 32 2625 99 79 270 72 25 2641 218 140 202 493 266 26 79 9 84 16 4 69 2 91 11 13 2 131 52 40 35 76
internal_value=0.0624206 0.0503481 0.0442553 -0.00564154 0.0512851 0.0430014 -0.00811326 -0.0297683 0.0373818 0.0416494 0.0525151 0.0703076 0.0665558 0.0421123 0.0541637 0.0486199 0.003573 0.0525142 0.0170197 0.0555199 0.0425417 0.00402019 0.0533722 0.0370884 0.00986429 0.0690771 0.0635259 -0.00400147 0.0642377 0.0575283
internal_weight=1910.47 754.927 593.954 73.3468 520.607 351.663 63.0306 43.9187 37.8645 19.1119 32.6494 1155.55 560.423 52.4012 288.632 181.834 14.4687 167.365 13.0662 154.299 61.9994 13.606 48.3934 27.1215 12.1723 508.022 196.302 19.5652 92.2995 64.3052
internal_count=8000 6894 6862 3124 3738 3468 2905 2666 499 239 281 1106 1008 519 563 484 93 391 76 315 188 93 95 84 71 489 358 306 127 111
is_linear=0
shrinkage=0.05


Tree=21
num_leaves=31
num_cat=0
split_feature=3 7 8 4 7 5 4 8 3 1 6 3 6 7 5 8 7 4 1 6 5 6 8 7 4 4 5 6 0 8
split_gain=69.3774 39.1989 76.1485 54.2845 27.987 82.1967 39.6561 19.9007 11.8003 8.68649 16.6991 8.44095 6.06588 13.0283 37.1979 4.6743 21.0437 32.0011 3.91603 11.8026 3.7774 5.19433 3.71931 51.5433 20.7719 16.5316 3.22809 8.91847 28.1972 4.13479
threshold=1380.5000000000002 3534.8834019049436 3522.5000000000005 45.150000000000013 7283.5364759234044 197.50000000000003 28.950000000000003 1826.9000000000003 1711.5000000000002 297.75000000000006 10.950000000000019 1402.5000000000002 8.5999999999999961 7448.6062259185246 206.50000000000003 10798.500000000002 8925.898283367078 49.750000000000007 298.85000000000008 9.0499999999999847 224.50000000000003 8.5499999999999847 10798.500000000002 8925.898283367078 54.050000000000004 53.850000000000001 209.50000000000003 11.150000000000007 1.5000000000000002 7800.5500000000011
decision_type=2 2 2 2 2 2 2 2 2 2 2 2 2 2 2 2 2 2 2 2 2 2 2 2 2 2 2 2 2 2
left_child=12 -2 3 -3 5 6 8 11 -4 10 -7 -5 -1 14 -14 16 17 -6 -13 -20 21 -11 23 24 25 -15 29 28 -28 -23
right_child=1 2 4 7 15 9 -8 -9 -10 20 -12 18 13 22 -16 -17 -18 -19 19 -21 -22 26 -24 -25 -26 -27 27 -29 -30 -31
leaf_value=0.072143696976495156 0.071047765249620615 -0.051496622788537894 0.057007800233100252 -0.057065202613622558 0.058174191971047506 0.055385649627642475 -0.051128197218263338 -0.057114109914794556 -0.051022594691710534 0.01692319347257527 -0.063414849393447742 0.068857253755504763 -0.05243570579498015 -0.054024987142973137 0.060244907172146957 0.070485958416567004 0.071073770543120793 -0.059438711595586946 0.064577176397862424 -0.055258747747317108 0.062995987595272904 0.063512670671226831 0.070635383020368717 0.071501508836308569 -0.053199441033918583 0.083974819119350799 -0.060993837512660146 0.066621587054532014 0.050628441895984193 0.040806684815909183
leaf_weight=579.0744686126709 156.86235985159874 33.788089496083558 15.950642779469492 1.7352351117879141 16.487841211259369 7.9811950977891666 32.46848844178021 4.9816008992493144 3.0038359938189378 11.348421716131268 4.6998322680592537 20.526945471763614 8.8489775359630567 3.0883018076419848 42.505862355232239 117.50159047544003 61.082810401916504 8.9084283318370563 7.3153259512037021 2.8571752496063709 76.562091983854771 72.982606042176485 310.14511390030384 163.01254862546921 12.231206081807612 7.299958486109972 7.305840950459241 22.145584192126989 25.080499656498432 27.644480885006487
leaf_count=98 32 2625 57 79 146 18 2467 218 182 36 52 67 493 68 26 28 13 320 34 101 43 138 67 32 314 8 71 18 50 99
internal_value=0.0607647 0.048863 0.0428873 -0.00555535 0.0496354 0.0401014 -0.0175798 0.0359311 0.0398875 0.0516992 0.0113559 0.0502218 0.0685768 0.0648017 0.0408289 0.0639926 0.05517 0.0169183 0.056286 0.0309186 0.053804 0.0495774 0.0672849 0.0616872 -0.00904204 0.0429492 0.0519657 0.0421689 0.0254482 0.0572748
internal_weight=1865.43 739.221 582.359 71.2044 511.154 307.174 51.423 37.4163 18.9545 255.751 12.681 32.4347 1126.21 547.132 51.3548 203.981 86.4791 25.3963 30.6994 10.1725 243.07 166.507 495.777 185.632 22.6195 10.3883 155.159 54.5319 32.3863 100.627
internal_count=8000 6894 6862 3124 3738 3231 2706 499 239 525 70 281 1106 1008 519 507 479 466 202 135 455 412 489 422 390 76 376 139 121 237
is_linear=0
shrinkage=0.05


Tree=22
num_leaves=31
num_cat=0
split_feature=3 7 8 4 7 5 8 8 1 2 6 3 6 7 5 5 7 1 4 7 2 3 7 2 6 6 4 5 5 2
split_gain=66.6732 37.2707 69.4202 51.035 27.117 65.8695 23.6918 18.4075 14.9731 19.2727 8.73004 7.76607 5.88096 11.9334 33.5484 5.51167 11.4756 23.6773 6.46116 10.9252 17.8635 6.47175 10.8667 19.2034 6.89596 23.23 3.62067 28.9299 6.38762 23.959
threshold=1380.5000000000002 3534.8834019049436 3522.5000000000005 45.150000000000013 7616.1840140487602 197.50000000000003 5190.6000000000013 1826.9000000000003 300.65000000000003 309.15000000000003 11.250000000000002 1402.5000000000002 8.6500000000000075 7448.6062259185246 206.50000000000003 221.50000000000003 6837.4669710279468 297.25000000000006 46.250000000000007 6208.3682781343468 308.95000000000005 1530.5000000000002 5455.4489467872609 308.45000000000005 11.049999999999985 9.0499999999999847 60.050000000000004 118.50000000000001 190.50000000000003 311.75000000000006
decision_type=2 2 2 2 2 2 2 2 2 2 2 2 2 2 2 2 2 2 2 2 2 2 2 2 2 2 2 2 2 2
left_child=12 -2 3 -3 5 6 8 11 9 -4 -11 -5 -1 14 -14 16 18 -18 19 21 -21 -7 24 -24 25 -23 27 -15 29 -29
right_child=1 2 4 7 -6 15 -8 -9 -10 10 -12 -13 13 26 -16 -17 17 -19 -20 20 -22 22 23 -25 -26 -27 -28 28 -30 -31
leaf_value=0.070524848561819092 0.069421643484374004 -0.051441535517828076 -0.051717445439898313 -0.056838536030648645 0.064962665915849566 0.061696534076313703 -0.051276869980307609 -0.056872168269921752 -0.05146928836433793 0.056667160868406445 -0.052435934246699505 0.054334146524488536 -0.052245670132839678 -0.052301858309294472 0.058140225600355089 0.05933709193764241 0.0623761474102466 -0.067266935464343952 0.075633982185430382 0.048448109614345355 -0.06291409496460687 0.05764645907747537 0.056879211376216134 -0.061257648925696462 0.062846748794291862 -0.061612230302301722 0.06883936699406458 -0.067457434531437363 0.067274479473060173 0.067479807803443537
leaf_weight=574.67821851372719 152.61753338575363 32.17377854604274 5.9187118569389012 1.6570239411667014 161.12967913690954 59.650797601789236 20.525383397005498 4.758297777734696 6.9220594614744178 23.892818767577413 1.9859011266380537 30.21952252369374 8.2376876529306156 5.5761987436562768 41.858871892094612 103.42775590904057 7.5138586908578855 6.6289759958162904 19.415416538715363 9.1574819758534414 5.9348989324644199 15.702837221324446 7.0789559390395862 6.6915639759972692 34.556526821106672 5.5182070313021532 308.31757234968245 4.296043315902355 138.21793480217457 14.042139101773499
leaf_count=109 32 2625 408 79 270 65 1578 218 496 300 123 202 488 160 26 79 9 84 4 33 73 19 16 84 31 66 156 107 42 18
internal_value=0.0592583 0.0474748 0.0416033 -0.00549225 0.0480631 0.0400665 -0.00784956 0.0348617 0.0151715 0.0296787 0.0482947 0.0485551 0.0670378 0.0631881 0.0399888 0.050159 0.0448215 0.00161033 0.0485546 0.0449109 0.00465625 0.0496132 0.0392495 -0.000527507 0.0490697 0.0266351 0.0656585 0.0596097 0.0635957 0.0358684
internal_weight=1818.3 723.078 570.46 68.8086 501.652 340.522 59.2449 36.6348 38.7195 31.7974 25.8787 31.8765 1095.22 520.546 50.0966 281.277 177.85 14.1428 163.707 144.291 15.0924 129.199 69.5481 13.7705 55.7776 21.221 470.45 162.132 156.556 18.3382
internal_count=8000 6894 6862 3124 3738 3468 2905 499 1327 831 423 281 1106 997 514 563 484 93 391 387 106 281 216 100 116 85 483 327 167 125
is_linear=0
shrinkage=0.05


Tree=23
num_leaves=31
num_cat=0
split_feature=3 7 8 3 7 5 1 8 5 3 4 6 7 5 8 7 4 5 3 1 2 4 5 4 5 6 0 7 3 3
split_gain=64.1271 35.6034 63.6066 47.86 25.6663 70.9995 24.587 17.6942 12.6261 22.8639 7.521 5.87405 11.8619 31.6856 4.57044 20.0379 29.2724 4.28968 14.6922 3.9664 9.74634 3.40815 32.6045 19.9269 3.09486 4.79484 3.83497 4.20362 19.4167 3.65691
threshold=1380.5000000000002 3534.8834019049436 3522.5000000000005 1439.5000000000002 7283.5364759234044 162.50000000000003 297.35000000000008 1826.9000000000003 197.50000000000003 1683.5000000000002 45.150000000000013 8.5999999999999961 7448.6062259185246 206.50000000000003 10798.500000000002 8925.898283367078 49.750000000000007 163.50000000000003 1685.5000000000002 298.85000000000008 310.85000000000008 60.650000000000013 188.50000000000003 54.050000000000004 224.50000000000003 8.5499999999999847 2.5000000000000004 6298.2492439535499 1406.5000000000002 1556.5000000000002
decision_type=2 2 2 2 2 2 2 2 2 2 2 2 2 2 2 2 2 2 2 2 2 2 2 2 2 2 2 2 2 2
left_child=11 -2 3 7 5 -4 -7 10 9 -8 -3 -1 13 -13 15 16 -6 -11 -19 -12 -21 22 23 -14 25 -10 27 29 -29 -27
right_child=1 2 4 -5 14 6 8 -9 24 17 19 12 21 -15 -16 -17 -18 18 -20 20 -22 -23 -24 -25 -26 26 -28 28 -30 -31
leaf_value=0.069199499092867947 0.067931287103144 -0.053748903792875002 -0.051089031432639188 -0.051193097153683823 0.054144028634966382 -0.060097271214989215 -0.051260111969029493 -0.056681405057382263 0.014447923768964669 0.079259691045263966 0.066212481556559136 -0.052261962860907223 0.044965812282202366 0.056161491955701852 0.067307279069756434 0.067948104065412837 -0.059323962891307591 0.07242347025114286 -0.05372902255537873 -0.059198984951929913 0.055835579640760059 0.067602515544475009 0.065926880514837125 -0.059768183212417149 0.058233841997801329 0.060171680721281089 0.018202585268406533 0.058477070046572099 -0.054023199460048792 0.042926505333378308
leaf_weight=545.71403217315674 148.27767544984818 1.7394886920228625 21.085500141605735 30.779413458891213 16.212796199135486 5.5478358436375848 9.0166254639625567 4.7069544224068514 11.237933105789123 6.5226184129714992 19.686654966324571 8.0565690277144295 9.5983063541352767 41.184253096580505 111.68777225911617 57.933223053812981 8.7524562366306764 6.4344053249806148 3.5989087484776974 2.4456091942265612 7.451659495010972 287.74826378375292 163.46743828058243 8.6204150132834894 74.41002731770277 79.612940290942788 9.962206010706721 14.507715523242952 5.2137071853503576 50.077672444283962
leaf_count=98 32 93 1774 2661 146 135 676 198 36 2 52 493 68 26 28 13 320 6 153 74 46 131 52 238 45 86 42 18 102 156
internal_value=0.0578252 0.0461513 0.0403701 -0.0054063 0.0465886 0.0373466 0.0440994 0.0337077 0.0462356 0.0128037 0.0472904 0.0655783 0.0617683 0.0384217 0.0607055 0.0518109 0.0143638 0.0476939 0.0271731 0.0532314 0.0274106 0.0642172 0.0588557 -0.00459038 0.0497249 0.0460138 0.0482396 0.0502423 0.0287356 0.0535128
internal_weight=1771.29 706.902 558.624 66.8098 491.814 297.228 276.143 36.0304 270.595 25.5726 31.3234 1064.39 518.675 49.2408 194.586 82.8985 24.9653 16.5559 10.0333 29.5839 9.89727 469.434 181.686 18.2187 245.022 170.612 159.374 149.412 19.7214 129.691
internal_count=8000 6894 6862 3124 3738 3231 1457 463 1322 837 265 1106 1008 519 507 479 466 161 159 172 120 489 358 306 485 440 404 362 120 242
is_linear=0
shrinkage=0.05


Tree=24
num_leaves=31
num_cat=0
split_feature=3 7 8 3 4 5 7 6 8 4 5 3 3 8 7 8 6 7 5 1 6 0 7 7 8 7 4 4 4 8
split_gain=61.6349 34.0143 58.1857 45.0365 24.996 53.8367 26.1286 19.8962 16.3936 6.92805 6.66489 16.1302 8.70304 6.54311 18.075 23.4651 5.88488 11.3094 29.2571 3.6604 9.23174 3.43475 11.7325 24.3741 3.34785 45.2974 17.7051 14.3165 2.94894 12.0357
threshold=1380.5000000000002 3534.8834019049436 3522.5000000000005 1439.5000000000002 45.850000000000001 162.50000000000003 6298.2492439535499 7.9500000000000179 1826.9000000000003 45.150000000000013 197.50000000000003 1683.5000000000002 1711.5000000000002 8828.6500000000015 8925.898283367078 3804.7000000000003 8.5999999999999961 7448.6062259185246 206.50000000000003 298.85000000000008 9.0499999999999847 1.5000000000000002 8343.0804862486129 6837.4669710279468 10798.500000000002 8925.898283367078 54.050000000000004 53.850000000000001 37.250000000000007 7198.2000000000007
decision_type=2 2 2 2 2 2 2 2 2 2 2 2 2 2 2 2 2 2 2 2 2 2 2 2 2 2 2 2 2 2
left_child=16 -2 3 8 5 -4 10 -8 9 -3 11 -7 -13 14 15 -6 -1 18 -18 -11 -21 -15 23 -23 25 26 27 -19 29 -12
right_child=1 2 4 -5 13 6 7 -9 -10 19 28 12 -14 21 -16 -17 17 24 -20 20 -22 22 -24 -25 -26 -27 -28 -29 -30 -31
leaf_value=0.067915829801572597 0.06656027455686013 -0.053600477890253864 -0.050677663536138319 -0.051147763264417181 0.066260582180528368 -0.051731988118194398 0.050870738531322547 -0.057947641968143476 -0.056438657401381022 0.064030877767267347 0.050749950578180505 0.058761425291916136 -0.050992524921533715 0.065119737459589475 0.06418605368506991 -0.054431434543046553 -0.052166392536514464 -0.054135801229002016 0.054292902881002872 0.055359360725281928 -0.055504985376657545 0.073502866991076443 0.065626663684849693 -0.074219936936180772 0.066116548126885638 0.067039322736308846 -0.053155730763498513 0.076015284093510938 0.056332922543890579 0.0095831430229209001
leaf_weight=528.65948295593262 143.87701115012169 1.6591194253414894 17.307033550925553 29.303581392392516 7.1520843086764243 5.8600082509219673 6.7025609025731709 11.252709527499972 4.496166947297751 19.348192737437788 103.12092831172049 14.323390000499787 2.0668557034805408 142.39432074595243 28.592868775129318 9.2173533914610726 7.677331903949379 2.9981940872967261 40.489394381642342 7.2007254883646947 2.5401669414713979 6.0418133735656721 28.288407599553466 5.1919654523953795 285.1859762519598 149.59982348978519 11.423304526135324 7.1558084413409233 72.72876881994307 21.447589937597513
leaf_count=98 32 93 1569 2661 37 426 9 387 198 52 196 42 131 140 8 562 493 68 26 24 96 1 8 74 67 32 314 8 79 69
internal_value=0.0565013 0.0449313 0.0392344 -0.00534459 0.0452081 0.0344605 0.0406646 -0.0173266 0.032738 0.0457779 0.0454073 0.0194658 0.0449211 0.0572788 0.0401992 -0.00169905 0.0642294 0.0603667 0.0373243 0.051446 0.0264489 0.0615002 0.0484593 0.00522916 0.0627987 0.0572711 -0.0104542 0.0375853 0.0483329 0.0436621
internal_weight=1723.3 690.114 546.237 64.548 481.689 254.81 237.503 17.9553 35.2444 30.7482 219.548 22.2503 16.3902 226.879 44.9623 16.3694 1033.19 504.53 48.1667 29.0891 9.74089 181.917 39.5222 11.2338 456.363 171.177 21.5773 10.154 197.297 124.569
internal_count=8000 6894 6862 3124 3738 2908 1339 396 463 265 943 599 173 830 607 599 1106 1008 519 172 120 223 83 75 489 422 390 76 344 265
is_linear=0
shrinkage=0.05


Tree=25
num_leaves=31
num_cat=0
split_feature=3 3 8 8 4 5 7 3 5 6 7 1 4 6 7 5 8 7 4 7 3 0 1 2 5 4 4 1 7 5
split_gain=59.8172 32.7172 51.0249 29.4815 24.8506 44.3961 23.2251 19.867 21.8927 18.6574 7.93979 6.04775 18.7158 5.75396 10.9133 27.0406 5.4571 12.5773 32.9127 5.42682 15.2808 9.54935 5.20346 22.2197 4.59934 5.6653 30.2722 5.75126 21.8849 4.99817
threshold=1380.5000000000002 2268.5000000000005 3737.7500000000005 1826.9000000000003 45.850000000000001 162.50000000000003 6298.2492439535499 1439.5000000000002 97.500000000000014 7.9500000000000179 6806.2185961002406 297.75000000000006 40.45000000000001 8.5999999999999961 7448.6062259185246 206.50000000000003 10798.500000000002 8925.898283367078 49.750000000000007 6837.4669710279468 1429.5000000000002 1.5000000000000002 302.75000000000006 313.65000000000003 224.50000000000003 37.250000000000007 33.250000000000007 300.75000000000006 5439.0184172089857 209.50000000000003
decision_type=2 2 2 2 2 2 2 2 2 2 2 2 2 2 2 2 2 2 2 2 2 2 2 2 2 2 2 2 2 2
left_child=13 2 3 7 5 -4 11 10 -9 -8 -2 12 -7 -1 15 -15 17 18 19 -6 -21 -22 24 -24 25 26 27 29 -29 -13
right_child=1 -3 4 -5 16 6 9 8 -10 -11 -12 22 -14 14 -16 -17 -18 -19 -20 20 21 -23 23 -25 -26 -27 -28 28 -30 -31
leaf_value=0.066739460966198039 -0.053041856780336516 0.065225696819191201 -0.050637707091577833 -0.052876003450548131 0.068816890462925412 -0.059470268585081823 0.049113293554567172 -0.052483644011649344 0.066455972896721158 -0.057698245360381352 0.051145638660244942 0.056746764495559689 0.066157586533361956 -0.052074320114984654 0.061591885354489173 0.052521126401037746 0.06405578284651231 0.065238397578562105 -0.059575598300716529 -0.058352156334395749 0.058946087544876929 -0.054145316998722916 -0.075593615999456326 0.07300023506548621 0.059850448552813275 0.054029716067328662 -0.061887479060787856 -0.065527714168211848 0.069035181472862736 0.017612039307161948
leaf_weight=511.51362323760986 1.9554834878072167 140.46959473472089 14.86536713503301 20.082910531200469 18.547696927562356 5.4752387031912786 6.597973462194207 14.292425150051715 5.3048918582499018 10.749011531472204 28.18059894349426 48.671900436282158 6.4655960341915488 7.3154913652688256 442.38306901045144 39.780686408281326 111.38574565947056 54.612793251872063 8.425689369440077 3.8642763970419791 21.242466988973323 2.0464390628039828 4.3353404691442829 5.9943032264709473 51.330838024616241 58.869113752618432 7.5190848782658568 5.1963681383058411 7.219638735987246 9.8018685393035394
leaf_count=98 113 60 1421 1652 29 136 9 1367 4 387 152 178 11 493 489 26 31 13 316 169 143 98 74 1 23 155 194 106 25 27
internal_value=0.0552795 0.0437586 0.0381014 -0.00174585 0.0441071 0.0330868 0.0385401 0.0189011 -0.0202873 -0.0170722 0.0443851 0.0431148 0.00855336 0.0630311 0.0591559 0.0362742 0.0562773 0.0483095 0.0312286 0.0479698 0.0337296 0.0490085 0.0451893 0.0106356 0.0470817 0.0423072 0.033506 0.0436242 0.0127177 0.0501867
internal_weight=1674.5 673.503 533.033 69.8163 463.217 243.092 228.226 49.7334 19.5973 17.347 30.1361 210.879 11.9408 1000.99 489.479 47.0962 220.125 108.739 54.1266 45.7009 27.1532 23.2889 198.938 10.3296 188.609 137.278 78.4089 70.8898 12.416 58.4738
internal_count=8000 6894 6834 3288 3546 2747 1326 1636 1371 396 265 930 147 1106 1008 519 799 768 755 439 410 241 783 75 708 685 530 336 131 205
is_linear=0
shrinkage=0.05


Tree=26
num_leaves=31
num_cat=0
split_feature=3 7 8 3 7 5 8 8 1 2 6 6 7 5 1 2 5 7 1 4 7 2 3 3 5 5 6 4 3 2
split_gain=56.9045 31.1727 49.2344 39.8792 23.7154 45.4176 19.7588 14.0721 11.8484 15.1348 6.78897 6.05762 10.5373 39.7292 5.39931 9.48312 5.18463 9.24864 19.7497 6.00951 8.53205 15.4148 5.5706 25.0457 4.58362 8.9011 3.05335 2.73931 9.24144 3.88403
threshold=1380.5000000000002 3534.8834019049436 3522.5000000000005 1439.5000000000002 7616.1840140487602 197.50000000000003 5190.6000000000013 1826.9000000000003 300.65000000000003 309.15000000000003 11.250000000000002 8.5999999999999961 7699.1220601035302 194.50000000000003 298.85000000000008 310.85000000000008 221.50000000000003 6837.4669710279468 297.25000000000006 46.250000000000007 6208.3682781343468 308.95000000000005 1556.5000000000002 1688.5000000000002 215.50000000000003 203.50000000000003 10.950000000000019 45.250000000000007 1603.5000000000002 309.25000000000006
decision_type=2 2 2 2 2 2 2 2 2 2 2 2 2 2 2 2 2 2 2 2 2 2 2 2 2 2 2 2 2 2
left_child=11 -2 3 7 5 6 8 14 9 -4 -11 -1 13 -13 -3 -16 17 19 -19 20 22 -22 -7 -24 25 -25 -15 28 29 -18
right_child=1 2 4 -5 -6 16 -8 -9 -10 10 -12 12 -14 26 15 -17 27 18 -20 -21 21 -23 23 24 -26 -27 -28 -29 -30 -31
leaf_value=0.065658741910495921 0.064125723684071115 0.058729199842455483 -0.051645450839615206 -0.051099921483562231 0.059567167930220245 0.051509497040532259 -0.051139442222867253 -0.055983577447085132 -0.05127987613397933 0.05115256158724172 -0.052303273982378877 -0.051925983541263127 0.061176509253079582 0.040751973114746043 -0.058257682040963404 0.044676811528697589 0.043659764147412898 0.054927353218797464 -0.0672764924093915 0.068975300914137894 0.042723025955297866 -0.064018090328907859 -0.05826168796375996 0.055990250678705833 0.061573627636709385 -0.0031891865162632909 0.062028956119241634 0.064305990483442932 0.058707966949490945 -0.003892525640556191
leaf_weight=494.37089443206787 135.01995192468166 18.991513032466177 5.0284918062388924 26.579924526624382 143.89521547500044 70.6641810182482 17.361493551172316 4.1127105271443716 5.764550286345183 22.234210520982746 1.7075270330533374 9.993228121660648 393.43504110723734 26.362520663067698 3.1686897780746204 7.6142201693728566 7.3729933071881559 7.1209258772432786 6.1717294957488775 17.80529211461544 8.7582374336197955 5.5103251282125703 6.9695200128480783 14.240151756443085 19.837091378867626 11.473267497494815 46.785741444677114 33.532422222197056 44.558094594627619 10.283456234261392
leaf_count=98 32 81 408 2661 270 89 1578 198 496 300 123 587 360 38 110 74 14 9 84 4 33 73 102 33 12 45 23 10 24 31
internal_value=0.0540957 0.0427167 0.0371658 -0.00525148 0.0427381 0.0350842 -0.00758468 0.0307105 0.0141853 0.0272117 0.0437741 0.0617811 0.0577588 0.0415856 0.0426855 0.0144283 0.0434948 0.0382167 -0.00181143 0.0416437 0.0381033 0.00150106 0.0423429 0.0300096 0.0435157 0.0295845 0.0543608 0.0527863 0.0465774 0.0159644
internal_weight=1626.72 655.776 520.756 60.4671 460.289 316.394 52.0963 33.8871 34.7348 28.9702 23.9417 970.947 476.577 83.1415 29.7744 10.7829 264.298 168.551 13.2927 155.258 137.453 14.2686 123.184 52.52 45.5505 25.7134 73.1483 95.747 62.2145 17.6564
internal_count=8000 6894 6862 3124 3738 3468 2905 463 1327 831 423 1106 1008 648 265 184 563 484 93 391 387 106 281 192 90 78 61 79 69 45
is_linear=0
shrinkage=0.05


Tree=27
num_leaves=31
num_cat=0
split_feature=3 3 8 1 7 2 6 7 3 1 7 5 3 6 7 1 5 7 8 4 1 4 7 7 4 0 1 3 8 7
split_gain=54.8837 30.0628 44.2057 31.6845 22.1344 33.7451 27.3746 20.3837 28.3137 15.6671 15.397 36.3552 13.4792 6.2934 10.186 25.7454 18.5856 5.87447 5.28227 6.56709 17.8803 6.20491 13.4317 16.6768 5.77985 16.8438 28.4997 10.0197 3.76962 46.2175
threshold=1380.5000000000002 2268.5000000000005 6069.7500000000009 301.95000000000005 8925.898283367078 308.85000000000008 11.250000000000002 5101.4281066419835 1439.5000000000002 300.75000000000006 7699.1220601035302 197.50000000000003 1418.5000000000002 8.5999999999999961 7448.6062259185246 300.35000000000008 206.50000000000003 4914.6185354840218 11102.650000000003 46.850000000000001 297.25000000000006 45.850000000000001 6298.2492439535499 6837.4669710279468 37.250000000000007 1.5000000000000002 304.35000000000008 1603.5000000000002 10798.500000000002 8925.898283367078
decision_type=2 2 2 2 2 2 2 2 2 2 2 2 2 2 2 2 2 2 2 2 2 2 2 2 2 2 2 2 2 2
left_child=13 2 3 4 5 -2 7 9 12 -7 11 -4 -9 -1 15 16 -15 -13 19 21 -21 22 24 -24 25 26 -19 -27 29 -16
right_child=1 -3 10 -5 -6 6 -8 8 -10 -11 -12 17 -14 14 28 -17 -18 18 -20 20 -22 -23 23 -25 -26 27 -28 -29 -30 -31
leaf_value=0.064663640892960589 -0.053756255012303501 0.062937608621612184 -0.051135528074676043 -0.056615138380161523 0.062795344891109259 0.057680938557393271 -0.062544005016297963 -0.056232855682942277 -0.050750205324511681 -0.060571580110752865 0.060999021071968709 0.070659318913750477 0.050355588829032988 -0.052331404133580006 -0.014746915973591321 -0.076534348771584645 0.058474981546746296 -0.072855676055246163 0.06147483013504848 0.054606120633962488 -0.068211833173441386 0.063803386958205463 -0.063664543151747924 0.046851460858140313 0.050870000783156656 0.0014948804787766916 0.070307587006882999 0.058461912218834781 0.062613140219641969 0.063641142253731131
leaf_weight=477.3121862411499 16.699772426858544 131.66536257695407 10.74434281606227 14.32515386585146 26.341748118400574 50.216673083603382 8.5842314353212696 3.4274524897336986 14.911690337583421 2.9664246169850221 115.885259562172 17.715514421463013 22.034403305500746 4.2285453686490646 21.814076626673341 4.7253800043836227 36.022736892104149 8.8969046333804709 26.473758444190025 6.9154910594224912 5.185471217148006 23.716754788532853 7.151775870472191 6.5305209271609783 70.011458955705166 10.061540972441433 5.705699920654296 33.14916916936636 260.25002670288086 136.2645383477211
leaf_count=98 1284 60 1030 1060 7 283 515 216 1501 161 136 4 158 304 390 199 16 96 8 7 57 20 104 28 79 38 1 41 67 32
internal_value=0.0529514 0.0416477 0.0361259 0.014328 0.0213279 0.0121364 0.0229097 0.0307505 0.00396419 0.0510851 0.046113 0.0386856 0.0360076 0.0606343 0.0564831 0.0338729 0.0468344 0.0430423 0.0406416 0.0375313 0.00197651 0.0401353 0.0361685 -0.0109156 0.0412084 0.0295082 -0.0169173 0.0451972 0.058914 0.052824
internal_weight=1579.93 639.317 507.651 159.508 145.182 118.841 102.141 93.5566 40.3735 53.1831 348.144 232.258 25.4619 940.617 463.305 44.9767 40.2513 221.514 203.799 177.325 12.101 165.224 141.507 13.6823 127.825 57.8133 14.6026 43.2107 418.329 158.079
internal_count=8000 6894 6834 5185 4125 4118 2834 2319 1875 444 1649 1513 374 1106 1008 519 320 483 479 471 64 407 387 132 255 176 97 79 489 422
is_linear=0
shrinkage=0.05


Tree=28
num_leaves=31
num_cat=0
split_feature=3 7 8 4 7 5 8 8 1 2 6 7 1 5 6 5 7 1 4 7 2 7 8 4 7 1 6 4 4 7
split_gain=53.0115 28.8102 42.0341 35.961 21.3871 37.9106 17.8641 12.0191 10.427 13.1512 6.25822 9.26062 23.5146 17.2425 5.71611 4.77683 8.16017 17.3995 5.58017 7.41115 13.8743 5.04984 7.55055 7.56802 8.41586 20.9533 4.74494 7.68263 17.9959 4.27754
threshold=1380.5000000000002 3534.8834019049436 3522.5000000000005 45.150000000000013 7616.1840140487602 197.50000000000003 5190.6000000000013 1826.9000000000003 300.65000000000003 309.15000000000003 8.6500000000000075 7448.6062259185246 300.35000000000008 206.50000000000003 11.250000000000002 221.50000000000003 6837.4669710279468 297.25000000000006 46.250000000000007 6208.3682781343468 308.95000000000005 6191.6602412050042 7800.5500000000011 37.250000000000007 5455.4489467872609 304.35000000000008 11.049999999999985 30.350000000000005 20.150000000000002 9140.1706103051711
decision_type=2 2 2 2 2 2 2 2 2 2 2 2 2 2 2 2 2 2 2 2 2 2 2 2 2 2 2 2 2 2
left_child=10 -2 3 -3 5 6 8 29 9 -4 -1 12 13 -12 -11 16 18 -18 19 21 -21 22 23 24 26 -26 27 28 -7 -5
right_child=1 2 4 7 -6 15 -8 -9 -10 14 11 -13 -14 -15 -16 -17 17 -19 -20 20 -22 -23 -24 -25 25 -27 -28 -29 -30 -31
leaf_value=0.063655634250613408 0.062028659302822253 -0.051226862483415951 -0.05153009074868832 0.025805451429374598 0.056985997214471701 0.054463335266547175 -0.051062161741767399 -0.055572976924687351 -0.05116158980426655 0.047728381400011642 -0.052235331265409135 0.057765907713760292 -0.076635671939340066 0.056960955929161221 -0.052091734227863298 0.05000246085474043 0.05091617863722353 -0.066292232812990001 0.066107690113784978 0.039820293379784336 -0.063716516111356911 0.068644452409026585 -0.0027662709633635495 0.065081674740337422 -0.060267253812694259 0.068928844333681683 0.053594745000907655 0.049898482853715405 -0.065625190187826088 0.066113510451556765
leaf_weight=470.54834889620543 126.24420811235905 24.297716655768454 4.5873241219669607 18.42894482659176 135.89804508723319 6.4425876028835791 15.759439402725546 3.6983855264261356 5.2248870707117012 21.665979962795976 4.0295286411419502 395.04173334501684 4.3631590977311125 35.153411611914635 1.5358493048697699 91.471380040049553 6.9264044389128667 5.8327728593721986 16.837529167532921 8.5954332053661329 5.1889737825840703 13.270961344242094 11.267664194107054 23.577256293967366 7.2507261484861356 5.5332093238830566 31.541565140709281 14.40023656375706 6.0485517745837569 10.23858690261841
leaf_count=109 32 2625 408 279 270 5 1578 218 496 300 304 483 194 16 123 79 9 84 4 33 73 8 33 16 97 1 33 28 60 2
internal_value=0.0519561 0.0407053 0.0352727 -0.00525469 0.0405055 0.0331129 -0.00726486 0.0292575 0.013642 0.0258263 0.0596506 0.0553537 0.0334706 0.0457313 0.0411208 0.0408606 0.0357214 -0.00266487 0.0389876 0.0355573 0.00084511 0.0395669 0.0359286 0.0405281 0.0323993 -0.00434793 0.0404388 0.0250079 -0.00368682 0.0402014
internal_weight=1530.9 621.765 495.52 56.6636 438.857 302.959 48.7735 32.3659 33.014 27.7892 909.136 438.588 43.5461 39.1829 23.2018 254.185 162.714 12.7592 149.955 133.117 13.7844 119.333 106.062 94.7941 71.2169 12.7839 58.4329 26.8914 12.4911 28.6675
internal_count=8000 6894 6862 3124 3738 3468 2905 499 1327 831 1106 997 514 320 423 563 484 93 391 387 106 281 273 240 224 98 126 93 65 281
is_linear=0
shrinkage=0.05


Tree=29
num_leaves=31
num_cat=0
split_feature=3 7 8 4 4 5 7 6 8 6 7 5 3 8 7 4 6 1 4 2 2 5 6 6 3 0 5 5 4 5
split_gain=51.0819 27.8047 38.7839 33.8131 20.6015 38.376 18.2327 15.4093 11.0985 6.5848 9.48242 33.6401 6.19975 5.45095 12.2306 30.0571 8.47041 5.08716 15.8867 4.85284 19.5502 4.08913 5.86589 18.0195 8.58291 18.8257 4.3685 3.11748 11.2856 3.05366
threshold=1380.5000000000002 3534.8834019049436 3522.5000000000005 45.150000000000013 45.850000000000001 162.50000000000003 6298.2492439535499 7.9500000000000179 1826.9000000000003 8.5999999999999961 7699.1220601035302 194.50000000000003 1402.5000000000002 10798.500000000002 8925.898283367078 49.750000000000007 11.049999999999985 297.75000000000006 40.45000000000001 311.85000000000008 313.65000000000003 224.50000000000003 11.049999999999985 10.099999999999996 1542.5000000000002 1.5000000000000002 211.50000000000003 19.500000000000004 63.850000000000001 203.50000000000003
decision_type=2 2 2 2 2 2 2 2 2 2 2 2 2 2 2 2 2 2 2 2 2 2 2 2 2 2 2 2 2 2
left_child=9 -2 3 -3 5 -4 17 -8 12 -1 11 -11 -5 14 15 16 -6 18 -7 21 -21 22 23 24 26 -26 -19 28 -14 -27
right_child=1 2 4 8 13 6 7 -9 -10 10 -12 -13 27 -15 -16 -17 -18 19 -20 20 -22 -23 -24 -25 25 29 -28 -29 -30 -31
leaf_value=0.062897730126881254 0.061078573204824585 -0.051180345498874548 -0.050592323724747028 -0.056506926478619594 0.048313388083479819 -0.059738325284754916 0.044614318930557888 -0.057533508818894241 -0.055360375890661007 -0.051967805621555979 0.057656543386862907 0.05042805147973322 -0.055742198483727495 0.059609237704597362 0.060986224377456426 -0.059127795790796848 -0.059113986295268421 0.054106611738310897 0.060566659810517079 -0.078558204316461266 0.067668053720955162 0.054970204359196896 0.052423896485597921 -0.063706111265979345 -0.059811587336603439 0.051748666108310054 0.016464050599394681 0.055666325394061446 0.065304843298301746 0.015435999072208946
leaf_weight=443.73581027984619 121.90761068463326 23.133181853219867 14.110323786735533 1.6145427199080646 39.691019532736391 5.0566694424487633 6.0504917763173571 9.4716056659817678 3.5311835706233969 9.0982457194477302 359.18192790262401 67.748553108423948 3.1377749368548411 98.73144356906414 48.163309097290039 8.6416504825465363 1.9238471067510534 44.803681992925704 6.0004925476387143 3.9860427230596525 5.3589081764221191 46.820219442248344 45.465936419088393 4.8167877993546417 6.6667423979379263 12.883370582945647 9.3089056313037855 18.611929450184107 4.9841723442077637 10.514630852267144
leaf_count=98 32 2625 1569 79 366 138 9 387 218 587 360 61 112 31 13 328 92 110 11 93 1 22 117 130 181 85 21 89 1 34
internal_value=0.0509175 0.039739 0.0343583 -0.00516322 0.0394326 0.0293108 0.0345016 -0.0177164 0.0282288 0.0586097 0.054246 0.0383049 0.0386409 0.0513084 0.0429814 0.0257264 0.043347 0.0385204 0.0055487 0.040433 0.00529596 0.0422443 0.037813 0.0303484 0.0357304 0.0143109 0.047631 0.0443872 0.0185404 0.0354304
internal_weight=1485.15 605.386 483.479 55.0128 428.466 231.315 217.204 15.5221 31.8796 879.765 436.029 76.8468 28.3484 197.151 98.4198 50.2565 41.6149 201.682 11.0572 190.625 9.34495 181.28 134.46 88.9941 84.1773 30.0647 54.1126 26.7339 8.12195 23.398
internal_count=8000 6894 6862 3124 3738 2908 1339 396 499 1106 1008 648 281 830 799 786 458 943 149 794 94 700 678 561 431 300 131 202 113 119
is_linear=0
shrinkage=0.05


Tree=30
num_leaves=31
num_cat=0
split_feature=3 3 8 1 7 2 6 4 3 7 5 1 4 7 6 7 5 1 1 7 8 4 1 4 4 7 2 2 4 3
split_gain=48.9404 26.7597 35.1542 27.3288 18.3771 28.6465 24.6293 16.8341 24.283 14.2423 29.8693 13.0307 12.1245 9.69306 6.8811 9.38535 40.7161 15.8781 10.5661 5.50971 5.07214 5.6576 15.5238 5.75676 9.35422 24.1689 5.57511 25.0412 26.1323 4.27835
threshold=1380.5000000000002 2268.5000000000005 6069.7500000000009 301.95000000000005 8925.898283367078 308.85000000000008 11.250000000000002 28.950000000000003 1439.5000000000002 7699.1220601035302 197.50000000000003 300.75000000000006 48.650000000000013 6806.2185961002406 8.5999999999999961 8275.892291363838 188.50000000000003 302.25000000000006 302.35000000000008 4914.6185354840218 11102.650000000003 46.850000000000001 297.25000000000006 45.250000000000007 41.350000000000001 6166.7421754742818 310.45000000000005 308.95000000000005 30.550000000000004 1483.5000000000002
decision_type=2 2 2 2 2 2 2 2 2 2 2 2 2 2 2 2 2 2 2 2 2 2 2 2 2 2 2 2 2 2
left_child=14 2 3 4 5 -2 7 11 12 10 -4 -7 13 -9 -1 16 17 -16 -19 -12 21 23 -23 24 26 -26 27 29 -29 -21
right_child=1 -3 9 -5 -6 6 -8 8 -10 -11 19 -13 -14 -15 15 -17 -18 18 -20 20 -22 22 -24 -25 25 -27 -28 28 -30 -31
leaf_value=0.062111476692046391 -0.053557362946799129 0.060084142405034006 -0.051023131451003283 -0.056822364425865926 0.059608333535146343 0.054145468292909407 -0.063849361640154575 -0.051261911601868174 -0.050712515014477315 0.057790633238914417 0.067166712619971577 -0.059654133369679466 -0.05969993767911224 0.058440346967105344 -0.055358281265309478 0.059165074982260007 0.053573765367287911 0.062153066392679861 -0.055706650003404801 0.065874847207435736 0.058406608865752344 0.050083593580707388 -0.067603902160902826 0.057002820335828375 0.069779083311280674 -0.067570636668735293 0.045861277684489915 0.053020631799949862 -0.076020981603604765 0.029075158467332836
leaf_weight=427.30164909362793 14.778094341512768 118.73507280554622 9.5566522157751006 12.729900179896502 23.869486436247826 46.887544865254313 7.7980692363344124 2.2526889974251452 13.277264080941675 105.55904949177057 16.430469766259193 2.658110837917774 3.0576362540014079 18.970689765643328 12.782685500569643 255.04024042934179 145.96605017688125 6.9365813843905908 2.6198464189656079 17.684664919972423 24.174632459878922 6.5846977606415731 4.877755843102932 27.847103949636221 5.6417078971862775 7.4092378607019782 66.595707106404006 6.3819110020995167 10.184300365857778 14.272466586902736
leaf_count=98 1284 60 1030 1060 7 288 515 176 1495 136 4 162 121 77 671 147 103 15 72 7 8 7 57 32 1 99 117 7 91 53
internal_value=0.0499672 0.038878 0.0335148 0.0131775 0.0198498 0.0111973 0.0212808 0.0289022 0.00365598 0.0427194 0.0354097 0.0480402 0.0333856 0.0467963 0.0576353 0.0531173 0.043953 -0.0189104 0.0298424 0.0393793 0.0369971 0.0339067 2.61704e-06 0.0363976 0.0319208 -0.00819663 0.0364689 0.0235784 -0.0263094 0.0494396
internal_weight=1438.86 588.215 469.48 146.279 133.55 109.68 94.902 87.1039 37.5583 323.2 217.641 49.5457 24.281 21.2234 850.647 423.345 168.305 22.3391 9.55643 208.085 191.654 167.48 11.4625 156.017 128.17 13.0509 115.119 48.5233 16.5662 31.9571
internal_count=8000 6894 6834 5185 4125 4118 2834 2319 1869 1649 1513 450 374 253 1106 1008 861 758 87 483 479 471 64 407 375 100 275 158 98 60
is_linear=0
shrinkage=0.05


Tree=31
num_leaves=31
num_cat=0
split_feature=3 7 8 3 7 5 8 8 1 2 6 7 6 0 4 8 1 8 7 6 1 2 5 7 1 4 7 2 7 8
split_gain=47.1372 25.6703 33.3075 30.4942 18.8832 29.6222 15.6468 10.3486 8.87817 10.9339 6.99021 9.25121 28.3113 5.1256 38.505 51.4311 10.4247 5.55182 45.5863 4.67584 4.25624 7.77219 4.11533 7.21309 15.2075 5.13176 6.25643 11.8687 4.39992 6.76887
threshold=1380.5000000000002 3534.8834019049436 3522.5000000000005 1439.5000000000002 7616.1840140487602 197.50000000000003 5190.6000000000013 1826.9000000000003 300.65000000000003 309.15000000000003 8.5999999999999961 7246.7955498396723 11.099999999999996 1.5000000000000002 60.050000000000004 10798.500000000002 302.25000000000006 10798.500000000002 8925.898283367078 11.250000000000002 298.85000000000008 310.85000000000008 221.50000000000003 6837.4669710279468 297.25000000000006 46.250000000000007 6208.3682781343468 308.95000000000005 6191.6602412050042 7800.5500000000011
decision_type=2 2 2 2 2 2 2 2 2 2 2 2 2 2 2 2 2 2 2 2 2 2 2 2 2 2 2 2 2 2
left_child=10 -2 3 7 5 6 8 20 9 -4 -1 12 -12 17 15 16 -15 18 -13 -11 -3 -22 23 25 -25 26 28 -28 29 -7
right_child=1 2 4 -5 -6 22 -8 -9 -10 19 11 13 -14 14 -16 -17 -18 -19 -20 -21 21 -23 -24 24 -26 -27 27 -29 -30 -31
leaf_value=0.061382101670566819 0.059358236441109297 0.053111168630882666 -0.051352155511884767 -0.05099259557333749 0.053876750177749948 0.037209714207743737 -0.050952347370853204 -0.05496555801496638 -0.051066154930610008 0.044306121850459616 -0.068975718642641459 -0.053711277677274474 0.051021255261267086 -0.052293426435755345 0.057411000444943752 -0.22619420206755764 0.049082139781791344 0.062102900415451572 0.060201822100932924 -0.051881525236570393 -0.057436992741335652 0.040307034412399252 0.046247015880040945 0.046639769671299167 -0.066051817408305347 0.062849391960221088 0.035841434278850774 -0.063452961626958945 0.063995765410361269 -0.0043795360587509328
leaf_weight=411.16875648498535 113.47176663577557 16.755653108004488 4.0213808636181119 21.265696101821959 123.66461796406657 89.013601851649582 13.930726593360303 3.3903348557651034 4.5882754107005885 20.473551205359403 6.287286649458113 9.9486946342512947 22.527263095602393 3.8262785710394365 81.311273198574781 2.7478719353675833 7.5198589768260717 200.82189445197582 74.93542742729187 1.3465571803972114 2.8775266911834461 6.9359773388132453 85.148854359984398 6.590269632637499 5.4857678669504821 15.504279837012289 8.2153316587209684 4.7492688554339102 12.596011830493806 10.991588544100521
leaf_count=98 32 81 408 2661 270 240 1578 198 496 300 343 277 80 138 66 16 21 47 20 123 110 74 79 9 84 4 33 73 8 33
internal_value=0.0491031 0.0380703 0.0327908 -0.0052033 0.0375808 0.0304511 -0.00706424 0.0272986 0.0130277 0.0244079 0.0567757 0.0521553 0.0248381 0.0542207 0.0441863 -0.0321095 0.0148951 0.0575715 0.0468508 0.0383702 0.0377959 0.0116464 0.0374349 0.0325354 -0.00455251 0.0357103 0.0323593 -0.000532674 0.0361464 0.0326386
internal_weight=1392.11 571.017 457.545 51.2252 406.32 282.655 44.3605 29.9595 30.4298 25.8415 821.095 409.926 28.8145 381.111 95.4053 14.094 11.3461 285.706 84.8841 21.8201 26.5692 9.8135 238.295 153.146 12.076 141.07 125.566 12.9646 112.601 100.005
internal_count=8000 6894 6862 3124 3738 3468 2905 463 1327 831 1106 1008 423 585 241 175 159 344 297 423 265 184 563 484 93 391 387 106 281 273
is_linear=0
shrinkage=0.05


Tree=32
num_leaves=31
num_cat=0
split_feature=3 3 8 6 7 5 2 2 8 8 2 6 5 0 2 6 7 6 7 5 3 4 4 4 2 0 4 8 1 8
split_gain=46.6552 25.0738 30.7295 23.0465 17.8908 40.4272 16.0005 20.9956 9.07679 8.20025 7.22515 16.2309 23.5592 7.73357 15.6148 6.93868 8.88798 26.3394 6.31307 7.69767 13.6079 5.87006 5.847 19.536 7.60792 5.18921 36.0646 40.7452 9.63697 5.19526
threshold=1380.5000000000002 2268.5000000000005 8549.4000000000015 8.5499999999999847 8925.898283367078 197.50000000000003 309.15000000000003 310.95000000000005 5190.6000000000013 940.4000000000002 310.55000000000007 9.9000000000000075 200.50000000000003 1.5000000000000002 307.65000000000003 8.5999999999999961 7246.7955498396723 11.099999999999996 7699.1220601035302 206.50000000000003 1386.5000000000002 48.650000000000013 45.150000000000013 28.950000000000003 309.65000000000003 1.5000000000000002 60.050000000000004 10798.500000000002 302.25000000000006 10798.500000000002
decision_type=2 2 2 2 2 2 2 2 2 2 2 2 2 2 2 2 2 2 2 2 2 2 2 2 2 2 2 2 2 2
left_child=15 2 3 -2 5 6 -5 8 9 -8 11 13 -13 14 -7 -1 17 -17 19 20 -4 22 23 24 -11 29 27 28 -27 -18
right_child=1 -3 18 4 -6 10 7 -9 -10 21 -12 12 -14 -15 -16 16 25 -19 -20 -21 -22 -23 -24 -25 -26 26 -28 -29 -30 -31
leaf_value=0.060704458392001365 -0.061294179383771068 0.058447951651269994 0.052515532412516455 -0.051489976885438042 0.05896984503179975 0.055460411806152354 -0.05336117809393031 -0.053186233683391676 -0.050560468535144648 0.056108998369320234 0.045926112788027364 0.052192501589028752 -0.072377697530242313 0.049206183302326616 -0.068231986209094431 -0.068266119918668364 0.046287948460972297 0.049582206168965248 0.056885351717900989 0.043381621955840652 -0.060851232845954784 -0.057883376412902227 0.052995102013353938 -0.05081457813229448 -0.051284069005002902 -0.05218468633993948 0.056425682920214153 -0.19108216477315867 0.046978127800978153 0.061325991473347621
leaf_weight=395.37077808380127 8.3011005055159313 110.50469350256026 5.5335974926128966 17.346582554280758 30.957059875130653 5.6788602247834188 3.310843371320515 13.592709635384379 4.6331979334354392 15.871892192400997 73.801268332637846 6.4444422163069239 9.2339665787294489 34.678011190146208 4.6330600092187524 6.0412528878077891 81.696187725290656 22.034687431529164 89.212188485078514 87.673448155634105 5.0743830702267587 1.9022938567213703 18.742871900089085 7.6151240137405685 1.8403407298028458 3.6470615863800031 78.662077084183693 3.0802489072084418 7.4652312435209751 193.38613292574883
leaf_count=98 418 60 12 1896 9 4 311 1517 557 85 124 19 91 40 45 343 297 80 81 143 178 92 136 901 175 138 66 16 21 47
internal_value=0.0482178 0.0371258 0.0318438 0.0206691 0.0233876 0.0183652 -0.00865776 0.00234803 0.0163486 0.0226388 0.0354179 0.0226349 -0.0211744 0.0379018 -0.000113554 0.0560188 0.0513408 0.0242241 0.0472555 0.0385142 -0.00171405 0.0281121 0.0318241 0.0161571 0.0449506 0.05341 0.0431897 -0.0301707 0.0144328 0.0568599
internal_weight=1347.97 556.582 446.077 258.584 250.283 219.325 84.8559 67.5093 53.9166 49.2834 134.47 60.6683 15.6784 44.9899 10.3119 791.384 396.013 28.0759 187.494 98.2814 10.608 45.9725 44.0702 25.3274 17.7122 367.937 92.8546 14.1925 11.1123 275.082
internal_count=8000 6894 6834 6420 6002 5993 5670 3774 2257 1700 323 199 110 89 49 1106 1008 423 414 333 190 1389 1297 1161 260 585 241 175 159 344
is_linear=0
shrinkage=0.05


Tree=33
num_leaves=31
num_cat=0
split_feature=3 7 8 3 4 5 7 8 8 6 7 5 2 2 8 2 7 6 5 8 6 2 2 1 4 7 5 6 6 3
split_gain=45.1127 24.1959 28.3276 27.3996 17.9162 29.3312 14.8688 12.8291 9.16806 7.18086 8.78543 35.5481 13.5978 10.1712 5.13223 9.7706 6.19193 14.1509 9.64634 16.0577 4.93287 4.18029 18.0729 4.54728 13.374 3.84126 3.7229 5.18602 15.2617 7.66737
threshold=1380.5000000000002 3534.8834019049436 3522.5000000000005 1439.5000000000002 45.850000000000001 162.50000000000003 6298.2492439535499 10380.800000000001 1826.9000000000003 8.5999999999999961 8275.892291363838 188.50000000000003 311.75000000000006 311.85000000000008 11102.650000000003 308.05000000000007 8925.898283367078 11.049999999999985 189.50000000000003 3804.7000000000003 8.9500000000000188 311.85000000000008 313.65000000000003 297.75000000000006 40.45000000000001 7246.7955498396723 224.50000000000003 11.049999999999985 10.099999999999996 1542.5000000000002
decision_type=2 2 2 2 2 2 2 2 2 2 2 2 2 2 2 2 2 2 2 2 2 2 2 2 2 2 2 2 2 2
left_child=9 -2 3 8 5 -4 21 -8 20 -1 11 12 -11 -14 15 -6 17 18 19 -17 -3 23 -23 24 -7 -13 27 28 29 -25
right_child=1 2 4 -5 14 6 7 -9 -10 10 -12 25 13 -15 -16 16 -18 -19 -20 -21 -22 22 -24 26 -26 -27 -28 -29 -30 -31
leaf_value=0.060073977700791217 0.057826595107606842 -0.057088214796907337 -0.050536037171699938 -0.050981010933706161 -0.065170199727771036 -0.059668274041288105 -0.056787009946431322 0.041460615184983673 -0.054594030224140222 -0.055156847667382249 0.056563591464249198 0.032719457190574674 0.059994349715880392 -0.055703452029964212 0.058141982581309329 0.059339053931314639 0.057614393422874215 -0.069977358352326602 0.048659268364704363 -0.054865159302871315 0.041330247796811541 -0.080640646858426562 0.0645136947944107 0.042976183882340618 0.056128058214937715 0.054687356282629586 0.050477198489438949 0.047681793143638962 -0.063212564268518359 0.010491541879572991
leaf_weight=379.93500423431396 105.35988204181194 1.3447081577032864 11.864739397075025 19.40658506564796 2.1398800876922897 4.6018417505547387 8.6859277258627099 5.3812734633684149 3.1321756318211547 11.72758573992178 229.97589357756078 24.367284291423857 6.486595983617006 2.6862902748398483 68.430213168263435 5.8242272455245239 41.945479437708855 3.180231853388249 46.823168206959963 6.5275089982897043 23.932263508904725 3.8483569067902845 4.8431644439697266 50.4062480754219 5.4425917877815664 108.52468560636044 42.611988186836243 42.064656683243811 4.5191640295088282 28.398772423621267
leaf_count=98 32 31 1569 2661 92 138 392 4 198 666 147 46 12 80 21 27 13 145 95 437 234 93 1 131 11 57 22 117 130 300
internal_value=0.0473771 0.0363265 0.0311232 -0.0051867 0.0356032 0.0258547 0.0303683 -0.0192033 0.0260959 0.0552012 0.0503771 0.0411261 -0.0194892 0.0261121 0.047459 0.0405909 0.0427607 0.0327689 0.0382908 -0.00101433 0.0360945 0.0341026 0.000243507 0.0357555 0.00307615 0.0506593 0.0377093 0.0333703 0.0261454 0.0312698
internal_weight=1304.42 540.715 435.355 47.8157 387.539 212.669 200.804 14.0672 28.4091 763.703 383.768 153.792 20.9005 9.17289 174.871 106.44 104.301 62.3551 59.1749 12.3517 25.277 186.737 8.69152 178.045 10.0444 132.892 168.001 125.389 83.3242 78.805
internal_count=8000 6894 6862 3124 3738 2908 1339 396 463 1106 1008 861 758 92 830 809 717 704 559 464 265 943 94 849 149 103 700 678 561 431
is_linear=0
shrinkage=0.05


Tree=34
num_leaves=31
num_cat=0
split_feature=3 3 8 6 7 5 4 3 7 3 1 2 6 8 7 6 1 1 7 5 3 8 0 7 4 8 2 4 8 4
split_gain=43.8996 23.421 26.8126 20.9211 16.2575 34.4282 21.0665 13.5197 13.5656 13.4773 12.1545 9.5674 7.29845 8.55944 51.3026 18.4171 13.4817 11.3343 6.38909 6.76345 12.3716 4.53909 3.47931 5.64023 4.60033 10.6661 18.213 2.86857 4.33799 3.12025
threshold=1380.5000000000002 2268.5000000000005 8549.4000000000015 8.5499999999999847 8925.898283367078 162.50000000000003 39.050000000000004 1439.5000000000002 3534.8834019049436 1418.5000000000002 297.75000000000006 309.85000000000008 8.5999999999999961 10798.500000000002 8925.898283367078 11.349999999999996 302.25000000000006 302.35000000000008 7699.1220601035302 206.50000000000003 1386.5000000000002 940.4000000000002 1.5000000000000002 6280.7976967628592 45.250000000000007 8685.8000000000011 308.35000000000008 38.850000000000001 7874.2500000000009 37.250000000000007
decision_type=2 2 2 2 2 2 2 2 2 2 2 2 2 2 2 2 2 2 2 2 2 2 2 2 2 2 2 2 2 2
left_child=12 2 3 -2 5 7 10 9 -9 -5 -7 -11 -1 14 15 16 -14 -18 19 20 -4 -13 24 -24 25 -21 -27 28 29 -12
right_child=1 -3 18 4 -6 6 -8 8 -10 11 27 21 13 -15 -16 -17 17 -19 -20 22 -22 -23 23 -25 -26 26 -28 -29 -30 -31
leaf_value=0.059486610501796738 -0.060933106706626605 0.056973520419048795 0.05013577070591823 -0.05329934098669601 0.057448897958124912 -0.055344932793977654 -0.065455379243794867 0.047860240583197343 -0.05047580285358283 -0.05296493730740838 0.03364198781164144 -0.05794662882183943 -0.057515693751932474 0.055651217015528179 0.057999388842964843 0.044800659872883342 0.05361219104152274 -0.056284220535075348 0.055239513071658225 0.053812452619821809 -0.061041310247658721 0.046485524928086587 0.057482508941240441 -0.0065504583448402062 0.055874031288204021 0.055318483138540923 -0.076948992668150668 0.070266191553155957 -0.0005184301103812269 0.054602196574901229
leaf_weight=364.88316440582275 7.8016687054187051 102.59886135719717 5.2783319074660522 6.5910075195133713 28.865186512470245 3.7008714713156214 5.521063571330159 4.0358841866254833 26.770737092941999 3.1622725683264461 103.47502577118576 1.1017085770145083 17.504275511484597 224.90366831421852 107.14902657270432 11.330573897808788 6.6223486661910993 3.6335440850816667 83.25296728592366 17.177930159494284 4.7577927247621119 18.726973382290453 5.6508146822452536 8.7859416808933002 42.132747113704681 5.2442118469625694 5.1669382583349943 6.0057777492329469 8.1006728559732419 21.433593630325049
leaf_count=98 418 60 12 540 9 128 374 2 3880 201 585 31 729 79 32 66 16 86 81 12 178 155 3 45 27 4 52 8 20 69
internal_value=0.0465846 0.0355437 0.0303427 0.0196325 0.0222791 0.0174131 0.0303772 -0.0144102 -0.0375931 0.00973252 0.0340845 0.0278024 0.0544651 0.0495283 0.0401119 -0.00891838 -0.0308443 0.0146772 0.0451477 0.0362282 -0.00256958 0.0406831 0.040855 0.0185132 0.0454811 0.0296095 -0.0103244 0.0364653 0.0349391 0.0372386
internal_weight=1261.37 525.339 422.74 245.292 237.491 208.626 148.237 60.3886 30.8066 29.582 142.716 22.991 736.027 371.143 146.24 39.0907 27.7602 10.2559 177.448 94.1947 10.0361 19.8287 84.1586 14.4368 69.7218 27.5891 10.4112 139.015 133.009 124.909
internal_count=8000 6894 6834 6420 6002 5993 1184 4809 3882 927 810 387 1106 1008 929 897 831 102 414 333 190 186 143 48 95 68 56 682 674 654
is_linear=0
shrinkage=0.05


Tree=35
num_leaves=31
num_cat=0
split_feature=3 7 8 6 7 5 4 3 4 1 2 7 6 7 5 1 1 8 6 3 7 7 5 5 1 6 6 4 8 4
split_gain=43.2153 22.7262 25.1931 19.586 15.4414 37.9847 19.7484 19.5164 12.794 11.4123 10.6634 7.27746 7.21921 8.24682 30.1753 12.7063 7.85801 6.22607 8.60516 17.4489 3.55294 3.21868 5.17193 11.2687 5.02433 5.25563 19.0056 2.65992 4.13746 2.8295
threshold=1380.5000000000002 3534.8834019049436 8549.4000000000015 8.5499999999999847 8925.898283367078 162.50000000000003 39.050000000000004 1439.5000000000002 48.650000000000013 297.75000000000006 309.85000000000008 6806.2185961002406 8.6500000000000075 8275.892291363838 188.50000000000003 302.25000000000006 302.35000000000008 11102.650000000003 10.950000000000019 1386.5000000000002 7246.7955498396723 7757.6918191419563 207.50000000000003 206.50000000000003 298.85000000000008 8.1500000000000075 9.5499999999999847 38.850000000000001 7874.2500000000009 37.250000000000007
decision_type=2 2 2 2 2 2 2 2 2 2 2 2 2 2 2 2 2 2 2 2 2 2 2 2 2 2 2 2 2 2
left_child=12 -2 3 -3 5 7 9 8 10 -7 -5 -12 -1 14 15 -14 -17 18 21 -20 -16 22 23 -4 -24 -26 -27 28 29 -11
right_child=1 2 17 4 -6 6 -8 -9 -10 27 11 -13 13 -15 20 16 -18 -19 19 -21 -22 -23 24 -25 25 26 -28 -29 -30 -31
leaf_value=0.058826690156718646 0.056448585611328421 -0.060481924660394329 -0.062690959888761041 -0.052197290623233056 0.056707991818782888 -0.055053913202945184 -0.065003535169098889 -0.050454628535191018 -0.055171735687395432 0.033071712327036519 -0.050898500516512318 0.051730190472222715 -0.055321559897511863 0.054993183954297177 0.031056522949744026 0.054554568447179874 -0.055501815305019388 0.056646601850853719 0.059488768948144338 -0.07627990639344881 0.052784387747356547 0.053019944893955111 0.064199173427436446 0.048055142251692967 0.053273585841230812 -0.07010499136463115 0.040124225479490405 0.068597025179696389 -0.00049245082121390392 0.053170921609346361
leaf_weight=358.17292343825102 97.645093023777008 7.4751406139694145 4.0510178334079665 3.6111674606800142 27.807054609060287 3.5603631581179789 5.287390269804745 25.690422972198576 6.0494574918411663 107.3480573692359 1.9194078976288462 17.263612987473607 10.65573161840439 210.03139605373144 23.320958481635898 6.368251293897627 2.1761151384562254 63.652106702327728 4.7191693931817991 4.7469892553053796 97.366135735064745 36.824081632308662 15.65593405254185 5.3049237467348576 15.034069642424582 5.0652514593675759 17.152538541704416 5.8483220697380593 8.1015873812139017 20.923124828375876
leaf_count=109 32 418 148 310 9 130 374 3901 333 592 190 94 668 146 45 15 68 21 5 84 55 53 9 6 8 50 30 8 20 69
internal_value=0.0458406 0.0347549 0.0296271 0.0191869 0.0217383 0.0170088 0.0299212 -0.0187607 0.00946839 0.0333641 0.0266235 0.0414614 0.0538366 0.0487288 0.0393233 -0.0188985 0.0265249 0.044231 0.0369509 -0.00859507 0.0485858 0.041302 0.0343718 0.000103321 0.0404317 0.0304428 0.014994 0.0355775 0.0341615 0.0363502
internal_weight=1218.83 510.736 413.091 240.885 233.41 205.603 151.069 54.5341 28.8436 145.781 22.7942 19.183 708.092 349.919 139.887 19.2001 8.54437 172.206 108.554 9.46616 120.687 99.0878 62.2637 9.35594 52.9078 37.2519 22.2178 142.221 136.373 128.271
internal_count=8000 6894 6862 6448 6030 6021 1193 4828 927 819 594 284 1106 997 851 751 83 414 393 89 100 304 251 154 97 88 80 689 681 661
is_linear=0
shrinkage=0.05


Tree=36
num_leaves=31
num_cat=0
split_feature=3 7 8 6 7 5 3 4 4 2 6 4 0 2 5 8 2 8 6 3 6 2 7 4 8 2 7 5 5 1
split_gain=42.0607 21.9973 23.9727 18.2981 14.7599 34.8565 18.5988 18.2827 12.0071 9.92353 7.36801 8.07356 34.6279 47.7906 33.7297 11.943 6.90078 6.05024 7.97709 16.3516 3.46094 15.7375 12.2547 25.821 4.13573 18.7782 3.07495 4.77366 10.5588 4.77222
threshold=1380.5000000000002 3534.8834019049436 8549.4000000000015 8.5499999999999847 8925.898283367078 162.50000000000003 1439.5000000000002 39.050000000000004 48.650000000000013 309.85000000000008 8.5999999999999961 60.050000000000004 1.5000000000000002 311.65000000000003 188.50000000000003 10798.500000000002 310.95000000000005 11102.650000000003 10.950000000000019 1386.5000000000002 9.6500000000000075 308.85000000000008 5400.4920193004627 38.850000000000001 6457.9000000000005 309.65000000000003 7757.6918191419563 207.50000000000003 206.50000000000003 298.85000000000008
decision_type=2 2 2 2 2 2 2 2 2 2 2 2 2 2 2 2 2 2 2 2 2 2 2 2 2 2 2 2 2 2
left_child=10 -2 3 -3 5 6 8 20 9 -5 -1 12 14 15 -12 -14 -11 18 26 -20 24 -22 -23 -24 25 -7 27 28 -4 -29
right_child=1 2 17 4 -6 7 -8 -9 -10 16 11 -13 13 -15 -16 -17 -18 -19 19 -21 21 22 23 -25 -26 -27 -28 29 -30 -31
leaf_value=0.058428075717697772 0.055804872825722766 -0.060045408599646057 -0.062469874142510574 -0.052105571298439915 0.056001641666319359 0.044130094051382796 -0.050433802356573958 -0.064546221938520304 -0.054976485481103135 0.050197951496238818 -0.055195302414234551 0.05459859527183341 -0.061897664602230833 0.04402418492719213 0.05517046553168925 -0.18238585728301104 -0.052193608589487829 0.055925560831302783 0.058428767944158189 -0.07532979932473266 -0.058276872678735603 0.042242743508102233 -0.072982505057628752 0.069097974593374661 0.04669289548861668 -0.074948866109483953 0.052060909223733076 0.062999456864911069 0.046662953713143496 0.029617517222145746
leaf_weight=336.02093839645386 93.927151173353195 7.1609617820940903 3.866742617916314 3.4409431074746015 26.776058033108711 16.69513679062948 24.447323188651353 5.0642631337977937 5.774344637989997 16.952831016853455 7.3480458413250735 198.95253686234355 4.9089863598346728 11.577218864578752 119.63442465336993 3.5396494418382645 1.8224443495273579 61.308606624603271 4.5683859195560199 4.5709909619763494 5.3615297484211615 49.907789970748127 7.4697116082534176 5.5913831545040011 54.783575482200831 4.129656493663787 35.657100644893944 15.168760804459451 5.1929203532636166 36.392168157733977
leaf_count=98 32 418 148 310 9 64 3901 374 333 132 433 157 283 44 73 18 152 21 5 84 162 152 179 2 118 142 53 9 6 88
internal_value=0.0450972 0.0340191 0.0289301 0.0186552 0.0211247 0.0164888 -0.0185713 0.0288273 0.00925783 0.0259533 0.0531547 0.0480328 0.0391471 -0.0219596 0.048784 -0.112378 0.0402592 0.0434359 0.0361722 -0.00846958 0.0321125 0.0239569 0.0309587 -0.0121586 0.039483 0.0205162 0.0404099 0.0335568 8.41176e-05 0.0394382
internal_weight=1178.01 496.031 402.104 235.378 228.217 201.441 52.4379 149.003 27.9906 22.2162 681.982 345.961 147.008 20.0259 126.982 8.44864 18.7753 166.726 105.417 9.13938 143.939 68.3304 62.9689 13.0611 75.6084 20.8248 96.2777 60.6206 9.05966 51.5609
internal_count=8000 6894 6862 6448 6030 6021 4828 1193 927 594 1106 1008 851 345 506 301 284 414 393 89 819 495 333 181 324 206 304 251 154 97
is_linear=0
shrinkage=0.05


Tree=37
num_leaves=31
num_cat=0
split_feature=3 3 4 5 7 8 7 8 7 7 2 6 8 7 6 1 1 2 2 2 0 7 8 5 0 4 4 5 4 7
split_gain=40.7596 21.2372 22.8836 38.2241 20.9104 12.3442 11.4312 7.58231 14.6588 15.2314 8.58873 7.49889 8.08247 46.9839 16.5679 11.8546 9.83627 6.24126 3.99485 16.3279 3.78062 10.5006 14.9906 3.71556 11.8483 3.97497 14.0353 11.8255 4.1823 22.6837
threshold=1380.5000000000002 2268.5000000000005 45.150000000000013 162.50000000000003 6298.2492439535499 3989.1500000000001 3534.8834019049436 8828.6500000000015 8925.898283367078 7303.6374329186237 309.85000000000008 8.5999999999999961 10798.500000000002 8925.898283367078 11.349999999999996 302.25000000000006 302.35000000000008 310.95000000000005 311.85000000000008 313.65000000000003 1.5000000000000002 8343.0804862486129 9849.3500000000004 224.50000000000003 2.5000000000000004 40.45000000000001 39.050000000000004 218.50000000000003 37.250000000000007 5455.4489467872609
decision_type=2 2 2 2 2 2 2 2 2 2 2 2 2 2 2 2 2 2 2 2 2 2 2 2 2 2 2 2 2 2
left_child=11 2 3 6 5 -5 -2 8 9 10 -4 -1 13 14 15 -13 -17 -12 23 -20 -9 22 -22 24 25 26 27 28 29 -7
right_child=1 -3 7 4 -6 18 -8 20 -10 -11 17 12 -14 -15 -16 16 -18 -19 19 -21 21 -23 -24 -25 -26 -27 -28 -29 -30 -31
leaf_value=0.057949750653189296 0.044919254940164771 0.055016799540575659 -0.051898737202250161 -0.083433328536222054 -0.058565949317437999 0.036609508574443402 -0.050412339466919212 0.052287999456291728 0.053414458476549381 -0.054668047411535248 0.046397465277351432 -0.057950157190648867 0.05355249677826595 0.056123278837726054 0.04210201352284576 0.048825581944726436 -0.056216452454118354 -0.052033139912988607 -0.079702564569319845 0.062148092209848231 0.044715010770409853 0.053308750202125998 -0.083607381360136609 0.045331225629651258 -0.069691835195184945 0.049473112370720364 -0.075889319090167259 -0.066654931410529208 0.049480550460345045 -0.058250906995443032
leaf_weight=322.20433712005615 3.6183321774005917 91.555525273084641 3.1702012536116007 2.4155582506209603 7.1366173620335749 55.022300276905298 24.015181213151664 100.32907002652064 25.90279446542263 8.4815282565541548 17.0030348491855 16.316405542194847 202.02892452478409 95.601738721132278 10.662305468693374 6.3096147868782264 3.4457620657049119 1.778964107390492 3.7876825653947872 4.3682513236999512 5.1376612111926097 18.279565867036581 4.0859142476692796 40.050971373915672 3.0410418240353456 21.911870625801384 3.2731948783621183 3.0910610705614081 26.461016959510744 7.117276676464825
leaf_count=98 2 60 307 53 345 283 4083 148 10 548 172 729 79 32 66 16 86 160 91 1 45 8 39 27 70 43 51 19 75 254
internal_value=0.0444053 0.0333482 0.0282546 0.0167758 0.025284 0.0287929 -0.0379296 0.041051 0.0257687 0.00223879 0.0242255 0.0525063 0.0472609 0.0376558 -0.0104065 -0.0318803 0.011723 0.0370745 0.0304053 -0.00372852 0.047786 0.0313629 -0.01213 0.0321456 0.0277418 0.030277 0.0258477 0.0294795 0.0328334 0.0257445
internal_weight=1137.6 481.035 389.479 205.31 177.677 170.54 27.6335 184.169 56.3365 30.4337 21.9522 656.569 334.365 132.336 36.7341 26.0718 9.75538 18.782 168.125 8.15593 127.832 27.5031 9.22358 159.969 119.918 116.877 94.9648 91.6917 88.6006 62.1396
internal_count=8000 6894 6834 5397 1312 967 4085 1437 1197 1187 639 1106 1008 929 897 831 102 332 914 92 240 92 84 822 795 725 682 631 612 537
is_linear=0
shrinkage=0.05


Tree=38
num_leaves=31
num_cat=0
split_feature=3 7 7 5 2 2 8 6 7 1 5 6 3 6 4 8 3 4 3 5 6 6 3 6 5 3 0 8 3 8
split_gain=39.8662 20.5136 21.8151 31.9959 9.86565 13.2255 7.49464 7.43241 7.85662 17.3052 10.4789 6.21044 5.18735 4.8289 4.34687 20.6426 27.6203 4.32939 13.1283 4.03905 4.80338 14.4505 8.58747 14.3978 10.1278 15.3107 5.17944 3.80731 3.61382 3.46194
threshold=1380.5000000000002 3534.8834019049436 7616.1840140487602 197.50000000000003 309.15000000000003 310.95000000000005 5190.6000000000013 8.5999999999999961 7448.6062259185246 300.35000000000008 206.50000000000003 8.9500000000000188 1711.5000000000002 11.250000000000002 64.750000000000014 10798.500000000002 1362.5000000000002 62.45000000000001 1364.5000000000002 224.50000000000003 10.900000000000007 10.099999999999996 1542.5000000000002 8.9500000000000188 211.50000000000003 1404.5000000000002 1.5000000000000002 940.4000000000002 1576.5000000000002 10798.500000000002
decision_type=2 2 2 2 2 2 2 2 2 2 2 2 2 2 2 2 2 2 2 2 2 2 2 2 2 2 2 2 2 2
left_child=7 -2 3 4 -3 6 11 -1 9 10 -9 -6 13 27 15 16 -10 18 -18 20 21 22 24 -24 -5 -26 -22 -13 -21 -4
right_child=1 2 29 19 5 -7 -8 8 14 -11 -12 12 -14 -15 -16 -17 17 -19 -20 28 26 -23 23 -25 25 -27 -28 -29 -30 -31
leaf_value=0.057502158016681099 0.05460499616318655 -0.050946277880391924 0.037281388388491869 0.041316560361962892 -0.051845313927788239 -0.050746271668453038 -0.051040698818107556 -0.052816627858184695 -0.057270051828646834 -0.075936210396162898 0.046380809379359823 -0.051359492700985755 -0.05070047520563932 -0.052605444902675449 0.056658297823622722 0.052782137884890314 0.060452427244362922 0.058228039845342833 -0.065121957171040412 0.025414403068499763 0.046048645184583008 -0.064009472623375807 0.024492742587913036 -0.061514207694993307 0.049285111190659633 -0.069115092996642077 0.011027000707406143 0.037157399847177315 0.050198570031969286 0.0553352355170314
leaf_weight=308.8154091835022 86.854555234313011 12.158736588433383 50.086530174128711 53.102933635003865 2.900319041684269 10.692703139968215 4.3118287874385706 2.9515333240851787 10.712078077718614 3.8485235041007391 27.167317882180214 1.2656752360053385 2.1664811656810334 1.7128754626028229 118.82326552271843 136.27760654687881 5.5374719481915236 13.481672286987305 3.3348015397787094 24.154566131532192 40.591455021873116 5.047671345062553 14.731828030198814 7.265955783892422 5.3153569996356946 5.6145476242527366 14.268152668140827 30.224326255265623 37.608691513538361 56.514573022723198
leaf_count=98 32 1839 377 114 382 1634 629 304 288 199 16 162 262 197 44 55 10 4 88 34 80 77 41 94 4 50 58 788 20 20
internal_value=0.043765 0.0326836 0.0276697 0.0201828 -0.0103067 -0.00103158 0.0114523 0.0519597 0.0466463 0.0239026 0.0366598 0.0184934 0.0242612 0.0291525 0.0493272 0.0441832 0.00874356 0.0403775 0.0132531 0.029788 0.025252 0.0182119 0.0230361 -0.0039157 0.0322951 -0.0115355 0.03694 0.0335996 0.0405059 0.0468526
internal_weight=1097.54 466.59 379.735 273.134 65.4329 53.2742 42.5815 630.95 322.134 33.9674 30.1189 38.2697 35.3694 33.2029 288.167 169.344 33.066 22.3539 8.87227 207.701 145.938 91.0783 86.0306 21.9978 64.0328 10.9299 54.8596 31.49 61.7633 106.601
internal_count=8000 6894 6862 6465 5893 4054 2420 1106 1008 519 320 1791 1409 1147 489 445 390 102 98 572 518 380 303 135 168 54 138 950 54 397
is_linear=0
shrinkage=0.05


Tree=39
num_leaves=31
num_cat=0
split_feature=3 7 7 5 2 2 6 4 0 2 5 8 8 6 3 5 6 6 3 6 5 3 0 6 8 7 8 3 4 0
split_gain=39.6693 20.0144 20.6224 30.7354 9.37077 12.5335 7.30744 7.41185 32.4647 43.606 27.7204 9.36483 7.19403 5.78875 4.78076 4.61463 4.55898 13.3454 7.69513 13.4562 8.99705 14.2899 4.89704 4.46737 3.50105 3.44881 29.9439 2.63754 2.62547 2.76055
threshold=1380.5000000000002 3534.8834019049436 7699.1220601035302 197.50000000000003 309.15000000000003 310.95000000000005 8.6500000000000075 60.050000000000004 1.5000000000000002 311.65000000000003 188.50000000000003 10798.500000000002 5190.6000000000013 8.9500000000000188 1711.5000000000002 224.50000000000003 10.900000000000007 10.099999999999996 1542.5000000000002 8.9500000000000188 211.50000000000003 1404.5000000000002 1.5000000000000002 11.250000000000002 940.4000000000002 8925.898283367078 10798.500000000002 1576.5000000000002 41.350000000000001 2.5000000000000004
decision_type=2 2 2 2 2 2 2 2 2 2 2 2 2 2 2 2 2 2 2 2 2 2 2 2 2 2 2 2 2 2
left_child=6 -2 3 4 -3 12 -1 8 10 11 -8 -10 13 -6 23 16 17 18 20 -20 28 -22 -18 24 -15 26 -4 -17 -5 -30
right_child=1 2 25 15 5 -7 7 -9 9 -11 -12 -13 -14 14 -16 27 22 -19 19 -21 21 -23 -24 -25 -26 -27 -28 -29 29 -31
leaf_value=0.056957721067306455 0.05403681905599797 -0.050902670950127328 -0.056924461439909882 0.045364057052134935 -0.051760429353013337 -0.050723450729632948 -0.055654680016440167 0.052705014593517167 -0.062622874927259473 0.04153636114100831 0.053331311578663589 -0.17152434178637121 -0.050990467766466735 -0.051293669318539209 -0.050666539702368424 0.028558528503429905 0.044673789507025101 -0.063456327531460813 0.023380375291443132 -0.060911065192129646 0.047974057620724313 -0.068117811513784973 0.010500209903977011 -0.052476844459412954 0.035401825830622367 0.055430556490408622 0.053469478068371094 0.049128907034302567 0.0010098667554916151 0.04997557478527706
leaf_weight=302.68233734369278 83.46535075455904 11.711135307792572 7.2367776627652338 40.227601611055434 2.7815643772482863 10.344266965519635 6.1807621847838154 174.12323523499072 4.2785594076849547 10.774417460430412 104.12416306696832 3.6652531921863556 4.2452318528667083 1.2114743581041718 2.0621661148034027 27.174038410186768 39.769838625565171 4.8422907134518018 14.662890863604845 6.992757237982004 5.1907839924097043 5.4169242214411497 14.235636971890925 1.6458091689273704 30.042485519777983 51.402364484965801 40.630180194973946 36.533629804849625 7.8216756423935276 4.5544552681967616
leaf_count=109 32 1852 309 50 384 1648 427 156 282 44 70 18 641 163 262 35 80 77 41 95 4 50 58 198 794 18 16 20 59 8
internal_value=0.0430871 0.0319162 0.0269361 0.019805 -0.0104724 -0.00142491 0.0514622 0.0459751 0.0368926 -0.0239919 0.0472245 -0.11287 0.0107202 0.0176611 0.0231843 0.0291535 0.0241881 0.0172785 0.021885 -0.00383791 0.0306975 -0.0113093 0.0356658 0.0278133 0.0320413 0.0464372 0.0367795 0.0403548 0.0391683 0.0190294
internal_weight=1060.03 454.201 370.736 271.467 64.0441 52.333 605.829 303.146 129.023 18.7182 110.305 7.94381 41.9887 37.7435 34.9619 207.423 143.715 89.7094 84.8671 21.6556 63.2114 10.6077 54.0055 32.8998 31.254 99.2693 47.867 63.7077 52.6037 12.3761
internal_count=8000 6894 6862 6519 5942 4090 1106 997 841 344 497 300 2442 1801 1417 577 522 384 307 136 171 54 138 1155 957 343 325 55 117 67
is_linear=0
shrinkage=0.05


Tree=40
num_leaves=31
num_cat=0
split_feature=3 3 4 5 4 7 6 7 6 7 5 6 8 6 5 0 4 8 5 8 8 7 4 4 6 1 8 2 8 2
split_gain=38.7105 19.4646 20.5404 32.0424 19.363 9.6124 7.45492 7.63277 20.3735 7.04853 20.403 11.7376 13.9507 10.0389 5.72932 5.53013 29.4 28.3516 6.76936 5.48577 4.92577 33.8505 3.69806 18.3131 11.2988 9.486 3.34537 3.0944 7.01996 3.03269
threshold=1380.5000000000002 2268.5000000000005 45.150000000000013 162.50000000000003 41.95000000000001 3534.8834019049436 8.5999999999999961 7246.7955498396723 11.099999999999996 8925.898283367078 206.50000000000003 9.9500000000000188 973.80000000000007 11.099999999999996 39.500000000000007 1.5000000000000002 60.050000000000004 6510.0000000000009 118.50000000000001 10798.500000000002 10798.500000000002 8925.898283367078 40.45000000000001 39.050000000000004 8.5499999999999847 297.75000000000006 10624.100000000002 309.45000000000005 11102.650000000003 311.85000000000008
decision_type=2 2 2 2 2 2 2 2 2 2 2 2 2 2 2 2 2 2 2 2 2 2 2 2 2 2 2 2 2 2
left_child=6 2 3 5 22 -2 -1 8 -8 10 11 12 -4 14 -13 20 17 18 -17 -19 21 -9 23 24 -5 -26 -14 28 -16 -27
right_child=1 -3 9 4 -6 -7 7 15 -10 -11 -12 13 26 -15 27 16 -18 19 -20 -21 -22 -23 -24 -25 25 29 -28 -29 -30 -31
leaf_value=0.056690783175949756 0.042059873257682789 0.053322585621849307 0.033113368671575868 -0.065374570277214203 -0.065430196258721304 -0.050373331281976942 -0.069982696546246795 -0.053834585938983694 0.042868392420237017 0.054861605864383746 0.048284613088178295 -0.054358775406089237 -0.057252484739059653 -0.053738107119228079 -0.058234222615140288 -0.051828573771947065 0.050417107105116737 -0.055534967813864133 0.065228888827071257 -0.1553831645096779 0.056939679670621926 0.054630953871149246 0.045955567968294565 -0.07490520736186225 -0.054956855769709823 0.032864041264631293 -0.17388460775129483 0.052265467537606206 0.057445081291892658 -0.00077038443808063399
leaf_weight=283.35641527175903 3.2387811839580563 81.404085328802466 5.6976563991047433 3.2583011551760128 5.9814960039220741 21.377405259292573 5.1419717033859369 8.3097575819119793 17.99860827345401 49.38968962430954 74.876311846077442 1.6440613907761932 9.3241160195320809 3.577773440629243 2.2555337068624821 1.6433638869784752 58.741562081500888 2.2831041743047535 4.9709939956665039 3.4608467072248459 143.3339621424675 53.533289790153503 20.625300971791148 4.5934690814465275 3.2905375994741908 121.83599889557809 0.65822127088904459 17.826082532294095 3.1334199905395508 7.0920597328804424
leaf_count=98 2 60 77 57 232 4083 343 277 80 18 61 91 651 234 178 85 66 73 1 16 47 20 97 112 129 600 6 120 1 85
internal_value=0.0424195 0.0312443 0.0262474 0.015037 0.0229012 -0.0382118 0.0508776 0.0453763 0.0177922 0.038983 0.0323923 0.00541952 -0.0293122 0.0245705 0.0358408 0.0476867 0.0356697 -0.0344279 0.0361455 -0.115696 0.0518509 0.0400566 0.0261892 0.0232786 0.0266076 0.0288743 -0.064943 0.0422286 0.00902778 0.0310139
internal_weight=1023.85 441.08 359.676 191.293 166.677 24.6162 582.774 299.417 23.1406 168.383 118.993 44.1169 15.68 28.4369 24.8591 276.277 71.0999 12.3583 6.61436 5.74395 205.177 61.843 160.696 140.07 135.477 132.219 9.98234 23.215 5.38895 128.928
internal_count=8000 6894 6834 5397 1312 4085 1106 1008 423 1437 1419 1358 734 624 390 585 241 175 86 89 344 297 1080 983 871 814 657 299 179 685
is_linear=0
shrinkage=0.05


Tree=41
num_leaves=31
num_cat=0
split_feature=3 7 4 5 4 6 7 6 7 5 6 8 6 0 4 8 5 5 8 7 8 2 2 5 0 1 8 6 5 6
split_gain=38.2234 18.8597 19.5284 39.0274 18.2154 7.37436 7.38011 18.982 6.83077 18.9807 10.9698 13.1839 9.41757 5.51201 27.4606 25.2984 6.35485 5.35957 4.66392 31.92 3.97166 3.45134 14.9343 4.23052 10.9986 7.15078 7.30623 5.15526 12.8797 11.1301
threshold=1380.5000000000002 3534.8834019049436 45.150000000000013 162.50000000000003 41.95000000000001 8.5999999999999961 7246.7955498396723 11.099999999999996 8925.898283367078 206.50000000000003 9.9500000000000188 973.80000000000007 11.099999999999996 1.5000000000000002 60.050000000000004 6510.0000000000009 118.50000000000001 39.500000000000007 10798.500000000002 8925.898283367078 10798.500000000002 311.85000000000008 313.65000000000003 217.50000000000003 2.5000000000000004 297.75000000000006 3989.1500000000001 11.049999999999985 211.50000000000003 10.099999999999996
decision_type=2 2 2 2 2 2 2 2 2 2 2 2 2 2 2 2 2 2 2 2 2 2 2 2 2 2 2 2 2 2
left_child=5 -2 3 -3 21 -1 7 -7 9 10 11 -4 17 18 15 16 -15 -12 19 -8 -17 23 -23 24 25 -5 -27 28 29 -28
right_child=1 2 8 4 -6 6 13 -9 -10 -11 12 -13 -14 14 -16 20 -18 -19 -20 -21 -22 22 -24 -25 -26 26 27 -29 -30 -31
leaf_value=0.056322024322597641 0.052965009085017833 -0.050356801633031259 0.031723688749280866 -0.056128035955827528 -0.064975404529362804 -0.069128326620483155 -0.053662452930762689 0.041711626805244477 0.054315354806013572 0.047326351993712101 -0.054202388348835798 -0.064654359209960752 -0.053566939288301335 -0.051740836043795257 0.04961327187843953 -0.055281957500498718 0.064267230077671433 0.041394934118891891 0.056487631910462438 0.054119047488383115 -0.14065754578454309 -0.078788269220000165 0.060476284538551854 0.037958289354357966 -0.070417331728422891 -0.069422422759001581 0.03231834300138569 0.045051691681904087 -0.061741847574494906 -0.06467092622148643
leaf_weight=271.25697946548462 77.057152606546879 20.537429395131767 5.6511051217094055 2.7004857955034813 5.728597867069765 4.9501180839724865 7.9292016462422898 17.583552502095699 47.441465981304646 72.630240626633167 1.5682783359661758 9.5361143597401661 3.413883965695276 1.565800002310423 56.759209470823407 2.1814445843920112 4.7975053787231445 22.514168407768011 137.40693850815296 51.391935333609581 3.627280205488205 3.7299930774606755 3.9782505035400391 58.599245993420482 3.1869300161488345 1.9448162205517281 49.992561944294721 30.828776939306408 4.4754160530865184 3.143984730821102
leaf_count=98 32 4104 77 138 232 343 277 80 18 61 91 657 234 85 66 73 1 299 47 20 16 106 1 68 82 42 383 107 43 119
internal_value=0.0417969 0.0305623 0.0256526 0.0147132 0.0226532 0.050405 0.0448357 0.0173627 0.0383456 0.0317754 0.00531397 -0.0287925 0.0241522 0.047166 0.0349989 -0.0331491 0.0357215 0.0351695 0.0514292 0.0397124 -0.108595 0.0257408 -0.00691336 0.0273661 0.0209188 0.0240459 0.0264412 0.0285493 0.0197187 0.0265797
internal_weight=988.109 428.659 351.602 188.846 168.309 559.45 288.193 22.5337 162.755 115.314 42.6836 15.1872 27.4963 265.659 68.9312 12.172 6.36331 24.0824 196.728 59.3211 5.80872 162.58 7.70824 154.872 96.273 93.086 90.3856 88.4407 57.612 53.1365
internal_count=8000 6894 6862 5425 1321 1106 1008 423 1437 1419 1358 734 624 585 241 175 86 390 344 297 89 1089 107 982 914 832 694 652 545 502
is_linear=0
shrinkage=0.05


Tree=42
num_leaves=31
num_cat=0
split_feature=3 3 7 5 2 2 6 7 6 8 0 4 8 5 6 8 7 6 5 7 1 7 3 3 5 5 2 8 6 7
split_gain=37.5867 18.3326 19.0185 19.6755 9.62051 13.7124 7.2974 7.14404 17.6849 6.93403 5.49134 25.6525 22.7428 5.97096 5.34341 4.42098 30.1076 4.22609 3.87713 6.14172 10.4427 5.24246 4.34567 6.65801 16.0892 4.70578 15.0876 3.39383 3.38895 6.51784
threshold=1380.5000000000002 2268.5000000000005 7616.1840140487602 197.50000000000003 310.95000000000005 309.15000000000003 8.5999999999999961 7246.7955498396723 11.099999999999996 5190.6000000000013 1.5000000000000002 60.050000000000004 6510.0000000000009 118.50000000000001 8.9500000000000188 10798.500000000002 8925.898283367078 11.250000000000002 220.50000000000003 6837.4669710279468 297.25000000000006 4653.7406815299246 1866.5000000000002 1556.5000000000002 215.50000000000003 211.50000000000003 311.75000000000006 940.4000000000002 9.6500000000000075 6289.4999084133024
decision_type=2 2 2 2 2 2 2 2 2 2 2 2 2 2 2 2 2 2 2 2 2 2 2 2 2 2 2 2 2 2
left_child=6 2 3 4 5 -2 -1 8 -8 14 15 12 13 -12 -7 16 -9 27 19 21 -21 -5 23 25 -25 28 -27 -16 -23 -30
right_child=1 -3 -4 18 -6 9 7 10 -10 -11 11 -13 -14 -15 17 -17 -18 -19 -20 20 -22 22 -24 24 -26 26 -28 -29 29 -31
leaf_value=0.055975798172891666 -0.050849313707107914 0.052274250467399502 0.044360487205925107 -0.012059236450424206 -0.05440407149656399 -0.051558208009574391 -0.068300008101787144 -0.053497628691576864 0.040569222847471553 -0.050882070062767404 -0.051657256981254174 0.048807655109065907 -0.10265322977642298 0.063379161154401759 -0.05117078324374557 0.056060375521962351 0.053625921807369109 -0.052015056999087164 0.034975228181282354 0.033860841889810478 -0.067297998866060693 0.044688934178833052 0.061536536392388409 -0.05745545198511675 0.034404318730978094 -0.066673437402106961 0.058318584856113499 0.032476047681450113 -0.011855584198169906 0.047814549403517488
leaf_weight=259.58316087722778 10.098916265182195 75.204779115505517 92.450606672326103 9.3355418136343342 9.0879702854435873 2.4043252142146221 4.764359688851985 7.5651419842615715 17.185027184896171 3.7322163796052328 1.4917840943671743 54.859760120511055 5.8346338551491499 4.6258420944213867 1.259854083880781 131.67644968628883 49.32369801402092 1.6758164498023678 71.279434165917337 5.0861156657338125 5.1187892104499042 40.576901568099856 8.4023668766021711 7.818035900359976 12.213584797456859 4.5938559956848604 5.0887478403747082 32.355562816839665 8.9138377225026506 9.4051738167181593
leaf_count=98 1829 60 397 38 1631 380 343 277 80 629 85 66 89 1 201 47 20 236 91 9 83 60 2 145 19 46 5 964 37 32
internal_value=0.0412092 0.0299297 0.0250004 0.0177962 -0.006973 0.00139261 0.0499507 0.0443112 0.0169379 0.0141277 0.0466639 0.0343464 -0.0320294 0.0353275 0.0205643 0.0510282 0.0393805 0.0254779 0.0257894 0.0201716 -0.0168805 0.0237271 0.0271708 0.0239121 -0.00144715 0.0313195 -0.000983165 0.0293411 0.0366301 0.0187797
internal_weight=953.012 416.102 340.898 248.447 60.6147 51.5267 536.91 277.327 21.9494 41.4278 255.377 66.812 11.9523 6.11763 37.6956 188.565 56.8888 35.2912 187.832 116.553 10.2049 106.348 97.0125 88.6101 20.0316 68.5785 9.6826 33.6154 58.8959 18.319
internal_count=8000 6894 6834 6437 5870 4239 1106 1008 423 2410 585 241 175 86 1781 344 297 1401 567 476 92 384 346 344 164 180 51 1165 129 69
is_linear=0
shrinkage=0.05


Tree=43
num_leaves=31
num_cat=0
split_feature=3 7 4 5 4 6 4 8 3 7 7 5 6 8 6 5 0 4 3 5 4 4 6 1 8 2 2 5 6 6
split_gain=37.3921 17.8486 17.9986 34.7632 16.9105 7.20709 6.66251 23.1347 19.5623 17.7678 6.648 17.8258 10.0746 12.324 8.53627 5.32768 5.11947 8.51092 5.02721 4.52767 3.24795 16.655 10.0873 8.19057 2.93192 2.68528 12.5782 2.71041 3.49346 22.5177
threshold=1380.5000000000002 3534.8834019049436 45.150000000000013 162.50000000000003 41.95000000000001 8.6500000000000075 64.750000000000014 10798.500000000002 1362.5000000000002 6177.6539739577502 8925.898283367078 206.50000000000003 9.9500000000000188 973.80000000000007 11.099999999999996 19.500000000000004 1.5000000000000002 62.45000000000001 1439.5000000000002 39.500000000000007 40.45000000000001 39.050000000000004 8.5499999999999847 297.75000000000006 10624.100000000002 311.85000000000008 313.65000000000003 224.50000000000003 11.049999999999985 9.6500000000000075
decision_type=2 2 2 2 2 2 2 2 2 2 2 2 2 2 2 2 2 2 2 2 2 2 2 2 2 2 2 2 2 2
left_child=5 -2 3 -3 20 -1 7 8 9 -7 11 12 13 15 18 -4 17 -10 19 -14 21 22 -5 -24 -15 27 -27 28 29 -25
right_child=1 2 10 4 -6 6 -8 -9 16 -11 -12 -13 14 24 -16 -17 -18 -19 -20 -21 -22 -23 23 25 -26 26 -28 -29 -30 -31
leaf_value=0.055514690061014872 0.051962993370834168 -0.050334002456689508 -0.05442376428780276 -0.064448053154827864 -0.064882702065843526 0.051662610565288009 0.054277411759073017 0.0483931611384468 -0.066880622913609564 -0.062902696928069823 0.053369855183324183 0.045967246548003805 -0.055204478981332551 -0.057126291847726052 -0.053406678492814247 0.058556610422915323 0.048435519464776783 0.056294880635625891 -0.052090914149791528 0.045264127489451939 0.043393406765649421 -0.074400071748031038 -0.054780853506576459 0.031455164961337628 -0.16778132062089607 -0.078487599512087447 0.059430497009791354 0.042517416921643417 0.038021363375149643 -0.061187822124439621
leaf_weight=254.10293088853359 71.113999269902706 18.979440203635022 1.3987893257290114 3.0993493834976098 5.511114760534837 4.5251028633210835 94.618093889206648 124.93614064902067 2.8524127337150302 13.424017961602656 44.05396269261837 68.454481998458505 1.1869178256020045 8.4097200233954901 3.2321589190978548 4.1075448095798492 17.84102015546523 2.7587010860443115 1.6022420888766635 20.309767086524516 19.375602212268859 4.3805579743348053 3.0029945040587327 43.478905434720218 0.64449371211230833 2.982995552243664 3.7082664966583252 33.678302973508835 34.740219316445291 7.7242464763112357
leaf_count=109 32 4104 74 57 232 14 43 66 162 606 18 61 57 651 234 3 105 1 147 186 97 112 131 245 6 84 1 21 113 228
internal_value=0.0405816 0.029218 0.0243761 0.0136817 0.0211963 0.0495209 0.0436845 0.037659 0.00526652 -0.03402 0.0369711 0.0303642 0.00424405 -0.0291303 0.0226994 0.0298559 0.0353345 -0.00632145 0.0333487 0.0397169 0.024234 0.0215202 0.0246935 0.02683 -0.0650029 0.0287702 -0.00205403 0.0304944 0.025783 0.0174795
internal_weight=920.234 405.176 334.062 180.662 161.683 515.058 260.955 166.337 41.4013 17.9491 153.4 109.346 40.8916 14.5605 26.3311 5.50633 23.4521 5.61111 23.0989 21.4967 156.171 136.796 132.415 129.316 9.05421 126.313 6.69126 119.622 85.9434 51.2032
internal_count=8000 6894 6862 5425 1321 1106 997 954 888 620 1437 1419 1358 734 624 77 268 163 390 243 1089 992 880 823 657 692 85 607 586 473
is_linear=0
shrinkage=0.05


Tree=44
num_leaves=31
num_cat=0
split_feature=3 3 7 5 2 2 6 7 6 8 0 4 8 5 6 5 3 3 7 7 6 8 7 6 7 6 7 6 4 8
split_gain=36.5399 17.231 17.3824 17.5244 8.92414 12.3878 7.17405 6.8344 15.8943 6.44826 5.64626 24.4151 21.0977 5.40764 4.73536 4.28609 4.9491 16.5185 6.69542 6.24041 11.4353 3.9919 26.701 3.98991 8.97527 3.76824 3.13949 3.12509 7.24936 12.5856
threshold=1380.5000000000002 2268.5000000000005 7699.1220601035302 197.50000000000003 310.95000000000005 309.15000000000003 8.5999999999999961 7246.7955498396723 11.099999999999996 5190.6000000000013 1.5000000000000002 60.050000000000004 6510.0000000000009 118.50000000000001 8.9500000000000188 224.50000000000003 1554.5000000000002 1688.5000000000002 5000.0541476983954 6837.4669710279468 10.900000000000007 10798.500000000002 8925.898283367078 9.0499999999999847 4653.7406815299246 11.250000000000002 3534.8834019049436 11.049999999999985 47.650000000000013 5162.3000000000011
decision_type=2 2 2 2 2 2 2 2 2 2 2 2 2 2 2 2 2 2 2 2 2 2 2 2 2 2 2 2 2 2
left_child=6 2 3 4 5 -2 -1 8 -8 14 21 12 13 -12 -7 16 19 -18 23 -5 -21 22 -9 -19 -25 27 -6 28 29 -16
right_child=1 -3 -4 15 26 9 7 10 -10 -11 11 -13 -14 -15 25 -17 17 18 -20 20 -22 -23 -24 24 -26 -27 -28 -29 -30 -31
leaf_value=0.055345357200193915 -0.050776491156595063 0.05124830869852897 0.043547479574275155 0.031698888963524179 -0.28586767272987851 -0.051411145125157869 -0.067404014781766997 -0.053177366355055128 0.03879788156894956 -0.050808340750570627 -0.051525480962960085 0.047596364391477915 -0.10167400356916095 0.061963774908290241 -0.051804728020529461 0.036017424436905136 -0.061413453520172738 0.029907793248781039 0.043556243286615698 -0.067406803136664792 0.028204822810744087 0.055314662937326786 0.052681517057451645 -0.078914965545471311 0.019864903778724456 -0.051880018851978731 -0.050633624765327317 0.047558865794790871 0.049349215911866758 0.059003699006763645
leaf_weight=237.5172119140625 9.3297118085902166 69.451131054200232 82.865456194384024 74.421999022364616 0.14431396126747031 2.2039734283462158 4.4980117701925364 6.8570860149338833 16.253183997236192 3.5735106305219224 1.3857389893382768 50.926559813320637 5.6747016939334571 4.327603816986084 7.0251702009700256 56.394165061414242 7.6257604123093179 5.6991784572601345 15.760801485273985 4.7827114816755047 9.0349338175728899 121.38712850213051 45.370188787579536 4.0744388699531537 5.2790701342746615 1.5519545872230072 8.2746031037531775 12.421022101771085 8.8408216326497477 4.0339900450780988
leaf_count=98 1842 60 343 196 1 382 343 277 80 641 85 66 89 1 928 55 123 10 37 75 27 47 20 31 18 237 1644 179 57 8
internal_value=0.0400354 0.0286521 0.0237986 0.0169933 -0.00711241 0.00106129 0.0490828 0.0432878 0.0157776 0.0132587 0.0457075 0.0327965 -0.0333873 0.0344376 0.0196047 0.0245511 0.0194466 0.00447306 0.0207787 0.0259695 -0.0048893 0.0503415 0.038783 -0.00307029 -0.0231641 0.0242254 -0.0546659 0.0278797 0.0155965 -0.0113857
internal_weight=886.986 392.789 323.338 240.472 57.3991 48.9802 494.197 256.68 20.7512 39.6504 235.929 62.3146 11.388 5.71334 36.0769 183.073 126.679 38.4392 30.8135 88.2396 13.8176 173.614 52.2273 15.0527 9.35351 33.873 8.41892 32.321 19.9 11.0592
internal_count=8000 6894 6834 6491 5919 4274 1106 1008 423 2432 585 241 175 86 1791 572 517 219 96 298 102 344 297 59 49 1409 1645 1172 993 936
is_linear=0
shrinkage=0.05


Tree=45
num_leaves=31
num_cat=0
split_feature=3 7 4 5 7 6 7 6 7 5 6 8 6 8 0 4 2 5 3 5 8 4 2 2 5 0 8 1 1 8
split_gain=36.2819 16.8071 16.5803 30.5503 15.8113 7.09354 6.6307 14.81 6.41145 16.669 9.28529 11.2821 7.82355 5.94563 5.58976 22.8106 19.4 4.92562 4.52802 4.1339 3.79517 25.2141 2.84759 12.8521 2.868 9.57882 6.21449 5.98418 4.29058 13.9359
threshold=1380.5000000000002 3534.8834019049436 45.150000000000013 162.50000000000003 6298.2492439535499 8.5999999999999961 7246.7955498396723 11.099999999999996 8925.898283367078 206.50000000000003 9.9500000000000188 973.80000000000007 11.099999999999996 11575.250000000002 1.5000000000000002 60.050000000000004 311.75000000000006 19.500000000000004 1439.5000000000002 39.500000000000007 10798.500000000002 62.45000000000001 311.85000000000008 313.65000000000003 217.50000000000003 2.5000000000000004 3989.1500000000001 297.75000000000006 301.05000000000007 7691.4000000000005
decision_type=2 2 2 2 2 2 2 2 2 2 2 2 2 2 2 2 2 2 2 2 2 2 2 2 2 2 2 2 2 2
left_child=5 -2 3 -3 22 -1 7 -7 9 10 11 17 18 -13 20 16 -16 -4 19 -12 21 -8 24 -24 25 26 -5 -28 -29 -30
right_child=1 2 8 4 -6 6 14 -9 -10 -11 12 13 -14 -15 15 -17 -18 -19 -20 -21 -22 -23 23 -25 -26 -27 27 28 29 -31
leaf_value=0.055057550195009901 0.05101534422996741 -0.050307116178025836 -0.054473131867282282 -0.067906001287367221 -0.058555256650447973 -0.066631121976615096 -0.059027509700510662 0.037703156615533182 0.052479961062296701 0.044638033157333418 -0.055293303424416407 -0.057308932573491324 -0.053286276473774687 -0.28918643746879852 -0.095575948965644725 0.046795880482862755 0.037010387450466108 0.057316557721174347 -0.051972731508515925 0.043355079985525458 0.054948236393441409 0.051394939735527681 -0.07880231178351399 0.058609102463538156 0.033627746200282263 -0.070369109859987289 -0.056434029228979804 0.031629619786947206 -0.061460578851032545 0.0395094432357046
leaf_weight=227.08449649810791 65.586297877132893 17.284795637708157 1.3267281488515426 1.8789314669556905 6.1867158266250035 4.3270162562839696 5.8544239108450702 15.898008812218904 40.880850091576576 64.614300156012177 1.1237841011025107 8.2841268980409914 3.0835433304309836 0.28599660098552782 5.8133458443917316 49.250643216073513 5.251061282120645 3.8297010287642479 1.5035890459548671 19.31273206230253 116.21753500401974 44.203781392425299 3.3291327678598455 3.4808282852172852 53.848586536943913 2.9005601322278372 2.2479183692485085 66.799371990375221 5.4631172474473706 9.1258906852453929
leaf_count=98 32 4104 74 48 345 343 264 80 18 61 57 655 234 2 152 66 23 3 147 186 47 33 95 1 64 76 120 400 158 14
internal_value=0.039435 0.0279771 0.0232074 0.0127487 0.0197685 0.04868 0.0428124 0.0153815 0.0357181 0.0290887 0.00316088 -0.0298856 0.0212883 -0.065047 0.0452608 0.0322217 -0.0326517 0.0285535 0.0317693 0.0379305 0.0499906 0.0384808 0.023019 -0.00856615 0.0245309 0.0189906 0.0220216 0.0240419 0.0262646 0.0016994
internal_weight=856.278 382.377 316.791 172.546 155.261 473.9 246.816 20.225 144.245 103.365 38.7502 13.7266 25.0236 8.57012 226.591 60.3151 11.0644 5.15643 21.9401 20.4365 166.276 50.0582 149.074 6.80996 142.264 88.4158 85.5152 83.6363 81.3884 14.589
internal_count=8000 6894 6862 5425 1321 1106 1008 423 1437 1419 1358 734 624 657 585 241 175 77 390 243 344 297 976 96 880 816 740 692 572 172
is_linear=0
shrinkage=0.05


Tree=46
num_leaves=31
num_cat=0
split_feature=3 3 8 7 5 1 8 2 2 6 0 4 2 6 2 8 7 7 5 2 1 2 2 5 4 3 4 2 1 3
split_gain=35.606 16.2636 16.085 15.493 19.4777 12.9101 9.18523 8.26399 10.8854 7.07579 7.07293 21.9825 27.7115 6.00685 9.51453 5.64708 21.8113 12.8586 4.04971 3.09561 5.66927 21.38 9.43778 4.38688 5.86386 4.31309 12.9545 5.76511 12.1034 7.29724
threshold=1380.5000000000002 2268.5000000000005 11102.650000000003 8925.898283367078 178.50000000000003 297.15000000000003 4461.2000000000007 309.45000000000005 310.95000000000005 8.7999999999999847 1.5000000000000002 60.050000000000004 311.65000000000003 10.049999999999985 310.85000000000008 10798.500000000002 8925.898283367078 6166.7421754742818 39.500000000000007 308.35000000000008 299.15000000000003 309.55000000000007 308.85000000000008 231.50000000000003 19.250000000000004 1683.5000000000002 33.050000000000004 310.45000000000005 300.35000000000008 1400.5000000000002
decision_type=2 2 2 2 2 2 2 2 2 2 2 2 2 2 2 2 2 2 2 2 2 2 2 2 2 2 2 2 2 2
left_child=9 2 3 4 6 -6 7 -2 13 -1 15 12 -12 14 -9 16 17 -11 -15 -7 21 22 -21 24 -22 26 -26 28 29 -28
right_child=1 -3 -4 -5 5 19 -8 8 -10 10 11 -13 -14 18 -16 -17 -18 -19 -20 20 23 -23 -24 -25 25 -27 27 -29 -30 -31
leaf_value=0.054572068979282552 -0.050861733640090501 0.050300772482032199 0.050785989629556029 0.051000972791306491 -0.071491541423040747 0.040905028814989149 -0.052236002438559997 -0.05325590993432449 -0.056924399643583118 0.049786997281022753 -0.09410184500646683 0.04546576360563092 0.037342457224407342 -0.051918959154943649 0.048096136689616591 0.053743220630641443 0.051808467739367293 -0.056589056291873323 0.045357561062697088 -0.056800986917921563 -0.10188320102021774 -0.085719679513397609 0.0442777604495595 0.047027640873762745 -0.072064237711151932 0.037147667975166762 0.051048688848506968 0.028306904009342618 -0.081167932164821044 -0.01651758923346424
leaf_weight=224.77186675765552 7.1097184573300174 64.105563268996775 43.489259168505669 31.28033360093832 3.6790234609507015 21.539508424932137 11.880198521539567 5.482554997783156 5.2838591798208645 4.1904738063458344 7.3578272459562895 45.175555434077978 8.811891468940301 1.1450414771679813 4.0086923525668681 113.68223752826452 41.773549363017082 8.8205097182653827 16.306074460968375 2.796660984400666 0.96439451258629461 5.7472390234470359 13.25334404944442 18.649401895701885 3.9946186286397269 33.09337397874333 7.8121545121539411 57.491785341175273 3.9582432068418703 8.1808262171689403
leaf_count=124 1433 60 21 15 80 98 1769 791 1055 14 293 65 44 145 79 50 20 496 356 86 12 88 83 13 83 117 13 325 86 86
internal_value=0.0388821 0.0273938 0.0226127 0.0179657 0.0135188 0.0212156 -0.0137064 -0.00206972 0.00869472 0.0482644 0.0420952 0.027559 -0.0224696 0.0215638 -0.0104492 0.0473883 0.0342014 -0.0223283 0.0389748 0.0231374 0.0206832 -0.00296717 0.0266651 0.0245262 0.0208928 0.0219266 0.0157413 0.0202705 -0.00288753 0.0164868
internal_weight=825.836 371.252 307.146 263.657 232.377 181.161 51.2161 39.3359 32.2262 454.584 229.812 61.3453 16.1697 26.9424 9.49125 168.467 54.7845 13.011 17.4511 177.482 155.942 21.7972 16.05 134.145 115.495 114.531 81.4376 77.443 19.9512 15.993
internal_count=8000 6894 6834 6813 6798 1170 5628 3859 2426 1106 982 402 337 1371 870 580 530 510 501 1090 992 257 169 735 722 710 593 510 185 99
is_linear=0
shrinkage=0.05


Tree=47
num_leaves=31
num_cat=0
split_feature=3 7 7 5 6 2 2 0 4 2 8 7 7 8 3 6 5 4 6 5 3 6 6 7 6 5 3 0 3 4
split_gain=34.937 15.7319 15.3792 14.8953 7.03498 6.86043 8.60967 6.52066 21.2903 25.6696 5.92284 21.7643 12.2908 4.97108 3.86376 3.53936 3.45904 16.5583 2.94185 2.83964 3.57734 3.41266 10.7738 9.07429 7.8426 6.05283 12.3366 4.15531 4.01713 9.97277
threshold=1380.5000000000002 3534.8834019049436 7616.1840140487602 197.50000000000003 8.5999999999999961 309.15000000000003 310.95000000000005 1.5000000000000002 60.050000000000004 311.65000000000003 10798.500000000002 8925.898283367078 6166.7421754742818 5190.6000000000013 1711.5000000000002 8.9500000000000188 206.50000000000003 56.250000000000007 11.250000000000002 224.50000000000003 1576.5000000000002 10.900000000000007 9.6500000000000075 6289.4999084133024 9.5499999999999847 211.50000000000003 1708.5000000000002 1.5000000000000002 1542.5000000000002 20.150000000000002
decision_type=2 2 2 2 2 2 2 2 2 2 2 2 2 2 2 2 2 2 2 2 2 2 2 2 2 2 2 2 2 2
left_child=4 -2 3 5 -1 -3 13 10 9 -9 11 12 -6 14 15 -7 17 -4 -17 21 -21 22 24 -24 25 28 -27 -23 -5 -30
right_child=1 2 16 19 7 6 -8 8 -10 -11 -12 -13 -14 -15 -16 18 -18 -19 -20 20 -22 27 23 -25 -26 26 -28 -29 29 -31
leaf_value=0.054532403960628001 0.050095463066447299 -0.050725178146561072 -0.056502883450769273 0.030814531530014823 0.048656978365180986 -0.051419474815144889 -0.05056129459429784 -0.091539762750315223 0.045171022302806021 0.036078020080463805 0.053415670693003917 0.051382109546062531 -0.056242820179770586 -0.050720175685739867 -0.050609208900046734 0.028809286548140956 0.05348132869978578 0.042554577191462974 -0.051872267409721722 0.01578085756938542 0.043174043327563361 0.038489572789250789 -0.065111025168918382 0.0153510140218086 0.051955618943482974 -0.070697797973155604 0.029684849261546072 0.0049254873017834568 0.041948890448414523 -0.062605953037627532
leaf_weight=207.44376659393311 60.451285481452942 8.1954877683892828 4.711598875001072 26.885672939475626 4.0763327307067803 1.5952195627614916 7.1026891621295354 7.2242878184188148 46.128707185387611 8.6684139445424062 113.46566434204578 40.057647533714771 8.8651514369994384 3.0570758872199795 2.0218518401961765 25.577217432437468 33.103455185890198 40.327942049829289 1.1820421246811736 19.695910584181547 30.181877914816141 32.830702961422503 7.5414265082217735 6.5452269343659282 15.18272305652499 6.0142107973806542 6.2323674596846104 12.822992356494067 4.8181646652519685 4.3306028635706753
leaf_count=98 32 1839 315 79 14 301 1634 301 66 44 52 20 511 629 343 950 15 67 197 34 20 80 85 58 16 55 11 58 8 68
internal_value=0.0383437 0.0268258 0.0221362 0.0154163 0.0478663 -0.00900233 -0.000566904 0.0418141 0.027976 -0.0219327 0.0469699 0.0331701 -0.0232013 0.010054 0.0161704 0.0209322 0.0412108 0.0321921 0.0252453 0.0222914 0.0323569 0.0182165 0.0118317 -0.0277251 0.0206119 0.0107554 -0.0196124 0.0290623 0.0210761 -0.00754253
internal_weight=796.338 360.408 299.956 221.813 435.93 48.7316 40.5361 228.486 62.0214 15.8927 166.465 52.9991 12.9415 33.4334 30.3763 28.3545 78.143 45.0395 26.7593 173.082 49.8778 123.204 77.5504 14.0867 63.4637 48.281 12.2466 45.6537 36.0344 9.14877
internal_count=8000 6894 6862 6465 1106 5893 4054 1008 411 345 597 545 525 2420 1791 1448 397 382 1147 572 54 518 380 143 237 221 66 138 155 76
is_linear=0
shrinkage=0.05


Tree=48
num_leaves=31
num_cat=0
split_feature=3 7 8 7 5 1 3 4 6 0 4 2 7 8 7 7 2 1 8 1 2 5 3 3 3 5 2 6 5 1
split_gain=34.4888 15.2566 14.9496 14.3399 19.8219 11.9922 10.1371 10.0939 6.98664 6.47039 19.8925 23.8066 6.33264 5.62741 20.5402 11.5921 3.99454 2.71829 8.48234 7.30381 15.2265 4.26218 6.80586 3.69462 19.5804 5.07917 6.31427 4.00108 4.17309 9.96219
threshold=1380.5000000000002 3534.8834019049436 11102.650000000003 8925.898283367078 162.50000000000003 297.15000000000003 1439.5000000000002 48.650000000000013 8.5999999999999961 1.5000000000000002 60.050000000000004 311.65000000000003 6806.2185961002406 10798.500000000002 8925.898283367078 6166.7421754742818 309.85000000000008 298.65000000000003 3989.1500000000001 299.15000000000003 308.95000000000005 231.50000000000003 1392.5000000000002 1406.5000000000002 1445.5000000000002 202.50000000000003 309.25000000000006 11.049999999999985 203.50000000000003 300.75000000000006
decision_type=2 2 2 2 2 2 2 2 2 2 2 2 2 2 2 2 2 2 2 2 2 2 2 2 2 2 2 2 2 2
left_child=8 -2 3 4 6 -6 7 12 -1 13 11 -11 -3 14 15 -10 -14 -7 -19 20 -20 22 -21 -24 -25 26 -26 28 -27 -30
right_child=1 2 -4 -5 5 17 -8 -9 9 10 -12 -13 16 -15 -16 -17 -18 18 19 21 -22 -23 23 24 25 27 -28 -29 29 -31
leaf_value=0.05429185444981513 0.049640507210206179 -0.050754607973335968 0.049813634379008605 0.050110351646123888 -0.070215724846934904 0.032913685875659647 -0.050396781761286515 -0.055605877831222096 0.047534357126903737 -0.089428604680392154 0.044341403866035578 0.034833803334454454 -0.052228059764100367 0.053040781134863019 0.050964582605866816 -0.056057574295151583 0.043578113667907259 -0.082411522331895151 0.037571661427555497 -0.077230516419098533 -0.087719922697642491 0.045489695338299024 0.041965008573167539 -0.07884576750416547 0.028679396049723551 0.054191861343265368 -0.052011631764015659 0.045400483314901929 -0.031181249940752415 0.02529871104832266
leaf_weight=198.17878818511963 58.016797453165054 2.5325805903412464 40.391137324273586 29.022606655955315 3.6515534683130673 39.447780145565048 16.022722208872437 5.6601824811659744 3.9667853764258316 7.0300601224880657 44.679286289960146 8.5326636952813697 1.1911277670878906 108.6754971370101 38.408315852284431 8.4599587393458915 12.563365813111885 2.0693981973454347 5.078905829228459 1.8043091325089324 4.6405391031876206 17.701399005949497 17.198302988428622 5.0664459539111695 4.818422054871915 7.6358186313882461 4.8797518981155008 20.539564863778651 9.6447881674393994 40.982279512565583
leaf_count=98 32 421 21 15 106 365 4169 368 14 301 66 44 113 52 20 511 104 45 30 34 109 13 45 127 45 12 528 21 61 110
internal_value=0.0377833 0.0262179 0.0215727 0.0170489 0.0127486 0.0194972 -0.0201606 0.00191358 0.0474843 0.0413451 0.0273842 -0.0212985 0.0219031 0.0466177 0.0328863 -0.0229896 0.0352814 0.021302 0.0180776 0.0195631 -0.0222487 0.0226827 0.0190963 0.0206654 0.0167504 0.022223 -0.0119213 0.0264252 0.0197357 0.0145389
internal_weight=768.491 350.56 292.543 252.152 223.129 185.159 37.97 21.9473 417.931 219.753 60.242 15.5627 16.2871 159.511 50.8351 12.4267 13.7545 181.508 142.06 139.991 9.71944 130.271 112.57 110.765 93.5671 88.5006 9.69817 78.8025 58.2629 50.6271
internal_count=8000 6894 6862 6841 6826 1651 5175 1006 1106 1008 411 345 638 597 545 525 217 1545 1180 1135 139 996 983 949 904 777 573 204 183 171
is_linear=0
shrinkage=0.05


Tree=49
num_leaves=31
num_cat=0
split_feature=3 3 7 7 5 2 2 6 0 4 2 8 8 4 5 4 8 8 6 2 2 5 7 8 6 2 5 1 1 6
split_gain=33.8414 14.8012 14.5045 10.6837 10.7686 7.3504 9.89489 6.94976 6.89115 18.1054 24.232 5.19403 4.93673 6.56465 10.0096 10.8829 7.30419 4.81418 3.5995 3.41614 12.162 3.31052 15.2644 8.38398 3.26469 26.1418 4.95192 7.09405 8.12851 10.5336
threshold=1380.5000000000002 2268.5000000000005 7616.1840140487602 7448.6062259185246 197.50000000000003 310.95000000000005 309.15000000000003 8.7999999999999847 1.5000000000000002 61.250000000000007 310.95000000000005 11102.650000000003 11102.650000000003 65.850000000000009 188.50000000000003 62.45000000000001 10798.500000000002 5190.6000000000013 8.9500000000000188 311.85000000000008 313.65000000000003 206.50000000000003 8925.898283367078 10798.500000000002 11.099999999999996 310.65000000000003 231.50000000000003 299.75000000000006 302.15000000000003 8.9000000000000075
decision_type=2 2 2 2 2 2 2 2 2 2 2 2 2 2 2 2 2 2 2 2 2 2 2 2 2 2 2 2 2 2
left_child=7 2 3 4 5 6 -2 -1 12 10 -10 19 13 14 15 16 -9 18 -8 24 -21 22 23 -4 26 -26 27 -6 29 -29
right_child=1 -3 21 -5 11 -7 17 8 9 -11 -12 -13 -14 -15 -16 -17 -18 -19 -20 20 -22 -23 -24 -25 25 -27 -28 28 -30 -31
leaf_value=0.053832810834881832 -0.050725227212764103 0.048959610050703317 -0.05526302331214477 -0.090332581684455515 0.03356926657994859 -0.055517777271622659 -0.051153600895326105 -0.059181030713693052 -0.092050954992248357 0.045464996884776232 0.027884903066442108 0.055858779736431476 0.054706543504720644 0.052635290616138121 0.038112885613912302 0.031417551008689482 -0.33510268049740022 -0.050676821639214158 0.023481676397274921 -0.076075191625606664 0.057461751882438475 0.052798714367132085 0.050036370997163029 0.029489819231681369 -0.079575607727924547 0.036278662539705006 0.049777907036229335 -0.083858501939486685 0.033241037222703981 0.0027945573549654364
leaf_weight=196.11187353148125 7.2275645281188181 56.819947213865817 6.4759948544669879 2.408450258197262 51.109175384044647 6.3445378104224792 1.7102272636257136 4.7370192473754269 6.5599119771504801 37.968223657459021 11.763741992996072 10.419466733932493 80.312727928161621 32.478468086570501 25.51136194053106 4.9629648458212614 0.25264260917901982 2.6667490852996698 29.150961277075112 3.733079172205179 3.138615608215332 30.593466937541962 30.133883871138096 5.3110426813364029 6.7240194715559509 17.650620999746025 16.55703130364418 3.9885041997767976 19.202048610895872 29.057947408873588
leaf_count=124 1781 60 361 152 153 1585 375 458 258 48 96 4 37 19 50 14 2 605 1384 50 1 15 16 5 69 32 9 34 49 154
internal_value=0.0372587 0.0256672 0.0210006 0.0143732 0.0155816 -0.00545579 0.00233752 0.0471075 0.0406595 0.0257659 -0.0150524 0.0217139 0.0463146 0.0363947 0.0215214 -0.0210074 -0.0731518 0.0137762 0.0193456 0.0193603 -0.0150828 0.040293 0.0311665 -0.0170748 0.0210007 0.00431896 0.0243915 0.0203248 0.00736921 -0.00766394
internal_weight=741.082 340.423 283.603 211.089 208.681 47.1 40.7555 400.659 204.547 56.2919 18.3237 161.581 148.255 67.9425 35.464 9.95263 4.98966 33.5279 30.8612 151.161 6.87169 72.5144 41.9209 11.787 144.289 24.3746 119.915 103.358 52.2485 33.0465
internal_count=8000 6894 6834 6437 6285 5730 4145 1106 982 402 354 555 580 543 524 474 460 2364 1759 551 51 397 382 366 500 101 399 390 237 188
is_linear=0
shrinkage=0.05


Tree=50
num_leaves=31
num_cat=0
split_feature=3 7 4 5 4 6 0 7 2 7 5 6 8 6 8 4 5 4 8 8 3 5 7 4 4 6 1 7 8 4
split_gain=33.2307 14.3174 13.9967 23.2412 14.0835 7.00776 6.29654 18.0321 25.2667 5.43103 12.7044 7.89106 9.83759 6.36528 5.36018 6.82547 9.58209 10.2608 4.97986 4.61636 3.70439 3.31563 3.12422 2.77783 14.2431 8.11472 6.11407 2.51295 4.62051 2.62388
threshold=1380.5000000000002 3534.8834019049436 45.150000000000013 162.50000000000003 41.95000000000001 8.5999999999999961 1.5000000000000002 8590.8212469229456 310.95000000000005 8925.898283367078 206.50000000000003 9.9500000000000188 973.80000000000007 11.099999999999996 11102.650000000003 65.850000000000009 188.50000000000003 62.45000000000001 11575.250000000002 10798.500000000002 1439.5000000000002 39.500000000000007 7272.8498249134436 40.45000000000001 39.050000000000004 8.5499999999999847 297.75000000000006 6200.0378216145773 7874.2500000000009 37.250000000000007
decision_type=2 2 2 2 2 2 2 2 2 2 2 2 2 2 2 2 2 2 2 2 2 2 2 2 2 2 2 2 2 2
left_child=5 -2 3 -3 23 -1 14 8 -8 10 11 12 -4 20 15 16 17 19 -14 -7 21 -13 -18 24 25 -5 -27 28 29 -28
right_child=1 2 9 4 -6 6 7 -9 -10 -11 -12 13 18 -15 -16 -17 22 -19 -20 -21 -22 -23 -24 -25 -26 26 27 -29 -30 -31
leaf_value=0.053852008477972148 0.048763698797388795 -0.050261540457824785 0.028217013002423408 -0.063548260802050782 -0.064852252316725797 -0.058996169917967405 -0.085569150879715672 0.048092299962321998 0.028996520981037138 0.050320096237108314 0.041419169574842471 -0.054403433655231127 -0.057484857981743187 -0.052913745416037994 0.054444569292294936 0.052287774034352863 0.013057222235882807 0.030457503522489129 -0.26288534973425953 -0.2582287906486832 -0.051924335062167731 0.041208582225242617 0.049834228776350471 0.03883125304524028 -0.074142780196194233 -0.054191148887935858 0.021382957278485389 0.051783315853271311 -0.018233253115366693 0.044176851366711442
leaf_weight=180.78599524497986 53.501506857573986 14.267532231286166 4.4357682550325972 2.8110617676284155 5.1020447651389977 4.769164585741235 7.29580614587758 35.459164753556252 14.139650955330579 33.495150327682495 55.333247622475028 0.9579868875444032 7.0259103358257562 2.6166594689711919 80.722941994667053 31.094636604189873 9.0286633535288292 4.8659447841346264 0.30802714824676503 0.30962517857551564 1.2809180892072607 16.948827428976074 16.022799808532 16.748423140496016 4.1302485042251638 2.5426131207495919 80.426692409673706 7.6982577331364146 6.6208535507321349 14.976483335951341
leaf_count=98 32 4104 77 57 232 471 278 31 102 18 61 57 655 234 39 19 33 14 2 2 147 186 19 97 112 131 581 33 20 58
internal_value=0.036687 0.0250792 0.0205166 0.0105522 0.0167034 0.0466867 0.0403276 0.0262067 -0.00999723 0.033161 0.0266965 0.00243212 -0.0305611 0.0202414 0.0457999 0.0352414 0.0200954 -0.0214296 -0.0661117 -0.0711423 0.0302177 0.0360935 0.0365796 0.019764 0.017085 0.0203593 0.0224603 0.0242366 0.0221581 0.0249612
internal_weight=715.723 331.228 277.727 155.324 141.057 384.494 203.708 56.8946 21.4355 122.402 88.9073 33.5741 11.7697 21.8044 146.814 66.0908 34.9962 9.94473 7.33394 5.07879 19.1877 17.9068 25.0515 135.955 119.206 115.076 112.265 109.722 102.024 95.4032
internal_count=8000 6894 6862 5425 1321 1106 1008 411 380 1437 1419 1358 734 624 597 558 539 487 657 473 390 243 52 1089 992 880 823 692 659 639
is_linear=0
shrinkage=0.05


Tree=51
num_leaves=31
num_cat=0
split_feature=3 3 7 7 1 5 2 2 6 0 7 2 8 4 2 5 3 8 4 8 2 1 3 5 6 6 3 6 2 7
split_gain=32.75 13.8874 13.7061 10.078 9.19882 9.31592 7.17505 7.99307 7.00244 6.14065 17.0185 23.5451 5.31404 6.63328 9.41482 7.32198 10.0277 4.60027 4.45319 4.40684 3.65913 10.3639 14.2165 4.37203 5.20101 8.28394 8.96851 8.88489 10.9407 3.39047
threshold=1380.5000000000002 2268.5000000000005 7616.1840140487602 7448.6062259185246 297.15000000000003 197.50000000000003 310.95000000000005 309.15000000000003 8.5999999999999961 1.5000000000000002 8590.8212469229456 310.95000000000005 11102.650000000003 65.850000000000009 308.45000000000005 188.50000000000003 1353.5000000000002 11102.650000000003 62.45000000000001 5190.6000000000013 308.95000000000005 299.15000000000003 1388.5000000000002 231.50000000000003 11.049999999999985 9.6500000000000075 1576.5000000000002 9.5499999999999847 309.55000000000007 5439.0184172089857
decision_type=2 2 2 2 2 2 2 2 2 2 2 2 2 2 2 2 2 2 2 2 2 2 2 2 2 2 2 2 2 2
left_child=8 2 3 4 -2 6 7 -6 -1 12 11 -11 13 14 -10 16 -16 20 -18 -9 -7 22 -22 24 25 27 -27 28 -23 -30
right_child=1 -3 -4 -5 5 17 -8 19 9 10 -12 -13 -14 -15 15 -17 18 -19 -20 -21 21 23 -24 -25 -26 26 -28 -29 29 -31
leaf_value=0.053650058564871296 -0.064906183196941691 0.048023058611784943 0.039498069639280764 -0.0910621069817837 -0.05078128672650617 0.034211013277030133 -0.055919563908573333 0.018654248358798739 -0.088639769280060329 -0.084177693985032762 0.047481824047709918 0.027909810759524992 0.054209369489615224 0.051946865707144033 -0.082874663141111138 0.040484827441041676 -0.05091306525252292 0.055315826921620126 0.054328121330664496 -0.05062482715591532 0.056425732667065666 -0.074557157156815754 -0.079812974370662093 0.043556732531564973 0.037339131290060876 -0.078529345000467599 0.017125716804488194 0.051121354125220932 -0.015671761497801435 0.020683276130376797
leaf_weight=172.59992003440857 3.5712817900348446 52.482970572076738 67.12868778873235 2.2814211314544073 5.7262409769464275 33.121047545690089 5.8278433068189761 29.797095113201067 1.8958905346225936 7.0518007948994663 34.152581043541431 13.960364868631585 77.110761046409607 29.767361834645271 3.2403418016619963 23.517203216906637 1.3344936085632069 9.640140771865843 4.0731801986694336 2.4870128959882996 2.8030004501342756 3.9633371299132696 6.0431044301949441 16.245984874665737 20.31557132769376 5.2511842357926053 4.5943958624266088 13.515317269600926 8.1957020899280888 29.485694016097113
leaf_count=98 343 60 397 152 1471 101 1585 1759 106 278 31 102 39 19 220 47 164 4 2 605 1 37 67 13 40 50 24 15 46 124
internal_value=0.0361266 0.0244889 0.0199142 0.0134338 0.0146223 0.016064 -0.00425972 0.0036609 0.0463053 0.0398408 0.0256985 -0.00970739 0.0453762 0.0347049 0.0196365 0.0260186 -0.0133206 0.0218806 0.0283569 0.0133173 0.019635 0.0152625 -0.036644 0.0197834 0.0152567 0.00835552 -0.0338923 0.0158964 0.00446454 0.0127761
internal_weight=691.181 322.477 269.994 202.865 200.584 197.013 43.8382 38.0103 368.704 196.104 55.1647 21.0122 140.939 63.8285 34.0611 32.1652 8.64802 153.174 5.40767 32.2841 143.534 110.413 8.8461 101.567 85.3212 65.0056 9.84558 55.1601 41.6447 37.6814
internal_count=8000 6894 6834 6437 6285 5942 5420 3835 1106 1008 411 380 597 558 539 433 386 522 166 2364 518 417 68 349 336 296 74 222 207 170
is_linear=0
shrinkage=0.05


Tree=52
num_leaves=31
num_cat=0
split_feature=3 7 8 7 5 1 3 3 6 0 7 2 8 4 2 5 3 4 2 8 1 8 1 7 4 7 3 6 4 6
split_gain=32.4921 13.5318 13.1682 12.3053 15.2859 10.0453 8.94876 8.97472 6.95382 6.03482 16.057 21.9433 5.19897 6.38003 8.86035 6.75806 9.61857 4.22102 4.22075 2.44886 2.44136 7.58645 6.16153 12.6985 3.99918 11.4113 6.38864 3.79201 3.81311 12.0031
threshold=1380.5000000000002 3534.8834019049436 11102.650000000003 8925.898283367078 162.50000000000003 297.15000000000003 1439.5000000000002 1418.5000000000002 8.5999999999999961 1.5000000000000002 8590.8212469229456 310.95000000000005 11102.650000000003 65.850000000000009 308.45000000000005 188.50000000000003 1353.5000000000002 62.45000000000001 309.85000000000008 940.4000000000002 298.65000000000003 3989.1500000000001 299.15000000000003 6289.4999084133024 20.150000000000002 4539.0201897963379 1392.5000000000002 11.299999999999985 23.550000000000004 10.450000000000019
decision_type=2 2 2 2 2 2 2 2 2 2 2 2 2 2 2 2 2 2 2 2 2 2 2 2 2 2 2 2 2 2
left_child=8 -2 3 4 6 -6 7 -3 -1 12 11 -11 13 14 -10 16 -16 -18 -9 -20 -7 -22 23 -23 -24 -26 -27 28 -28 -30
right_child=1 2 -4 -5 5 20 -8 18 9 10 -12 -13 -14 -15 15 -17 17 -19 19 -21 21 22 24 -25 25 26 27 -29 29 -31
leaf_value=0.053459391382705682 0.047901875496546086 -0.054181498753222215 0.048063110116983727 0.048320745405947003 -0.069635400351201387 0.030206610611413172 -0.050364415125213252 -0.051648077354558425 -0.088130805320490946 -0.082822787435562067 0.046862753295458068 0.026846679225456051 0.053987543023737206 0.05161127154910649 -0.083711868429777125 0.039511944092853073 -0.050868760224262261 0.054099254119501741 -0.054917479351253178 0.037018068127557403 -0.080000783626000632 -0.080790253410078561 0.058297220668035166 0.036947004102280072 -0.087325244584254669 -0.075132626549200499 0.056302807427705985 0.044799827735102216 0.018841251117033039 -0.084252881206925506
leaf_weight=164.7528829574585 49.353733882308006 5.2705694957403475 34.787691071629524 24.814458273351192 3.2738407920114687 36.665661803912371 13.939932839246465 1.7252401115838445 1.8135868392419059 6.8148369516711709 32.905330277979374 13.791932502994312 73.643786668777466 28.495080783963203 3.0522534213960189 22.907143981195986 1.2704873107140882 3.8905054330825806 0.76986879971809585 12.245454489951952 2.0421832313295445 4.618268908467142 6.4932522773742667 4.5429501496255398 2.5169820361770681 1.7254142754245538 6.1009170059114686 15.443416186841203 85.349067229311913 2.9199478053487828
leaf_count=98 32 585 21 15 106 365 4169 204 106 278 31 102 39 19 220 47 164 2 36 181 45 81 2 58 23 34 8 73 764 92
internal_value=0.0355491 0.0238619 0.0193889 0.0150605 0.011047 0.017109 -0.0196084 0.00181655 0.0459549 0.0393987 0.0251883 -0.00942196 0.0450285 0.0342879 0.0192995 0.0255601 -0.0133522 0.0282592 0.021839 0.03158 0.0187952 0.0156194 0.0171249 -0.0224056 0.0201291 0.0179561 0.0203319 0.0218319 0.0180732 0.0154309
internal_weight=667.937 314.599 265.245 230.457 205.643 171.692 33.9511 20.0111 353.338 188.585 53.5121 20.6068 135.073 61.4291 32.934 31.1204 8.21325 5.16099 14.7406 13.0153 168.418 131.752 129.71 9.16122 120.549 114.056 111.539 109.813 94.3699 88.269
internal_count=8000 6894 6862 6841 6826 1651 5175 1006 1106 1008 411 380 597 558 539 433 386 166 421 217 1545 1180 1135 139 996 994 971 937 864 856
is_linear=0
shrinkage=0.05


Tree=53
num_leaves=31
num_cat=0
split_feature=3 3 8 7 5 1 8 6 8 2 0 4 2 2 8 4 2 5 3 4 6 5 3 7 4 3 2 4 7 4
split_gain=32.0711 13.1186 12.7017 11.852 11.9191 9.30273 7.55915 6.91475 6.3737 6.19399 5.93293 15.1726 18.0944 5.87063 5.09627 6.14246 8.33233 6.23306 9.22245 4.00171 3.11068 7.95562 3.0687 6.65671 2.85159 2.79555 2.73694 6.26661 8.62402 4.63044
threshold=1380.5000000000002 2268.5000000000005 11102.650000000003 8925.898283367078 178.50000000000003 297.15000000000003 4461.2000000000007 8.5999999999999961 940.4000000000002 309.45000000000005 1.5000000000000002 61.250000000000007 310.95000000000005 310.95000000000005 11102.650000000003 65.850000000000009 308.45000000000005 188.50000000000003 1353.5000000000002 62.45000000000001 10.049999999999985 20.500000000000004 1362.5000000000002 8502.6157971856574 52.750000000000007 1437.5000000000002 308.35000000000008 46.750000000000007 7905.5718213341843 45.250000000000007
decision_type=2 2 2 2 2 2 2 2 2 2 2 2 2 2 2 2 2 2 2 2 2 2 2 2 2 2 2 2 2 2
left_child=7 2 3 4 6 -6 8 -1 -2 -10 14 12 -12 20 15 16 -9 18 -18 -20 21 -11 23 -14 26 -22 -7 29 -29 -28
right_child=1 -3 -4 -5 5 24 -8 10 9 13 11 -13 22 -15 -16 -17 17 -19 19 -21 25 -23 -24 -25 -26 -27 27 28 -30 -31
leaf_value=0.053279313437249468 -0.05967709453946133 0.047154467250331525 0.047549725610223428 0.047863549220874643 -0.069271724274896404 0.034847206142431024 -0.05222303684281876 -0.087552756657502659 -0.050560922955629278 0.056970048718167965 -0.084887837320433007 0.043654860520747116 -0.071288217857831487 -0.051069184223127118 0.053778230533859307 0.051279735708494582 -0.084514105348713287 0.038535064834377693 -0.050826596204878331 0.053883381549072878 -0.052462744859655623 -0.051897560208324756 0.043485161482684331 0.05434953427575611 0.05017204971732641 0.043713907743978889 0.013412324042559038 -0.073521715177123068 0.044091042868751186 0.042720670405179982
leaf_weight=157.23408937454224 4.1234829491004339 48.449879758991301 33.43937012553215 23.824045352637768 3.0771828586002803 18.910264926264063 9.5594158471794781 1.7362468182109321 4.024380519520494 3.0680222902447047 5.8827397715067518 34.780957344919443 2.1761629760730994 2.8424813288729629 70.317893862724304 27.276200026273727 2.8765249891439479 22.328362480737269 1.2095021801069377 3.715214729309082 0.79942031600512464 3.7041070652194321 7.0487591119017452 2.0450611114501953 6.804303709883242 13.770300029776989 107.89468659507111 4.4275751202367237 2.4053784813731909 15.400146526750175
leaf_count=98 855 60 21 15 80 98 1769 106 1107 2 265 49 62 820 39 19 220 47 164 2 52 665 34 1 18 358 807 106 5 56
internal_value=0.0349987 0.0232815 0.0187997 0.0145199 0.010564 0.0168183 -0.0131619 0.0456051 -0.001613 0.00687467 0.038953 0.024676 -0.0138079 0.0164322 0.0446803 0.0338631 0.018955 0.0250926 -0.0133816 0.0281668 0.0254226 -0.00257655 0.0232946 -0.0104204 0.0185181 0.0384368 0.017073 0.01449 -0.0321189 0.0170731
internal_weight=645.152 306.524 258.075 224.635 200.811 158.92 41.8916 338.628 32.3322 28.2087 181.394 51.9337 17.1527 24.1843 129.46 59.1421 31.8659 30.1296 7.80124 4.92472 21.3418 6.77213 11.27 4.22122 155.842 14.5697 149.038 130.128 6.83295 123.295
internal_count=8000 6894 6834 6813 6798 1170 5628 1106 3859 3004 1008 411 362 1897 597 558 539 433 386 166 1077 667 97 63 1090 410 1072 974 111 863
is_linear=0
shrinkage=0.05


Tree=54
num_leaves=31
num_cat=0
split_feature=3 7 8 7 5 1 3 4 6 0 7 2 8 4 8 6 7 8 2 7 2 3 1 7 1 6 6 6 6 0
split_gain=31.7329 12.721 12.1428 11.2862 13.0736 8.69442 8.30512 8.11772 6.8566 5.78955 14.4007 19.1333 5.00501 5.91916 7.88011 10.9009 4.93999 4.04964 3.03323 2.81825 2.22567 6.74841 2.65323 6.01188 2.34323 6.45654 5.35933 5.13057 9.37139 7.07644
threshold=1380.5000000000002 3534.8834019049436 11102.650000000003 8925.898283367078 162.50000000000003 297.15000000000003 1439.5000000000002 48.650000000000013 8.5999999999999961 1.5000000000000002 8590.8212469229456 310.95000000000005 11102.650000000003 65.850000000000009 10798.500000000002 10.150000000000007 6806.2185961002406 9208.7500000000018 309.85000000000008 8590.8212469229456 311.85000000000008 1509.5000000000002 304.35000000000008 7905.5718213341843 302.15000000000003 9.4000000000000075 9.2000000000000188 9.6500000000000075 9.7999999999999847 2.5000000000000004
decision_type=2 2 2 2 2 2 2 2 2 2 2 2 2 2 2 2 2 2 2 2 2 2 2 2 2 2 2 2 2 2
left_child=8 -2 3 4 6 -6 7 16 -1 12 11 -11 13 14 15 19 -3 -17 -18 -10 24 22 23 -22 25 26 -7 -27 -29 -30
right_child=1 2 -4 -5 5 20 -8 -9 9 10 -12 -13 -14 -15 -16 17 18 -19 -20 -21 21 -23 -24 -25 -26 27 -28 28 29 -31
leaf_value=0.053109166354552186 0.047034832827547501 -0.050635789688256216 0.047037324793471572 0.04740781339451422 -0.068041799949220133 0.0026328861211679265 -0.050345983985274949 -0.054744900806029707 -0.056551518131233353 -0.079876269623197438 0.045656172371022985 0.025229312856052802 0.053580645261252217 0.050951048613667629 0.041637762679183107 0.034184405203876354 -0.051842515057681386 -0.066211212706054387 0.040916687607240709 -0.17134479898686228 -0.070920974821088306 -0.07592783664966446 0.056540465029328628 0.05027391858677404 0.033480028679553818 0.040197944777189187 -0.068017680001575875 -0.068321948129554444 0.021754399768128613 -0.070420542542367667
leaf_weight=150.03275632858276 45.499718774110079 2.046235215268104 32.146307997405529 22.874511808156967 3.0298075631726524 25.311238064314242 12.763440302223897 4.7146778616588554 4.0195327266119447 6.4362992084352326 30.636162631213665 13.230552695691584 67.128873467445374 26.109098713845015 16.851060152053833 8.2227479083230701 0.95838398043997486 1.1442196294665326 10.959774026647208 0.61670374125242222 1.9188094912096838 2.5337682901881635 2.8414831161499023 2.1923967394977808 23.332927089184523 28.370409341296181 3.0026571177877477 3.2127341001760206 69.111754387035035 2.146916356869041
leaf_count=98 32 421 21 15 106 224 4169 368 273 278 31 102 39 19 13 211 113 29 104 13 79 88 1 5 142 118 99 78 646 65
internal_value=0.0344432 0.0226918 0.018322 0.0141512 0.0103177 0.0158863 -0.019259 0.00198272 0.0452724 0.0385303 0.0242216 -0.00916821 0.0443306 0.0334298 0.0186033 -0.00911578 0.0211352 0.0219206 0.0334576 -0.0718211 0.017437 -0.00607057 0.0193875 -0.00629097 0.0188805 0.0162832 -0.00485953 0.0221041 0.0152112 0.0189773
internal_weight=623.396 298.968 253.468 221.322 198.447 167.005 31.4425 18.6791 324.428 174.395 50.303 19.6669 124.092 56.9634 30.8543 14.0032 13.9644 9.36697 11.9182 4.63624 163.975 9.48646 6.95269 4.11121 154.489 131.156 28.3139 102.842 74.4714 71.2587
internal_count=8000 6894 6862 6841 6826 1651 5175 1006 1106 1008 411 380 597 558 539 526 638 240 217 286 1545 173 85 84 1372 1230 323 907 789 711
is_linear=0
shrinkage=0.05


Tree=55
num_leaves=31
num_cat=0
split_feature=3 7 7 5 6 3 4 7 0 7 2 8 3 8 4 2 5 3 2 4 2 5 7 6 3 5 7 6 3 3
split_gain=31.2644 12.3029 11.6963 8.13504 6.83736 5.96374 13.9135 9.76834 5.68687 13.5853 10.6917 9.57617 5.52737 4.93105 5.71449 7.525 5.58755 8.64957 3.94885 3.71197 3.01717 2.85693 11.6314 6.42741 5.82869 2.71389 3.32429 8.02993 5.30204 11.5034
threshold=1380.5000000000002 3534.8834019049436 7699.1220601035302 202.50000000000003 8.5999999999999961 1439.5000000000002 28.950000000000003 4870.3482590071853 1.5000000000000002 8701.0073732598521 310.95000000000005 12338.800000000001 1414.5000000000002 11102.650000000003 65.850000000000009 308.45000000000005 188.50000000000003 1353.5000000000002 309.65000000000003 62.45000000000001 310.95000000000005 206.50000000000003 8925.898283367078 9.9500000000000188 1400.5000000000002 224.50000000000003 6837.4669710279468 10.900000000000007 1556.5000000000002 1688.5000000000002
decision_type=2 2 2 2 2 2 2 2 2 2 2 2 2 2 2 2 2 2 2 2 2 2 2 2 2 2 2 2 2 2
left_child=4 -2 3 5 -1 12 7 -7 13 10 11 -10 -3 14 15 -6 17 -17 -9 -19 -14 22 23 -4 -25 26 28 -28 -5 -30
right_child=1 2 21 25 8 6 -8 18 9 -11 -12 -13 20 -15 -16 16 -18 19 -20 -21 -22 -23 -24 24 -26 -27 27 -29 29 -31
leaf_value=0.052948347250267896 0.046593995717321882 -0.051023532512715825 -0.074092814251686276 0.025892547266067736 -0.085241201182485848 -0.055495426017214716 -0.051902754053391245 0.045239329806219704 -0.077114067175386186 0.047429940094857223 0.022150916059544137 0.053673878102658445 0.033557022863512927 0.053394052085963421 0.050624038633878259 -0.086233364728207862 0.037303818829525194 -0.050759702472788396 -0.051686579392460602 0.053556004551623786 -0.051598606384311657 0.051728133311785912 0.047462389301105155 0.044272296379891135 -0.059333009712519327 0.028454877460484432 -0.066664232045935204 0.021045087468454047 -0.06243647786282755 0.015151187647859863
leaf_weight=143.1380774974823 43.679878626018763 2.5791745034512159 3.3124423916451615 56.021644941996783 1.6595572896767432 3.8241509582148927 15.71777511469554 11.08310552081093 6.6713553472654912 27.002247631549835 13.410867071710525 1.7711424827575681 15.222798251896167 64.072467923164368 24.992145549505949 2.617291767033751 21.064846398774534 1.1334910626756025 1.160893540829419 3.4437360763549805 1.1164831772912283 22.479671776294708 23.754380792379379 4.3440552218817174 1.9745824011042712 43.821510415524244 4.211818134877829 6.8593954173848033 5.9435092750936773 24.346562070306391
leaf_count=98 32 509 174 157 106 651 4090 149 283 23 104 1 354 39 19 220 47 164 177 2 151 13 16 30 110 55 55 22 78 71
internal_value=0.033893 0.0221272 0.017814 0.0119528 0.0449201 -0.00522647 -0.0184556 0.0142622 0.0380734 0.0237104 -0.00559769 -0.0496762 0.0170006 0.043971 0.0329758 0.0182338 0.0243105 -0.0137328 0.0360495 0.0277236 0.0277382 0.0379486 0.0286704 -0.0176787 0.0118955 0.0181216 0.0134717 -0.0123221 0.0167802 -7.30422e-05
internal_weight=602.431 291.454 247.774 191.909 310.977 50.7044 31.7859 16.0682 167.839 48.8556 21.8534 8.4425 18.9185 118.984 54.9111 29.9189 28.2594 7.19452 12.244 4.57723 16.3393 55.8651 33.3855 9.63108 6.31864 141.204 97.3829 11.0712 86.3117 30.2901
internal_count=8000 6894 6862 6519 1106 6081 5067 977 1008 411 388 284 1014 597 558 539 433 386 326 166 505 343 330 314 140 438 383 77 306 149
is_linear=0
shrinkage=0.05


Tree=56
num_leaves=31
num_cat=0
split_feature=3 3 4 7 8 6 7 6 0 4 8 6 2 7 1 7 5 6 8 6 8 4 7 3 3 6 6 4 5 4
split_gain=30.7196 11.915 11.6573 15.2249 11.5943 6.79376 5.55927 10.3791 5.37329 11.9963 10.5348 4.63803 4.62271 4.49517 4.40963 3.97638 9.34018 7.10644 8.31241 5.64406 3.88688 3.81324 10.7583 3.99689 11.1769 3.71629 13.7568 5.34048 4.45171 3.57195
threshold=1380.5000000000002 2268.5000000000005 45.150000000000013 6298.2492439535499 3989.1500000000001 8.5999999999999961 7246.7955498396723 11.099999999999996 1.5000000000000002 60.050000000000004 6510.0000000000009 11.549999999999985 307.75000000000006 3534.8834019049436 297.35000000000008 8925.898283367078 206.50000000000003 9.9500000000000188 973.80000000000007 11.099999999999996 11575.250000000002 20.150000000000002 4539.0201897963379 1866.5000000000002 1739.5000000000002 11.200000000000019 10.950000000000019 28.750000000000004 178.50000000000003 31.050000000000004
decision_type=2 2 2 2 2 2 2 2 2 2 2 2 2 2 2 2 2 2 2 2 2 2 2 2 2 2 2 2 2 2
left_child=5 2 3 4 13 -1 7 -7 -8 10 -10 14 -4 -2 -6 16 17 18 -14 -19 -20 -16 -23 24 25 26 27 -24 -29 -30
right_child=1 -3 12 -5 11 6 8 -9 9 -11 -12 -13 15 -15 21 -17 -18 19 20 -21 -22 22 23 -25 -26 -27 -28 28 29 -31
leaf_value=0.052796298986729585 0.02821733040880843 0.045820469029594225 -0.071452384207596184 -0.055646191918534177 -0.058260315725170125 -0.067350001092953027 0.046834359040464582 0.031259946783947945 0.034001962130362044 0.039621661081611907 -0.073033773544729244 -0.065773972756471066 0.026666124896241573 -0.057380482778814149 0.057546869451014754 0.047941165574936877 0.039196949139272519 0.03183999660779932 -0.05786027181641399 -0.052748527316721416 -0.23236317796737424 -0.083636603813315225 -0.05829626490209891 0.05060134408081516 -0.081894925608650318 0.039040312643423059 -0.087727492183539424 -0.051391147340540122 0.041928728395639166 0.016310842415575871
leaf_weight=136.53936338424683 1.9111843854188899 43.073798633180559 1.1069538287119929 8.8335128017934021 1.8869163058698166 3.4523953140014756 103.10492689232342 11.751471739728004 4.2020798999583331 33.850752359256148 5.07553939986974 1.6930986805818964 3.7984509575180727 7.7668634610017762 6.0199615955352774 26.404608108103275 45.945575106889009 15.756546098738911 5.7865281514823437 2.2541249700589097 0.33773167431354512 2.6094110999256364 2.1934222839772692 9.2152015189640206 2.8225235330173737 18.7322128766682 3.1732699122512704 2.0691094332141793 18.433886548271403 51.963591640000232
leaf_count=98 2 60 69 1451 147 343 344 80 86 66 89 53 77 2321 2 18 59 353 627 232 2 28 43 20 98 145 122 590 45 330
internal_value=0.0333743 0.021601 0.0172671 0.00788062 0.012181 0.044587 0.0376438 0.00886824 0.0406355 0.0258163 -0.0245544 0.0163994 0.0301654 -0.0404769 0.0175673 0.0312871 0.0253349 0.00253425 -0.0314427 0.0212533 -0.0674835 0.0187878 0.0166898 0.0191003 0.0161796 0.0190462 0.0142342 0.0185679 0.0208944 0.023019
internal_weight=581.765 283.788 240.715 139.324 130.491 297.977 161.437 15.2039 146.233 43.1284 9.27762 120.813 101.391 9.67805 119.12 100.284 73.879 27.9334 9.92271 18.0107 6.12426 117.233 111.213 108.603 99.388 96.5655 77.8333 74.66 72.4666 70.3975
internal_count=8000 6894 6834 5397 3946 1106 1008 423 585 241 175 1623 1437 2323 1570 1368 1350 1291 706 585 629 1423 1421 1393 1373 1275 1130 1008 965 375
is_linear=0
shrinkage=0.05


Tree=57
num_leaves=31
num_cat=0
split_feature=3 7 8 7 5 5 3 1 3 6 8 7 4 8 6 5 5 5 6 1 2 7 2 2 0 2 3 3 5 5
split_gain=29.7927 11.4361 10.9778 9.8545 10.2924 8.59667 7.29886 7.12755 7.03348 6.94226 5.59673 14.4769 11.778 5.71795 6.25027 6.2521 6.09706 4.61139 4.65069 3.98508 10.6569 5.94389 14.9273 5.70471 8.91536 3.42195 3.2054 9.48663 6.89447 3.01209
threshold=1380.5000000000002 3534.8834019049436 11102.650000000003 8925.898283367078 162.50000000000003 235.50000000000003 1439.5000000000002 297.15000000000003 1418.5000000000002 8.5999999999999961 11102.650000000003 8925.898283367078 58.550000000000004 10798.500000000002 11.349999999999996 119.50000000000001 118.50000000000001 231.50000000000003 11.549999999999985 299.75000000000006 309.55000000000007 5120.0525150900139 309.65000000000003 310.45000000000005 2.5000000000000004 309.85000000000008 1445.5000000000002 1406.5000000000002 204.50000000000003 217.50000000000003
decision_type=2 2 2 2 2 2 2 2 2 2 2 2 2 2 2 2 2 2 2 2 2 2 2 2 2 2 2 2 2 2
left_child=9 -2 3 4 6 7 8 -6 -3 -1 11 12 13 14 15 16 -11 18 19 29 -21 22 -22 24 -23 -10 27 -25 -28 -9
right_child=1 2 -4 -5 5 -7 -8 17 25 10 -12 -13 -14 -15 -16 -17 -18 -19 -20 20 21 23 -24 26 -26 -27 28 -29 -30 -31
leaf_value=0.052652494242220821 0.04571926734488041 -0.05333743666507948 0.045769730393961768 0.046020716838089899 -0.066424393069836149 -0.08920380607640041 -0.050309523008372915 0.017632865133135955 -0.051426401459320009 -0.050990992801474191 0.047034573332173764 0.047573785624585203 -0.063849241035937684 0.038477784710514731 0.037384565274836683 -0.062049981899787388 0.05655513718351346 0.044593539635544056 -0.063424801175269538 -0.073227310607935997 0.058009546147762929 -0.068703331114728095 -0.071827094006934808 0.023639414491645753 0.047725440936497332 0.029505553763581355 -0.052778552842054363 -0.086503782750838754 0.033434326499216599 0.041936455291162855
leaf_weight=130.22602963447571 40.310283854603767 4.333596265409148 28.893740206956863 20.223887868225574 2.6075578129384658 1.9834159314632405 11.016197823104447 43.156276760739274 1.4743003110634152 2.2221391467610392 73.649864017963409 44.17012495175004 5.2699210653081527 15.71371868252754 6.1284453459084025 5.7070786658441648 3.2384904825594276 13.728430412709711 1.9019767257850606 3.861956199631094 3.474209086969493 4.379766928148455 6.1016877932706848 8.7081713174702582 2.632473339443095 11.447535384562796 2.4519255873747161 2.5208837636746457 42.768762122374028 18.093764419667423
leaf_count=98 32 585 21 15 105 9 4169 552 204 399 61 33 133 15 57 303 7 10 50 67 2 153 138 45 14 217 317 81 86 22
internal_value=0.0328284 0.0211085 0.0169005 0.0128683 0.00927602 0.0142369 -0.0185138 0.0155488 0.00178523 0.0441285 0.0370174 0.0280694 0.00556372 0.0166453 -0.00318977 -0.0254555 0.0127905 0.0169388 0.014228 0.015297 0.00771819 0.0119983 -0.0247214 0.017539 -0.0249947 0.0202717 0.0228225 -0.00108735 0.0287597 0.0248123
internal_weight=562.397 276.071 235.761 206.867 186.643 158.371 28.2716 156.388 17.2554 286.326 156.1 82.4499 38.2798 33.0099 17.2962 11.1677 5.46063 153.78 140.052 138.15 76.8998 73.0379 9.5759 63.462 7.01224 12.9218 56.4497 11.2291 45.2207 61.25
internal_count=8000 6894 6862 6841 6826 1651 5175 1642 1006 1106 1008 947 914 781 766 709 406 1537 1527 1477 903 836 140 696 167 421 529 126 403 574
is_linear=0
shrinkage=0.05


Tree=58
num_leaves=31
num_cat=0
split_feature=3 3 7 7 6 1 8 0 7 8 2 4 7 8 7 8 4 8 6 7 6 4 7 3 3 8 5 6 3 4
split_gain=29.1364 11.0096 10.6505 9.16352 6.88915 6.20009 5.95738 5.50702 12.4631 9.76002 14.2575 5.14417 13.5375 7.06119 6.45172 4.9392 5.44401 6.82006 9.41905 5.58211 4.13977 3.60007 9.48215 3.8299 10.3253 3.40007 3.37894 5.42437 5.69297 3.3491
threshold=1380.5000000000002 2268.5000000000005 7616.1840140487602 7448.6062259185246 8.5999999999999961 297.15000000000003 940.4000000000002 1.5000000000000002 8701.0073732598521 12338.800000000001 311.65000000000003 45.150000000000013 6298.2492439535499 3989.1500000000001 3534.8834019049436 11102.650000000003 65.850000000000009 10798.500000000002 10.150000000000007 8701.0073732598521 11.549999999999985 20.150000000000002 4539.0201897963379 1866.5000000000002 1739.5000000000002 9208.7500000000018 228.50000000000003 8.9500000000000188 1439.5000000000002 30.550000000000004
decision_type=2 2 2 2 2 2 2 2 2 2 2 2 2 2 2 2 2 2 2 2 2 2 2 2 2 2 2 2 2 2
left_child=4 2 3 5 -1 -2 -7 15 9 10 -9 12 13 14 -8 16 17 18 19 -6 21 -15 -23 24 29 -20 27 -13 -29 -24
right_child=1 -3 -4 -5 7 6 11 8 -10 -11 -12 26 -14 20 -16 -17 -18 -19 25 -21 -22 22 23 -25 -26 -27 -28 28 -30 -31
leaf_value=0.052516448863043075 -0.062425194968943901 0.044903300719180306 0.036252233718655338 -0.096572039403661908 -0.055723707666385819 -0.063757243470739383 0.053365889914088166 -0.075030398539990314 0.046182407150312403 0.053462675888633862 0.021364941448290781 -0.07167648476227588 -0.055665447754372668 0.056750215861571966 -0.059015959163003673 0.052932789729056254 0.049771038484592516 0.039359035329599792 0.031826351266034468 -0.27507634403074199 -0.064385821600136103 -0.081061602714726871 0.032569892616757301 0.049396059943850504 -0.082267404908968111 -0.064157775357892355 0.054488338441069255 0.032614625571619191 -0.053471397339483806 0.011629871657360824
leaf_weight=124.18763208389282 2.772210501600056 39.802645965479314 52.191315905656666 1.9743660477688525 3.8458354513859385 2.494353011599741 1.6414480209350575 7.6610596627579088 24.089867763221264 5.0348846912384024 7.6827402103226632 1.4921661679400156 7.5593639638973391 5.543473243713378 5.7534560278290883 56.300259470939636 22.019883971661329 14.802026733756065 7.3351124369073641 0.31369421258568753 1.5665146631654341 2.487107678083702 26.706863906001672 8.7458218319807184 2.6617995456326744 1.0553814999293534 10.302093148231505 25.7014456873294 2.0755934260087079 66.993505144491792
leaf_count=98 343 60 397 152 282 771 1 337 23 3 48 101 1230 2 1661 39 19 13 211 4 53 28 165 21 102 29 5 385 261 1156
internal_value=0.0323444 0.0206343 0.0164098 0.0105414 0.0438043 0.0117534 0.0129509 0.036598 0.0218365 -0.00694317 -0.0267646 0.0140815 0.00926562 0.0132856 -0.0340705 0.0428099 0.0312666 0.0163695 -0.0107454 -0.0722664 0.0163386 0.0174563 0.0154318 0.0177151 0.0148397 0.0197532 0.0298613 0.0211931 0.026182 0.0175983
internal_weight=542.794 268.466 228.663 176.472 274.328 174.497 171.725 150.141 44.4686 20.3787 15.3438 169.231 129.659 122.1 7.3949 105.672 49.3719 27.3521 12.55 4.15953 114.705 113.139 107.595 105.108 96.3622 8.39049 39.5713 29.2692 27.777 93.7004
internal_count=8000 6894 6834 6437 1106 6285 5942 1008 411 388 385 5171 4419 3189 1662 597 558 539 526 286 1527 1474 1472 1444 1423 240 752 747 646 1321
is_linear=0
shrinkage=0.05


Tree=59
num_leaves=31
num_cat=0
split_feature=3 7 8 7 5 5 6 3 4 1 0 7 8 2 8 4 2 5 3 5 6 7 1 2 7 2 2 0 3 4
split_gain=28.7877 10.6222 10.2163 9.12916 9.14842 7.6913 6.82769 6.5751 6.73811 6.31027 5.66866 11.1843 11.632 13.5817 4.5164 4.9746 6.53849 5.02041 7.7169 4.2339 4.06812 3.9539 3.51388 9.84631 5.48099 13.4164 5.23692 8.14508 5.93458 3.26621
threshold=1380.5000000000002 3534.8834019049436 11102.650000000003 8925.898283367078 162.50000000000003 235.50000000000003 8.7999999999999847 1439.5000000000002 48.650000000000013 297.15000000000003 1.5000000000000002 8925.898283367078 12338.800000000001 311.65000000000003 11102.650000000003 65.850000000000009 308.45000000000005 188.50000000000003 1353.5000000000002 231.50000000000003 11.549999999999985 6806.2185961002406 299.75000000000006 309.55000000000007 5120.0525150900139 309.65000000000003 310.45000000000005 2.5000000000000004 1398.5000000000002 62.45000000000001
decision_type=2 2 2 2 2 2 2 2 2 2 2 2 2 2 2 2 2 2 2 2 2 2 2 2 2 2 2 2 2 2
left_child=6 -2 3 4 7 9 -1 8 21 -6 14 12 13 -12 15 16 -8 18 -18 20 22 -3 -11 -24 25 -25 27 -26 -28 -20
right_child=1 2 -4 -5 5 -7 10 -9 -10 19 11 -13 -14 -15 -16 -17 17 -19 29 -21 -22 -23 23 24 26 -27 28 -29 -30 -31
leaf_value=0.0520941038775262 0.044830226464604231 -0.050544566708621445 0.044909591635789864 0.045194842792367601 -0.065528552091876358 -0.085682999341028757 -0.082549756557321829 -0.050307378723041231 -0.054197513552900284 0.023323951640781482 -0.072868920714411853 0.04791679336413418 0.053223191565506749 0.020452475392897795 0.052789303216140684 0.049446776302147243 -0.089727485121433068 0.036154101261295091 -0.050711964150143875 0.043339347616720231 -0.062236299281826828 0.030581795865284107 -0.072395005133366039 0.057058024075744333 -0.0677109037847059 -0.070417993072781682 -0.079676642684260182 0.046464616836768509 0.024335468520379804 0.052970848332612487
leaf_weight=122.88963596778922 37.198316693305969 1.7459413410397306 26.885751187801361 18.817332852631807 2.4185087186051524 1.9371450245380391 1.5567213254980767 10.065134389791636 4.164659807458519 59.589722437784076 7.9773923054453935 19.557552434504032 6.3028600215911856 7.6257175549399108 51.061754941940308 21.079879760742188 2.2506638771155876 18.510152819100767 1.0240645151352512 12.833858635276554 1.7597320044878859 10.745068831951356 3.7082451978931195 3.1987067665904743 4.1976409683702505 5.8187696443637833 1.4076400641351927 2.4877864017616957 53.258714262628928 2.9409682750701904
leaf_count=124 32 421 21 15 105 9 106 4169 368 574 335 15 4 48 37 19 211 45 160 10 50 217 67 2 153 138 31 14 498 2
internal_value=0.0317991 0.0200789 0.0159876 0.0120635 0.00858708 0.0133124 0.0434952 -0.0184017 0.000879067 0.0145851 0.0359411 0.0204337 -0.00410303 -0.0272599 0.0424739 0.0313529 0.0168407 0.0230983 -0.0157815 0.015892 0.0132909 0.0192423 0.0142852 0.00701421 0.0111988 -0.0251993 0.0165486 -0.0252238 0.0216572 0.0261923
internal_weight=525.016 262.239 225.04 198.155 179.337 152.616 262.777 26.7208 16.6557 150.679 139.888 41.4635 21.906 15.6031 98.4242 47.3625 26.2826 24.7258 6.2157 148.261 135.427 12.491 133.667 74.0775 70.3693 9.01748 61.3518 6.68543 54.6664 3.96503
internal_count=8000 6894 6862 6841 6826 1651 1106 5175 1006 1642 982 402 387 383 580 543 524 418 373 1537 1527 638 1477 903 836 140 696 167 529 162
is_linear=0
shrinkage=0.05


Tree=60
num_leaves=31
num_cat=0
split_feature=3 3 8 7 5 5 6 1 8 7 4 6 2 8 8 8 1 7 5 8 7 7 4 7 7 3 4 2 4 2
split_gain=28.3196 10.2542 9.81203 8.76355 7.17936 7.02354 6.72579 5.84178 5.09496 12.6103 10.3374 6.76997 5.44311 4.84464 5.27242 4.82292 4.32579 5.38355 4.12629 5.60685 3.89498 4.82802 3.31256 3.28955 2.55072 2.54487 7.08811 5.698 7.94258 4.881
threshold=1380.5000000000002 2268.5000000000005 11102.650000000003 8925.898283367078 162.50000000000003 235.50000000000003 8.5999999999999961 297.15000000000003 11102.650000000003 8925.898283367078 58.550000000000004 11.400000000000007 308.45000000000005 3804.7000000000003 940.4000000000002 10624.100000000002 297.15000000000003 7699.1220601035302 231.50000000000003 3989.1500000000001 6806.2185961002406 3534.8834019049436 48.650000000000013 7720.47441817243 3534.8834019049436 1683.5000000000002 30.850000000000005 308.45000000000005 33.050000000000004 310.45000000000005
decision_type=2 2 2 2 2 2 2 2 2 2 2 2 2 2 2 2 2 2 2 2 2 2 2 2 2 2 2 2 2 2
left_child=6 2 3 4 13 7 -1 -6 9 10 11 12 -8 14 24 16 -14 -18 19 -9 21 -16 -22 -19 -2 26 -21 -28 -29 -30
right_child=1 -3 -4 -5 5 -7 8 18 -10 -11 -12 -13 15 -15 20 -17 17 23 -20 25 22 -23 -24 -25 -26 -27 27 28 29 -31
leaf_value=0.052266498657947594 -0.25964588188401083 0.043982050897268789 0.044384596804672861 0.044730252080139171 -0.06488598772724137 -0.082925895288976106 -0.068125880912429507 -0.076629441727842723 0.046084104846787891 0.046446153071005004 -0.064040829817831865 -0.12414550696961879 0.055866551239687694 -0.051869435405265951 0.053051081400649784 0.041996772440986548 -0.059362532231326495 0.045486061435860738 0.042595622738418604 -0.064935688229829966 0.034741582862271719 -0.05020398554169965 -0.051561929173340071 -0.05225606556693746 -0.052039065887257076 0.025186383443451255 0.036073129135797528 -0.078652870369588512 -0.0099575303677890709 0.018152744076559438
leaf_weight=112.92507290840149 0.15548677742481887 36.841171037405729 25.869424946606159 18.080849632620811 2.3227641625562674 1.9023488648235787 1.6626448144088559 1.7435272705042724 64.656839281320572 38.964045085012913 4.6823653536848715 0.84057839447632332 2.6105620861053493 6.8229887686902648 1.5056364536285425 16.709782760590315 4.0620208610780519 3.3172047743573785 12.41572308167815 3.1036785438191137 9.9798192960442957 4.5632960873190314 1.2512542608892534 1.162487811874598 3.0529309718403965 34.832559010013938 19.236248968169093 2.7025515944696954 23.241739632328972 46.018972405930981
leaf_count=98 1 60 21 15 105 9 146 51 61 33 133 44 1 1857 1 20 468 10 10 61 276 2002 165 92 854 233 140 94 474 465
internal_value=0.0312984 0.019578 0.0154689 0.0115918 0.00816502 0.012526 0.0432074 0.013773 0.0358301 0.0268721 0.00511081 0.0157741 0.0197576 -0.0153732 -0.00323114 0.025002 -0.000461718 -0.0176771 0.015048 0.0124347 0.00768657 -0.0245875 0.0251265 0.0201218 -0.0621001 0.0136372 0.00937136 0.0119002 0.00543856 0.00871981
internal_weight=507.237 255.643 218.802 192.932 174.852 147.52 251.594 145.618 138.669 74.0117 35.0476 30.3653 29.5247 27.3314 20.5084 27.8621 11.1523 8.54171 143.295 130.879 17.3 6.06893 11.2311 4.47969 3.20842 129.136 94.3032 91.1995 71.9633 69.2607
internal_count=8000 6894 6834 6813 6798 1642 1106 1633 1008 947 914 781 737 5156 3299 591 571 570 1528 1518 2444 2003 441 102 855 1467 1234 1173 1033 939
is_linear=0
shrinkage=0.05


Tree=61
num_leaves=31
num_cat=0
split_feature=3 7 7 6 0 7 2 8 1 5 2 8 4 8 6 3 4 7 7 3 8 5 7 6 3 8 3 8 2 5
split_gain=27.9051 9.8844 9.3272 6.65987 5.16175 11.0769 8.60078 7.25865 5.12711 5.24908 4.94654 4.70485 4.90565 5.88695 8.41741 4.4034 11.3341 7.07793 4.25713 3.86938 2.8845 2.77136 9.58262 5.3846 4.80157 3.42416 2.44856 4.83613 2.10049 2.59809
threshold=1380.5000000000002 3534.8834019049436 7699.1220601035302 8.5999999999999961 1.5000000000000002 8701.0073732598521 310.95000000000005 12338.800000000001 297.15000000000003 202.50000000000003 310.95000000000005 11102.650000000003 65.850000000000009 10798.500000000002 10.150000000000007 1439.5000000000002 28.950000000000003 4870.3482590071853 8925.898283367078 1414.5000000000002 9208.7500000000018 206.50000000000003 8925.898283367078 9.9500000000000188 1400.5000000000002 11575.250000000002 1348.5000000000002 12338.800000000001 308.35000000000008 203.50000000000003
decision_type=2 2 2 2 2 2 2 2 2 2 2 2 2 2 2 2 2 2 2 2 2 2 2 2 2 2 2 2 2 2
left_child=3 -2 8 -1 11 6 7 -6 -3 10 15 12 13 14 18 19 17 -17 -5 -10 -16 22 23 25 -25 -4 27 -8 -11 -30
right_child=1 2 21 4 5 -7 26 -9 9 28 -12 -13 -14 -15 20 16 -18 -19 -20 -21 -22 -23 -24 24 -26 -27 -28 -29 29 -31
leaf_value=0.052151081069818084 0.04394974499569463 -0.060433360691574844 -0.054583760152908889 -0.055637428127194591 -0.075342811904561865 0.045087802948035993 -0.064237998795472082 0.052740518091236914 -0.050898562365117195 0.035427318416353097 -0.050944005240808277 0.052520189283687124 0.048909892973859642 0.037689653760848069 0.031102725083870617 -0.056444990770658954 -0.052704267598633253 0.037104624507358491 -0.24537921745303556 0.031579607630170307 -0.062301380781021744 0.050364369414384838 0.044908759915107066 0.042307447101967197 -0.057810610167815191 -0.22156895077429117 0.03441997271293494 0.05306111751052478 0.039380380966199308 0.011537241302924953
leaf_weight=107.64937973022461 34.372782077640295 2.5659838609863064 2.5271255734842293 3.4927125582471494 5.7723605451174107 21.283652778714895 2.1018101877998543 1.3683552742004392 1.5904255517525587 12.466224551200865 5.0274027487030244 49.135691165924072 19.352093003690243 13.473522953689098 6.6066874138778076 2.5142581361578804 9.7576085805194435 10.325284501304848 0.3229524791240691 13.429015789646654 0.94476709561422456 18.155143573880196 18.792887195944786 3.6750315180979669 1.7764420767780391 0.34945164620876301 7.9796205951133743 1.5100191831588747 9.1177854887209815 103.30938720982522
leaf_count=98 32 358 172 284 283 23 46 1 346 27 1690 39 19 13 211 419 2745 230 2 324 29 13 16 30 110 2 57 1 27 353
internal_value=0.0307626 0.0190506 0.0150768 0.0429002 0.035432 0.0204084 -0.00763246 -0.0507986 0.00970874 0.010783 -0.00436292 0.0418735 0.0300361 0.0153324 -0.0111678 0.00186257 -0.0120842 0.0187856 -0.0716969 0.0228459 0.0194169 0.035245 0.0251238 -0.0195224 0.00968252 -0.0748694 0.0189593 -0.0151981 0.0159545 0.0137953
internal_weight=490.746 249.752 215.379 240.994 133.344 40.0158 18.7322 7.14072 170.103 167.537 42.644 93.3284 44.1927 24.8406 11.3671 37.6166 22.5972 12.8395 3.81567 15.0194 7.55145 45.2761 27.1209 8.32805 5.45147 2.87658 11.5914 3.61183 124.893 112.427
internal_count=8000 6894 6862 1106 1008 411 388 284 6519 6161 5754 597 558 539 526 4064 3394 649 286 670 240 343 330 314 140 174 104 47 407 380
is_linear=0
shrinkage=0.05


Tree=62
num_leaves=31
num_cat=0
split_feature=3 3 8 7 6 5 5 8 1 0 7 8 2 8 4 5 4 8 8 5 7 7 7 7 4 7 3 4 2 4
split_gain=27.5722 9.54916 9.20829 8.00309 6.58039 6.14423 6.42028 5.30004 5.23017 4.94621 10.537 10.2282 11.8777 4.65941 4.73733 5.5861 6.10725 4.44383 4.86128 3.70697 3.48109 4.40104 2.95908 2.93633 2.33119 9.09922 4.0678 6.50666 5.14147 7.38667
threshold=1380.5000000000002 2268.5000000000005 11102.650000000003 8925.898283367078 8.5999999999999961 162.50000000000003 235.50000000000003 3989.1500000000001 297.15000000000003 1.5000000000000002 8925.898283367078 12338.800000000001 311.65000000000003 11102.650000000003 65.850000000000009 188.50000000000003 62.45000000000001 3804.7000000000003 940.4000000000002 231.50000000000003 6806.2185961002406 3534.8834019049436 7303.6374329186237 7272.8498249134436 20.150000000000002 4539.0201897963379 1683.5000000000002 30.850000000000005 308.45000000000005 33.050000000000004
decision_type=2 2 2 2 2 2 2 2 2 2 2 2 2 2 2 2 2 2 2 2 2 2 2 2 2 2 2 2 2 2
left_child=4 2 3 5 -1 17 7 -7 -9 13 11 12 -11 14 15 16 -6 18 -2 24 21 -20 -22 -17 -10 -26 27 -27 -29 -30
right_child=1 -3 -4 -5 9 6 -8 8 19 10 -12 -13 -14 -15 -16 23 -18 -19 20 -21 22 -23 -24 -25 25 26 -28 28 29 -31
leaf_value=0.052041774216704972 -0.061727296457329134 0.04302757128347362 0.043552756288375342 0.04378139105397888 -0.071884749295096403 -0.075755265614751863 -0.080714290871429811 -0.063718938178291065 0.056733012707623556 -0.07164352841348913 0.04724603885283496 0.052788114956199832 0.018783924788817227 0.052391363403162153 0.04858091505485302 0.0042206743104585345 0.025551303693372603 -0.051723894781177594 0.052769021355638157 0.041646649612863684 0.033236274517584402 -0.05019372309749881 -0.051415262817374623 0.045855129902382288 -0.079370898702690013 -0.06448321041646933 0.029988959144208127 0.034297792029285075 -0.078635956368633492 0.0077831746191896999
leaf_weight=102.60890221595764 2.9997369109187337 34.156298360321671 24.176183544099331 16.693582806736231 3.3351944522582953 1.6726773198461149 1.8626447021961201 2.1439368317369363 2.905310630798339 7.3653810276300664 18.56653605401516 5.5399848222732535 7.1629796549677849 46.851341128349304 18.529818348586559 6.9852661655750152 3.1058609187602997 6.2534497311571604 1.3810950517654443 11.90830375254154 9.5985969015164283 4.1759614838520065 1.1567605627933506 10.755374366417525 2.6992532839067271 2.967497384059242 28.423643382266164 18.431993405218236 2.5656913476996115 68.213047795114107
leaf_count=98 855 60 21 15 473 53 9 103 1 343 16 4 48 39 19 33 14 1857 1 10 268 2002 173 19 31 61 201 140 94 939
internal_value=0.0302119 0.0185073 0.0145234 0.0107513 0.0426051 0.00749551 0.0115112 0.0127215 0.0137766 0.035052 0.0200986 -0.00501724 -0.0270597 0.0415025 0.0295582 0.0149816 -0.0249013 -0.0150906 -0.00322839 0.0149796 0.00752914 -0.0246044 0.0241318 0.0294618 0.0124634 0.0114203 0.0134523 0.00835318 0.010776 0.00465053
internal_weight=475.192 244.386 210.229 186.053 230.807 169.36 143.794 141.931 140.259 128.198 38.6349 20.0683 14.5284 89.5629 42.7115 24.1817 6.44106 25.5656 19.3122 138.115 16.3124 5.55706 10.7554 17.7406 126.206 123.301 120.602 92.1782 89.2107 70.7787
internal_count=8000 6894 6834 6813 1106 6798 1642 1633 1580 1008 411 395 391 597 558 539 487 5156 3299 1477 2444 2003 441 52 1467 1466 1435 1234 1173 1033
is_linear=0
shrinkage=0.05


Tree=63
num_leaves=31
num_cat=0
split_feature=3 7 7 6 0 7 8 2 8 7 1 5 2 3 4 7 8 1 5 8 4 3 5 7 6 8 8 5 6 6
split_gain=27.1355 9.18121 8.81601 6.50207 4.72113 9.98399 9.6085 11.2002 4.62583 4.64384 4.48116 4.46286 4.5217 3.93893 10.4271 6.35554 3.58376 7.07223 5.56843 5.44411 5.4178 3.48953 2.64026 8.60899 4.99181 4.37889 2.55774 2.10987 3.15833 6.91127
threshold=1380.5000000000002 3534.8834019049436 7699.1220601035302 8.5999999999999961 1.5000000000000002 8925.898283367078 12338.800000000001 311.65000000000003 11102.650000000003 9140.1706103051711 297.15000000000003 202.50000000000003 310.95000000000005 1439.5000000000002 28.950000000000003 4870.3482590071853 10798.500000000002 299.25000000000006 10.500000000000002 9208.7500000000018 64.750000000000014 1414.5000000000002 206.50000000000003 8925.898283367078 9.9500000000000188 10798.500000000002 11575.250000000002 224.50000000000003 10.900000000000007 9.6500000000000075
decision_type=2 2 2 2 2 2 2 2 2 2 2 2 2 2 2 2 2 2 2 2 2 2 2 2 2 2 2 2 2 2
left_child=3 -2 10 -1 8 6 7 -6 9 16 -3 12 13 21 15 -15 17 19 -19 -5 -20 -12 23 24 26 -26 -4 28 29 -13
right_child=1 2 22 4 5 -7 -8 -9 -10 -11 11 27 -14 14 -16 -17 -18 18 20 -21 -22 -23 -24 -25 25 -27 -28 -29 -30 -31
leaf_value=0.051938233649082226 0.043026774401009424 -0.059568092215336314 -0.054219673727133613 0.039521382343411286 -0.070849315425719511 0.046890035258869214 0.052644802401576207 0.017962117898772483 0.052269407581309851 0.052321171087021251 -0.050839770719555949 0.012369061055707092 -0.050868422834246058 -0.055974393136364133 -0.052722885673656517 0.035414110416087254 0.03642738815265905 0.045289423617974778 -0.056222639657654096 -0.082191074402717446 -0.25083761093734841 0.030097877266875701 0.049913560897410982 0.044004122001979062 -0.052965890242725827 0.043831259125340784 -0.19360532287876731 0.024862392644440449 0.023993405596627312 -0.030966249417174366
leaf_weight=97.794270992279053 31.775236707180738 2.3521452911081715 2.3367178858025031 8.3053604427841474 7.0827186300302873 17.791763599961996 5.2837797403335562 7.1173637667670846 44.667730212211609 14.119715571403502 1.4845675935503084 45.915382713079453 4.6449853312224141 2.3522917815716964 9.0718757513677684 9.9477620437974092 12.659471541643143 1.2493327662814415 3.5501103862188761 1.0330226196092542 0.39766887947916973 12.932440229691563 16.855131134390831 17.358832247555256 1.7981665460392831 3.3358371555805206 0.38308194279670704 36.054827153682709 28.722081128042191 11.506162608508019
leaf_count=98 32 358 172 216 343 16 4 48 39 12 346 172 1690 419 2745 230 13 12 269 31 5 324 13 16 137 3 2 49 86 100
internal_value=0.0296866 0.0180018 0.0141614 0.042311 0.0346727 0.0198107 -0.00491685 -0.0263353 0.0411158 0.029057 0.00895158 0.00994258 -0.00445645 0.00156729 -0.0120566 0.0179368 0.0169782 3.9129e-05 -0.0467116 0.0260574 -0.0758267 0.0217635 0.0345935 0.0243517 -0.0190851 0.0099284 -0.073852 0.014707 0.0104566 0.00368551
internal_weight=459.88 238.828 207.052 221.052 123.258 37.2756 19.4839 14.2001 85.9824 41.3147 164.985 162.632 40.4339 35.7889 21.3719 12.3001 27.195 14.5355 5.19711 9.33838 3.94778 14.417 42.0678 25.2126 7.8538 5.134 2.7198 122.198 86.1436 57.4215
internal_count=8000 6894 6862 1106 1008 411 395 391 597 558 6519 6161 5754 4064 3394 649 546 533 286 247 274 670 343 330 314 140 174 407 358 272
is_linear=0
shrinkage=0.05


Tree=64
num_leaves=31
num_cat=0
split_feature=3 3 7 6 0 7 8 2 8 1 8 7 6 6 5 4 7 6 6 1 1 5 4 7 6 5 8 8 1 5
split_gain=26.745 8.8394 8.5922 6.39601 4.84689 8.90767 9.00649 10.5625 4.63752 4.22554 4.2063 4.30595 3.82653 3.67205 3.37211 7.09268 3.70226 3.24781 9.10392 4.36914 4.06621 3.62862 3.17928 7.70217 6.14588 4.0775 3.81794 3.1122 6.30987 5.38513
threshold=1380.5000000000002 2268.5000000000005 7699.1220601035302 8.7999999999999847 1.5000000000000002 8925.898283367078 12338.800000000001 311.65000000000003 940.4000000000002 297.15000000000003 11102.650000000003 9140.1706103051711 11.549999999999985 7.7999999999999838 220.50000000000003 49.750000000000007 6056.9487482190752 10.900000000000007 10.099999999999996 298.15000000000003 298.85000000000008 216.50000000000003 46.350000000000001 6200.0378216145773 9.6500000000000075 178.50000000000003 9995.0000000000018 10798.500000000002 299.25000000000006 10.500000000000002
decision_type=2 2 2 2 2 2 2 2 2 2 2 2 2 2 2 2 2 2 2 2 2 2 2 2 2 2 2 2 2 2
left_child=3 2 8 -1 10 6 7 -6 -2 -10 11 27 13 -11 15 17 -16 18 19 -15 -21 -19 23 24 25 -22 -24 28 -5 -30
right_child=1 -3 -4 4 5 -7 -8 -9 9 12 -12 -13 -14 14 16 -17 -18 21 -20 20 22 -23 26 -25 -26 -27 -28 -29 29 -31
leaf_value=0.051510763771905811 -0.064294890461591023 0.042056253158836154 0.034273983065273468 0.025418418143226387 -0.070185476077628497 0.046093764483699673 0.052509213177413618 0.017169599313150968 -0.059427359713684708 -0.076615428852072107 0.052159735672149127 0.052202857338221803 -0.060795502589107799 -0.065854079581025488 0.0075106338480424644 -0.074300079622057175 0.036498718708839924 0.024479833257888051 -0.055898577838256074 0.040762387272644723 -0.051103382947013942 -0.080450371493056852 0.036880167235376668 -0.057764004249940749 -0.061672176272608348 0.017540382001275258 -0.060680529238775642 0.035695298019967972 0.046412518545147829 -0.076836864122954429
leaf_weight=96.797308604582213 2.1593314314959562 31.679573324508965 40.386806032154709 9.0993155185715278 6.7736247367574851 15.859947264194487 5.038737177848815 7.0747139952145517 2.1944880767259738 1.1789249791763712 40.487308979034424 13.460761189460753 1.8629696877906088 1.9167771614156652 19.895823515951633 2.6031849130522451 24.674858797807246 33.49590768024791 5.973029321874491 9.6060326169244927 2.31857038848102 0.8446890115737905 11.078307369374668 5.2282881755381814 2.9984212234849101 32.320530095486902 1.1026225946843613 12.282806314527988 1.1836741827428348 3.5273970463895239
leaf_count=124 818 60 343 247 335 15 4 48 327 33 37 12 148 174 35 164 43 1168 791 165 1010 7 264 854 244 236 10 13 11 260
internal_value=0.0291681 0.0175016 0.0136477 0.0420441 0.0340611 0.0184673 -0.00473127 -0.0255583 0.00848805 0.00947467 0.0408306 0.029234 0.0104372 0.011292 0.0119647 0.00724491 0.0235588 0.00923097 0.0032342 0.00853996 0.0107455 0.0218988 0.00550739 -0.000898114 0.00700122 0.0129457 0.0280489 0.0173851 0.00110014 -0.04587
internal_weight=445.105 233.519 201.84 211.586 114.788 34.747 18.8871 13.8483 161.453 159.293 80.0413 39.554 157.099 155.236 154.057 109.486 44.5707 106.883 72.5426 66.5695 64.6528 34.3406 55.0467 42.8658 37.6375 34.6391 12.1809 26.0932 13.8104 4.71107
internal_count=8000 6894 6834 1106 982 402 387 383 6491 5673 580 543 5346 5198 5165 5087 78 4923 3748 2957 2783 1175 2618 2344 1490 1246 274 531 518 271
is_linear=0
shrinkage=0.05


Tree=65
num_leaves=31
num_cat=0
split_feature=3 7 8 7 6 5 5 3 4 8 7 4 6 2 1 8 1 7 5 2 7 1 2 7 2 6 5 2 0 3
split_gain=26.3131 8.51199 8.27525 6.99085 6.32601 6.03527 6.01304 5.08797 5.08744 4.48314 10.0289 8.63072 6.00845 4.54722 4.33734 3.89842 3.6887 4.62428 3.62974 3.09032 2.83073 2.5055 8.59503 5.36996 11.5585 5.14887 6.11417 4.35793 7.36346 5.34384
threshold=1380.5000000000002 3534.8834019049436 11102.650000000003 8925.898283367078 8.5999999999999961 162.50000000000003 235.50000000000003 1439.5000000000002 48.650000000000013 11102.650000000003 8925.898283367078 58.550000000000004 11.400000000000007 308.45000000000005 297.15000000000003 10624.100000000002 297.15000000000003 7699.1220601035302 231.50000000000003 309.85000000000008 7720.47441817243 299.75000000000006 309.55000000000007 5120.0525150900139 309.65000000000003 11.250000000000002 224.50000000000003 310.45000000000005 2.5000000000000004 1398.5000000000002
decision_type=2 2 2 2 2 2 2 2 2 2 2 2 2 2 2 2 2 2 2 2 2 2 2 2 2 2 2 2 2 2
left_child=4 -2 3 5 -1 7 14 8 19 10 11 12 13 -6 -7 16 -15 -18 21 -3 -19 25 -23 24 -24 -16 -27 28 -25 -29
right_child=1 2 -4 -5 9 6 -8 -9 -10 -11 -12 -13 -14 15 18 -17 17 20 -20 -21 -22 22 23 27 -26 26 -28 29 -30 -31
leaf_value=0.051747750998768875 0.042094167378300545 -0.051285200139802728 0.042321995407282501 0.042418949222425228 -0.066474729843270478 -0.062839693639456559 -0.079471667752081199 -0.050256166053003752 -0.053420099536764049 0.044810528595200134 0.044549776544880883 -0.065402994467880893 -0.12430456045771583 0.055018527716712451 0.023700555731061449 0.040409392752950947 -0.059301859047073316 0.043450102206600866 0.040108803768398447 0.026864044716746423 -0.05247336491792387 -0.072264534067217917 0.055407957395787202 -0.067148747833361833 -0.069495243494330866 -0.068041912142777813 0.029792091610291196 -0.080043000071214898 0.045419672583882006 0.02102078012800734
leaf_weight=88.833651185035706 29.437248237431049 1.4580760357202986 21.847789227962494 14.955079011619089 1.479764352436187 1.9233923336141732 1.831628032028674 7.7399745444999999 3.4042838405584908 51.761032603681087 31.70985984057188 3.8699959833174935 0.75700077472720195 2.3025734424591064 49.412712787860073 14.387603666633368 3.507853030867409 3.0276038562878966 11.149894565343855 9.5535309470724297 1.0310238210950045 3.5085692630382246 2.7370180729776603 3.960107223596423 5.7296335018472746 3.5321431803749865 2.9148602113127708 1.3433040484087531 2.2944473809329793 49.74550620734226
leaf_count=98 32 313 21 15 146 105 9 4169 368 61 33 133 44 1 482 20 468 10 10 325 92 67 2 153 140 130 4 31 14 504
internal_value=0.0286328 0.0169992 0.0132878 0.00970796 0.041748 0.00669269 0.0105279 -0.0175561 8.03255e-07 0.0339444 0.0248834 0.00434503 0.0145334 0.0186171 0.0117203 0.0238081 -0.000394121 -0.0172569 0.0127722 0.0165161 0.0190824 0.0103373 0.00398723 0.00805249 -0.0291177 0.0182173 -0.0238086 0.0135406 -0.0258537 0.0183635
internal_weight=431.147 228.479 199.042 177.194 202.668 162.239 140.083 22.1559 14.4159 113.834 62.0733 30.3634 26.4934 25.7364 138.252 24.2567 9.86905 7.56648 136.328 11.0116 4.05863 125.178 69.3186 65.81 8.46665 55.8597 6.447 57.3434 6.25455 51.0888
internal_count=8000 6894 6862 6841 1106 6826 1651 5175 1006 1008 947 914 781 737 1642 591 571 570 1537 638 102 1527 911 844 142 616 134 702 167 535
is_linear=0
shrinkage=0.05


Tree=66
num_leaves=31
num_cat=0
split_feature=3 3 8 7 6 4 5 5 8 8 0 7 2 8 2 8 5 7 2 5 4 7 7 7 7 4 5 8 4 6
split_gain=25.7114 8.14701 7.91137 6.68439 6.27007 5.13001 5.06765 5.26048 5.23412 4.56878 4.41121 8.24981 8.26092 5.48889 3.90264 3.65932 3.65293 3.64922 3.49254 3.15099 8.15119 2.35438 4.65479 5.25374 4.08325 3.19325 6.83173 3.23669 7.07118 5.33227
threshold=1380.5000000000002 2268.5000000000005 11102.650000000003 8925.898283367078 8.5999999999999961 44.350000000000001 235.50000000000003 178.50000000000003 4461.2000000000007 940.4000000000002 1.5000000000000002 8925.898283367078 310.95000000000005 12338.800000000001 309.45000000000005 11102.650000000003 233.50000000000003 9140.1706103051711 310.95000000000005 188.50000000000003 62.45000000000001 7905.5718213341843 6847.4781796173856 7430.180785005221 6815.1197752854105 41.95000000000001 203.50000000000003 8549.4000000000015 39.050000000000004 8.5499999999999847
decision_type=2 2 2 2 2 2 2 2 2 2 2 2 2 2 2 2 2 2 2 2 2 2 2 2 2 2 2 2 2 2
left_child=4 2 3 6 -1 -6 7 8 9 -2 15 12 13 -12 -11 17 21 19 -16 20 -7 22 24 -24 25 27 -27 28 29 -9
right_child=1 -3 -4 -5 5 10 -8 16 -10 14 11 -13 -14 -15 18 -17 -18 -19 -20 -21 -22 -23 23 -25 -26 26 -28 -29 -30 -31
leaf_value=0.051659610122087619 -0.063000968215161976 0.04107015287563142 0.041764118321260431 0.041923179174398639 -0.076568917750278548 -0.073963949408719379 -0.077350656711712928 -0.061826967232360031 -0.051763900254906847 -0.050581681054290388 -0.07155187750700541 0.045814289952846782 0.021411765650639056 0.052122628632133287 0.024446311581321462 0.051955078992580818 0.047694780646558507 0.051999728883987351 -0.050957699629404822 0.032480837340431508 0.028112275529435918 0.043131688040356109 -0.060830323392976705 0.010125306316856125 0.049423655138557877 0.035514215322175781 -0.074097064312440786 0.031075581402418506 -0.07078662847737377 0.012170145927391992
leaf_weight=84.641721129417419 2.5767619351390811 29.415845705196261 21.052894167602062 14.389719907194374 1.0476896535255935 2.8963052895269374 1.7888431921601284 2.5200109006837002 6.4685216564685097 2.4794368212460567 5.1791314772563082 15.691659197211264 11.340184977394527 1.0851150751113889 14.889323058421725 38.943503797054291 6.6397027820348731 12.315074086189268 1.7122491286136199 15.024850404355673 6.0223966399207711 5.0213894275948396 4.9799087012070213 5.4789531228598207 6.5881369193084529 2.484526094980537 3.3225933057256043 16.545371027197689 2.835709838604088 71.808653498068452
leaf_count=98 855 60 21 15 45 454 9 38 1769 1107 272 16 102 1 1077 39 4 12 820 46 21 21 167 50 19 81 54 37 121 569
internal_value=0.0281367 0.0165535 0.0128281 0.0092972 0.0414384 0.0335409 0.00632845 0.00728584 -0.0122964 -0.000508632 0.0346042 0.0194527 -0.00404467 -0.0501285 0.00793054 0.0413126 0.0115812 0.029882 0.0166693 0.0185061 -0.00503648 0.00960908 0.00816498 -0.0236597 0.011302 0.00877827 -0.0272008 0.0110079 0.006705 0.00966138
internal_weight=417.186 222.999 193.583 172.53 194.188 109.546 158.14 156.351 28.1263 21.6578 108.498 33.2961 17.6044 6.26425 19.081 75.2021 128.225 36.2586 16.6016 23.9436 8.9187 121.585 116.564 10.4589 106.105 99.5169 5.80712 93.7097 77.1644 74.3287
internal_count=8000 6894 6834 6813 1106 1008 6798 6789 5628 3859 963 391 375 273 3004 572 1161 533 1897 521 475 1157 1136 217 919 900 135 765 728 607
is_linear=0
shrinkage=0.05


Tree=67
num_leaves=31
num_cat=0
split_feature=3 7 8 7 6 5 5 3 3 0 4 2 8 7 1 8 5 8 1 8 5 4 8 3 7 4 7 1 7 7
split_gain=25.1424 7.83011 7.4783 6.3025 6.23159 5.239 5.13547 4.79174 4.69942 4.2697 8.46911 9.02036 4.36677 4.19504 3.96126 3.93666 3.32847 2.86491 6.08449 4.87307 4.83291 5.02268 2.81271 2.65125 4.28645 1.99736 3.594 6.82347 5.47503 3.78684
threshold=1380.5000000000002 3534.8834019049436 11102.650000000003 8925.898283367078 8.5999999999999961 162.50000000000003 235.50000000000003 1439.5000000000002 1437.5000000000002 1.5000000000000002 61.250000000000007 310.95000000000005 11102.650000000003 9140.1706103051711 297.15000000000003 973.80000000000007 233.50000000000003 10798.500000000002 299.25000000000006 9208.7500000000018 10.500000000000002 64.750000000000014 940.4000000000002 1362.5000000000002 8502.6157971856574 52.750000000000007 6847.4781796173856 297.25000000000006 7905.5718213341843 6815.1197752854105
decision_type=2 2 2 2 2 2 2 2 2 2 2 2 2 2 2 2 2 2 2 2 2 2 2 2 2 2 2 2 2 2
left_child=4 -2 3 5 -1 7 14 8 15 12 11 -11 13 17 -7 22 25 18 19 -6 -20 -22 -3 24 -13 26 29 -28 -29 -16
right_child=1 2 -4 -5 9 6 -8 -9 -10 10 -12 23 -14 -15 16 -17 -18 -19 20 -21 21 -23 -24 -25 -26 -27 27 28 -30 -31
leaf_value=0.051576050408115783 0.041135696195489943 -0.052060891783806268 0.041199639868736669 0.041420499763304731 0.038361163659211474 -0.061943680847315802 -0.075428184528795544 -0.050243925766419062 0.035013697600324953 -0.074231796639450051 0.038325677904027439 -0.068222062695406815 0.051856168911537492 0.051898408435729917 0.0091708329424390195 -0.052306091051228125 0.047162965742857735 0.033864048607504076 0.044357047254154292 -0.080537786249130217 -0.055550965981908819 -0.24917456406270933 0.050549767723944386 0.036994078799923877 0.052387699450570549 0.041299791432552045 0.05474232818282862 -0.066247031197798498 0.036996556541691865 0.048983454450742148
leaf_weight=80.640841007232666 27.304231490939856 0.96058608114253941 20.293619684875011 13.849873729050158 7.3882201029336994 1.8390805622329924 1.7438544742763031 7.1571978930733158 5.686341513413935 4.1650172494119024 19.964200224727392 1.8873176902998221 37.113080203533173 11.736753582954405 104.63451772672124 4.9153009410947561 6.3853078782558432 11.252918221056461 1.0811359724611982 0.97554768295958627 3.0213964080321607 0.3766912817955016 2.1915033240802586 5.3495082198642194 1.2083017826080322 4.9461971889249972 2.319071661680935 5.8152012397767976 1.6480173589661715 6.3343461344484231
leaf_count=98 32 129 21 15 216 105 9 4169 35 265 49 62 39 12 1192 837 4 13 12 31 269 5 5 34 1 34 3 277 7 20
internal_value=0.0276161 0.0160928 0.0125076 0.00909103 0.0411116 0.00623135 0.00982208 -0.0170645 0.000201449 0.0331145 0.0180636 -0.0140152 0.0398356 0.0273854 0.0109322 -0.0243361 0.0119469 0.0154455 -0.000692604 0.0244928 -0.0477197 -0.0770149 0.0192796 0.0156828 -0.0211449 0.0101579 0.00888229 -0.0201709 -0.0434489 0.0114434
internal_weight=404.185 218.024 190.72 170.426 186.161 156.577 135.666 20.9109 13.7537 105.52 32.5743 12.6101 72.9457 35.8327 133.922 8.06739 132.083 24.0959 12.843 8.36377 4.47922 3.39809 3.15209 8.44513 3.09562 125.697 120.751 9.78229 7.46322 110.969
internal_count=8000 6894 6862 6841 1106 6826 1651 5175 1006 1008 411 362 597 558 1642 971 1537 546 533 247 286 274 134 97 63 1533 1499 287 284 1212
is_linear=0
shrinkage=0.05


Tree=68
num_leaves=31
num_cat=0
split_feature=3 7 8 6 7 5 5 3 3 8 7 4 6 2 1 8 6 5 5 5 5 8 6 7 1 2 1 6 6 0
split_gain=24.6655 7.50041 7.11014 6.16788 5.98249 4.84677 4.74933 4.57869 4.45266 4.15877 8.83576 7.85166 5.54677 3.96112 3.69821 3.45021 5.64813 4.71808 3.78741 3.18757 2.352 1.98386 1.97489 5.98684 9.86862 9.21662 8.60537 3.65521 6.94158 5.74796
threshold=1380.5000000000002 3534.8834019049436 11102.650000000003 8.5999999999999961 8925.898283367078 162.50000000000003 235.50000000000003 1439.5000000000002 1418.5000000000002 11102.650000000003 8925.898283367078 58.550000000000004 11.400000000000007 308.45000000000005 297.15000000000003 10798.500000000002 11.349999999999996 119.50000000000001 118.50000000000001 233.50000000000003 79.500000000000014 940.4000000000002 9.4000000000000075 5439.0184172089857 301.65000000000003 308.45000000000005 300.75000000000006 9.6500000000000075 9.7999999999999847 1.5000000000000002
decision_type=2 2 2 2 2 2 2 2 2 2 2 2 2 2 2 2 2 2 2 2 2 2 2 2 2 2 2 2 2 2
left_child=3 -2 4 -1 5 7 14 8 -3 10 11 12 13 -5 -7 16 17 18 -15 22 21 -10 23 26 25 -25 -16 -24 -29 -30
right_child=1 2 -4 9 -6 6 -8 -9 20 -11 -12 -13 -14 15 19 -17 -18 -19 -20 -21 -22 -23 27 24 -26 -27 -28 28 29 -31
leaf_value=0.051496822524502932 0.04062755950667693 -0.05241459257205492 0.040628334206646653 -0.065187763869684653 0.040910582902563747 -0.061415942339222852 -0.073679569049164173 -0.050232941337551587 -0.053089819424110701 0.043936376920233937 0.043368619962710464 -0.065496551438922843 -0.12615415589520121 -0.050989259124948685 0.020092272377230325 0.043659515675003174 0.052125095261826827 -0.059862241002256247 0.05451960545315937 0.046632520910192203 -0.051683709039062997 0.031642525316145961 0.030162097343377627 0.041663272116709685 0.025796033481719716 -0.072866182650654809 -0.082580928477975338 -0.067796906632514684 0.021605946402040305 -0.014024292305766487
leaf_weight=76.822979092597961 26.289281040430069 3.0886363363824811 19.568516969680786 1.3520740360254517 13.334495715796946 1.7640401518438 1.6971627250313748 6.8095885025104499 0.75338853884022583 45.567620493471622 28.118762999773026 3.5789440964581436 0.68763528467388724 1.288728583196644 3.6560401045717281 10.567188873887062 4.0326772416010499 3.8650799600582104 2.5016386304632761 6.1412458419799796 1.1370381742017333 8.3152751019224507 25.028137901681475 2.5468722016084921 25.198045031167567 5.6613131969934329 4.619157595501747 2.9222522595664477 39.077851447742432 15.934884198009966
leaf_count=98 32 585 21 146 15 105 9 4169 61 61 33 133 44 317 23 11 13 244 6 4 220 140 186 9 218 167 116 80 439 295
internal_value=0.0270829 0.0156186 0.0121075 0.0408068 0.00877918 0.00600333 0.00943203 -0.0168924 0.000185273 0.0327206 0.0235931 0.00364396 0.0138292 0.0179066 0.0104962 0.0229548 0.00423578 -0.020991 0.0186465 0.0114661 0.016104 0.0246033 0.00973349 0.000854246 0.0102856 -0.0373295 -0.0372192 0.0141945 0.00729643 0.0112854
internal_weight=391.927 213.543 187.254 178.383 167.685 154.351 134.247 20.1039 13.2943 101.56 55.9927 27.874 24.295 23.6074 132.55 22.2553 11.6881 7.65545 3.79037 130.786 10.2057 9.06866 124.645 41.6814 33.4062 8.20819 8.2752 82.9631 57.935 55.0127
internal_count=8000 6894 6862 1106 6841 6826 1651 5175 1006 1008 947 914 781 737 1642 591 580 567 323 1537 421 201 1533 533 394 176 139 1000 814 734
is_linear=0
shrinkage=0.05


Tree=69
num_leaves=31
num_cat=0
split_feature=3 3 7 6 8 4 0 7 8 2 8 7 8 5 2 2 6 5 2 6 6 3 7 6 1 8 5 6 1 3
split_gain=24.1218 7.19682 6.81451 6.08118 5.90904 7.66998 4.19788 7.96339 5.9284 8.52367 4.18322 3.96673 3.84712 3.87017 3.46865 9.15167 3.47972 3.2938 3.83455 3.26465 8.66114 4.40057 9.36867 6.14701 5.16084 4.02439 3.38386 3.24091 5.9188 8.07035
threshold=1380.5000000000002 2268.5000000000005 8925.898283367078 8.5999999999999961 10798.500000000002 49.750000000000007 1.5000000000000002 8701.0073732598521 12338.800000000001 311.65000000000003 11102.650000000003 9140.1706103051711 940.4000000000002 235.50000000000003 311.85000000000008 313.65000000000003 11.549999999999985 224.50000000000003 307.55000000000007 10.900000000000007 10.099999999999996 1456.5000000000002 6056.9487482190752 9.6500000000000075 302.35000000000008 9849.3500000000004 178.50000000000003 11.099999999999996 300.35000000000008 1688.5000000000002
decision_type=2 2 2 2 2 2 2 2 2 2 2 2 2 2 2 2 2 2 2 2 2 2 2 2 2 2 2 2 2 2
left_child=3 2 4 -1 5 12 10 8 9 -8 11 -5 -2 14 16 -16 17 18 -14 20 21 25 23 24 26 -20 -23 -21 29 -29
right_child=1 -3 -4 6 -6 -7 7 -9 -10 -11 -12 -13 13 -15 15 -17 -18 -19 19 27 -22 22 -24 -25 -26 -27 -28 28 -30 -31
leaf_value=0.051421693909630521 -0.068103156323514144 0.039581581423019901 0.042745320321304806 0.014790511409397918 0.032423408883146536 -0.054480538705072967 -0.070024427344563739 0.042250618215386643 0.052062533132103128 0.014702983198863318 0.051686726426867037 0.051725909705397026 -0.067859335159838371 -0.072803576251113528 -0.070712187435394758 0.054731670703201001 -0.060949130584115378 0.028274454443853042 0.028537584252537569 0.038780492422688474 -0.056105379470366104 -0.051587355974622301 -0.062460165674828406 -0.059724294801494743 -0.061417480212244281 -0.068222713935027754 0.026053167684687253 -0.06027135011547257 0.049693611071126929 0.019635544327505701
leaf_weight=73.180348992347717 1.6774025902850542 26.410217556171119 16.070221606642008 22.487090118054766 22.584107160568237 5.2379187488113521 5.5856190453632752 15.406444314867256 3.1567947864532462 6.3349915901198983 33.944438815116882 10.741524398326872 1.6487003544461902 1.4630596134811629 4.1692726052133358 2.2324202188756317 1.6707093288423482 24.216708227992058 23.898702748410873 15.18554977205349 5.7506997788441359 1.4911851491779184 5.6129539267858481 3.029731420450843 2.0277397962636305 1.1251896936446417 23.834025254938751 5.0580398080055629 5.9007718430366358 8.4198135018814337
leaf_count=98 805 60 18 546 29 488 337 23 3 48 39 12 181 8 584 3 125 34 536 340 839 613 760 303 155 10 130 690 48 135
internal_value=0.0265918 0.0151879 0.0116541 0.0405242 0.00864843 0.00491064 0.032358 0.0169695 -0.00886331 -0.0249976 0.0393415 0.0267303 0.00715817 0.00808144 0.00895626 -0.026967 0.0107408 0.0116824 0.00778071 0.00901137 0.00255435 0.00808266 -0.00311281 0.00785113 0.0153361 0.0241868 0.0214816 0.0214849 0.00793159 -0.0103523
internal_weight=379.552 208.715 182.305 170.837 166.235 143.651 97.6569 30.4838 15.0774 11.9206 67.1731 33.2286 138.413 136.735 135.272 6.40169 128.871 127.2 102.983 101.334 66.7702 61.0195 35.9956 30.3827 27.353 25.0239 25.3252 34.5642 19.3786 13.4779
internal_count=8000 6894 6834 1106 6816 6787 1008 411 388 385 597 558 6299 5494 5486 587 4899 4774 4740 4559 3346 2507 1961 1201 898 546 743 1213 873 825
is_linear=0
shrinkage=0.05


Tree=70
num_leaves=31
num_cat=0
split_feature=3 7 7 7 6 8 0 7 8 2 8 7 5 5 5 5 7 8 8 6 1 1 1 6 6 6 6 5 6 3
split_gain=23.2211 6.83424 6.51642 8.78922 6.11588 4.10714 3.9561 7.56442 7.16641 8.18384 4.27354 3.9432 3.87439 3.59661 5.08627 2.80669 7.55494 4.89836 5.60121 2.72801 2.57859 4.34173 2.47608 2.54745 8.50019 3.78846 7.5614 7.78776 4.92613 3.6037
threshold=1380.5000000000002 3534.8834019049436 7616.1840140487602 7489.4155144886563 8.5999999999999961 11102.650000000003 1.5000000000000002 8925.898283367078 12338.800000000001 311.65000000000003 11102.650000000003 9140.1706103051711 235.50000000000003 231.50000000000003 228.50000000000003 206.50000000000003 8925.898283367078 11575.250000000002 10798.500000000002 7.7999999999999838 301.35000000000008 303.65000000000003 297.15000000000003 10.900000000000007 10.099999999999996 10.049999999999985 9.6500000000000075 226.50000000000003 9.5499999999999847 1404.5000000000002
decision_type=2 2 2 2 2 2 2 2 2 2 2 2 2 2 2 2 2 2 2 2 2 2 2 2 2 2 2 2 2 2
left_child=4 -2 3 5 -1 12 10 8 9 -8 11 20 13 14 19 16 17 18 -4 -3 -6 -22 -21 24 25 26 28 -28 29 -24
right_child=1 2 15 -5 6 -7 7 -9 -10 -11 -12 -13 -14 -15 -16 -17 -18 -19 -20 22 21 -23 23 -25 -26 -27 27 -29 -30 -31
leaf_value=0.051350435110081021 0.039628751558826149 -0.072257631031642483 -0.052945265776853691 -0.1200824203810491 0.020308133003292286 0.052481465867016269 -0.068085710586735668 0.044391165267666739 0.051932470304234493 0.014034321703533754 0.051601813344073967 0.051638908837472769 -0.070776096836046867 0.03662268106213791 -0.085682576738286137 0.047677981428917576 0.040750639181008678 -0.1993141200566253 0.041340416007496168 -0.057276286268491509 -0.09708520292000361 0.032510960341729754 -0.069797552289029258 0.018204365725002048 -0.056074076547713972 0.046939805528625089 -0.064472884105018488 0.038326200076454181 0.038049246902394807 0.0056655721717593956
leaf_weight=69.705462217330933 24.438532777130604 1.1007151374360535 3.77876710565761 1.3530870736576606 19.736742473556664 4.9972318410873404 5.8471014476672334 13.41518025100231 3.9655988216400138 6.3057481513824314 32.340740859508514 10.234434008598326 1.609819509088992 9.6800581477582437 1.5276180692017067 14.493674352765082 13.352992281317709 0.37582266330718983 2.7011636197566986 1.4892457805108268 1.3028081961092532 1.2824609175440853 1.6354221684741777 38.638266842172015 5.7337097042473024 5.5183011482586144 7.0327077851397899 2.4963194131851196 12.715732348035088 48.471436712192371
leaf_count=98 32 36 361 114 431 4 343 16 4 48 39 12 9 11 10 15 16 2 3 345 97 18 134 1533 900 49 765 2 272 2281
internal_value=0.0261302 0.0148292 0.0114377 0.00675057 0.0401168 0.00795365 0.0318245 0.016654 -0.00643138 -0.0254761 0.0387284 0.0259402 0.00633711 0.00724963 0.00499944 0.0308873 0.0188451 -0.0238205 -0.0136422 0.00610915 0.0141576 -0.0327971 0.0068063 0.00758701 0.00268009 0.00700627 0.00396051 -0.0375426 0.0102558 0.00320255
internal_weight=367.277 203.141 178.702 144 164.136 142.647 94.4308 29.5336 16.1184 12.1528 64.8972 32.5564 137.649 136.04 126.359 34.7024 20.2087 6.85575 6.47993 124.832 22.322 2.58527 123.731 122.242 83.6036 77.8699 72.3516 9.52903 62.8226 50.1069
internal_count=8000 6894 6862 6465 1106 6351 1008 411 395 391 597 558 6347 6338 6327 397 382 366 364 6317 546 115 6281 5936 4403 3503 3454 767 2687 2415
is_linear=0
shrinkage=0.05


Tree=71
num_leaves=31
num_cat=0
split_feature=3 3 7 7 6 0 4 8 3 8 8 7 5 8 5 4 5 6 1 2 2 1 1 2 1 5 8 5 5 2
split_gain=22.5951 6.52619 6.31133 8.09351 6.10038 3.98976 6.89021 4.54097 10.0751 3.99957 3.96407 3.72835 3.58724 3.65236 3.44679 6.45272 3.3066 2.88392 2.97195 8.13464 3.89409 3.12555 4.36313 3.31968 10.2791 7.01623 5.84267 4.5855 5.8641 3.43983
threshold=1380.5000000000002 2268.5000000000005 7616.1840140487602 7489.4155144886563 8.7999999999999847 1.5000000000000002 64.750000000000014 12338.800000000001 1362.5000000000002 11102.650000000003 11102.650000000003 9140.1706103051711 235.50000000000003 940.4000000000002 119.50000000000001 47.95000000000001 233.50000000000003 11.549999999999985 302.75000000000006 313.65000000000003 311.85000000000008 302.55000000000007 302.35000000000008 310.85000000000008 301.05000000000007 227.50000000000003 10380.800000000001 206.50000000000003 21.500000000000004 310.75000000000006
decision_type=2 2 2 2 2 2 2 2 2 2 2 2 2 2 2 2 2 2 2 2 2 2 2 2 2 2 2 2 2 2
left_child=4 2 3 10 -1 9 7 8 -7 11 12 -6 13 -2 -10 -16 17 18 20 -20 21 22 23 24 25 29 -26 28 -25 -15
right_child=1 -3 -4 -5 5 6 -8 -9 14 -11 -12 -13 -14 16 15 -17 -18 -19 19 -21 -22 -23 -24 27 26 -27 -28 -29 -30 -31
leaf_value=0.050899653140258405 -0.069054710844033126 0.038501049018474641 0.030551542066317813 -0.1166960464627731 0.014351441918274277 -0.070916946778751364 0.045556623347966112 0.051858879807109272 0.047391794742478031 0.051525373645708188 0.052354611669055411 0.051556429935766861 -0.069420523693917741 0.012903287812434557 0.051904631458941447 -0.078499724207208313 0.045353618654704976 -0.060074514692225391 -0.064727666939883272 0.054436084627957654 -0.071184095668886074 0.045793677822743281 -0.083189855884108738 0.0540192671167187 -0.073009838004430852 -0.11101543896094737 0.024433409957563042 0.035397143141501164 -0.054881941088129466 -0.10308391773380098
leaf_weight=69.062363545119297 1.5668729231110763 24.626901116222143 33.371431728126481 1.3234919404494565 21.764042110706214 5.3340434459678425 11.196654286235569 2.8673900365829459 4.4134905691607837 29.296390295028687 4.7647407054901114 9.7504759430885333 1.5604441352188576 73.232300022209529 1.7818289782444483 2.0287032337510027 5.5934177190065375 1.6268357418593939 4.3980669712182126 2.1237008603056893 1.5041666111792427 5.7292235023924141 1.2986470706528042 1.9129550457000757 6.2029359607258794 1.1797123476862896 2.0456412769854069 20.546505929902196 3.4940267267520539 0.64485857670660962
leaf_count=124 804 60 397 114 531 275 16 3 65 37 4 12 9 3061 8 35 4 146 509 3 170 58 134 1 491 8 5 36 809 71
internal_value=0.0256188 0.0144093 0.0110018 0.00636658 0.0397644 0.0310682 0.0153103 -0.00530753 -0.0173976 0.0382259 0.00753475 0.0258625 0.00594887 0.00683249 0.0173146 -0.0175218 0.00773649 0.00606578 0.00693133 -0.0259241 0.00875045 0.0097844 0.00791835 0.00900126 0.00413662 0.00995907 -0.048844 0.0246158 -0.0163534 0.0118909
internal_weight=356.242 198.747 174.12 140.749 157.495 88.433 27.6221 16.4255 13.5581 60.8109 139.425 31.5145 134.66 133.1 8.22402 3.81053 131.533 125.94 124.313 6.52177 117.791 116.287 110.558 109.259 83.3054 75.0569 8.24858 25.9535 5.40698 73.8772
internal_count=8000 6894 6834 6437 1106 982 402 386 383 580 6323 543 6319 6310 108 43 5506 5502 5356 512 4844 4674 4616 4482 3636 3140 496 846 810 3132
is_linear=0
shrinkage=0.05


Tree=72
num_leaves=31
num_cat=0
split_feature=3 7 6 8 7 4 5 3 3 5 8 0 7 2 8 8 7 1 5 4 5 5 1 8 6 4 7 6 6 4
split_gain=22.0285 6.25348 6.06239 6.00183 4.8801 4.20887 3.92063 4.04838 3.92102 3.57168 3.44541 3.42846 6.23751 6.09603 3.96702 3.70866 3.32709 3.20214 2.88284 7.14652 2.71598 2.26276 1.79722 4.54658 4.16264 3.87963 6.07576 3.84344 7.35073 3.15887
threshold=1380.5000000000002 3534.8834019049436 8.5999999999999961 11102.650000000003 8925.898283367078 44.350000000000001 162.50000000000003 1439.5000000000002 1437.5000000000002 235.50000000000003 973.80000000000007 1.5000000000000002 8925.898283367078 310.95000000000005 12338.800000000001 11102.650000000003 9140.1706103051711 297.15000000000003 188.50000000000003 62.45000000000001 233.50000000000003 19.500000000000004 298.65000000000003 3989.1500000000001 11.250000000000002 20.150000000000002 4539.0201897963379 10.900000000000007 9.6500000000000075 23.550000000000004
decision_type=2 2 2 2 2 2 2 2 2 2 2 2 2 2 2 2 2 2 2 2 2 2 2 2 2 2 2 2 2 2
left_child=2 -2 -1 4 6 -4 7 8 10 17 21 15 13 14 -13 16 18 -8 19 -7 22 -3 24 -24 27 -25 -27 28 -19 -28
right_child=1 3 5 -5 -6 11 9 -9 -10 -11 -12 12 -14 -15 -16 -17 -18 20 -20 -21 -22 -23 23 25 -26 26 29 -29 -30 -31
leaf_value=0.051219179407940997 0.03860560248843313 -0.051802439109577991 -0.072588960321364429 0.038853858380473061 0.038870821736069261 -0.075046268718206036 -0.060984222030845241 -0.050211301163499145 0.033294842101100515 -0.068174440432091366 -0.052059993982178879 -0.067874861510316256 0.043578851006594629 0.018850592136977512 0.051587905894616148 0.051444988575207573 0.051478222591266179 0.029968974121750959 0.029865385835798015 0.025504152218074796 0.044821050171396627 0.049479801174086971 -0.075247786682740236 0.054539673071589946 -0.055959928972266808 -0.079198382257478037 0.04900944216291464 0.043382965847936286 -0.057929887463254927 0.0043090365303678048
leaf_weight=63.253305196762085 22.759524246677756 0.77621692226967054 0.9712470423837648 17.070830337703228 11.557310514152048 2.6611504736356464 1.605373034661169 6.0060673000989473 5.1093370639719069 1.5107772313058365 4.3034483442315832 4.3056721006287288 12.333715610206125 9.6426397375180368 0.82867377996444691 29.350825488567352 9.2886745929718035 7.9956962312571758 13.225719711510463 5.2599943475797772 5.3822550326585761 1.9044884921750052 1.7253108929726284 4.0453907251358023 1.6895086008589704 2.1181135704973704 4.1623713908484197 13.329156922991386 3.3856388439889997 78.309630016097799
leaf_count=98 32 123 45 21 15 454 105 4169 35 9 837 272 16 102 1 39 12 39 46 21 4 11 45 2 87 25 11 56 183 1085
internal_value=0.0250914 0.0139757 0.0394159 0.0107164 0.00761579 0.0309191 0.00509607 -0.0166563 8.33986e-06 0.00823922 -0.0243428 0.032076 0.0173275 -0.00458334 -0.0485938 0.0387639 0.0265347 0.00917211 0.0155784 -0.00827629 0.0100942 0.0201528 0.00849342 0.00514041 0.01997 0.00670519 0.00441758 0.0251614 0.00382144 0.00656507
internal_weight=345.868 194.746 151.122 171.987 154.916 87.8683 143.359 18.0996 12.0935 125.259 6.98415 86.8971 27.1107 14.777 5.13435 59.7864 30.4355 123.748 21.1469 7.92114 122.143 2.68071 116.761 90.3608 26.4 88.6355 84.5901 24.7105 11.3813 82.472
internal_count=8000 6894 1106 6862 6841 1008 6826 5175 1006 1651 971 963 391 375 273 572 533 1642 521 475 1537 134 1533 1168 365 1123 1121 278 222 1096
is_linear=0
shrinkage=0.05


Tree=73
num_leaves=31
num_cat=0
split_feature=3 6 3 7 8 4 4 7 8 2 8 2 2 1 1 7 6 1 6 2 7 7 4 7 5 6 0 2 5 3
split_gain=21.4303 6.01744 5.95528 5.73715 4.82311 5.89152 3.94122 3.3487 6.57312 6.23074 3.2597 2.7549 8.13414 3.01213 3.24831 8.91821 6.52126 2.7594 2.81504 2.61828 4.14471 10.2171 6.10077 6.95828 6.19874 5.17235 3.88917 3.47649 2.4995 6.32874
threshold=1380.5000000000002 8.5999999999999961 2268.5000000000005 8925.898283367078 10380.800000000001 48.650000000000013 44.350000000000001 9140.1706103051711 10798.500000000002 311.85000000000008 940.4000000000002 311.85000000000008 313.65000000000003 302.75000000000006 302.15000000000003 5439.0184172089857 8.7999999999999847 297.35000000000008 11.549999999999985 311.75000000000006 5138.8130592197012 6050.7493387159911 37.750000000000007 5912.4459581294568 233.50000000000003 11.099999999999996 2.5000000000000004 310.95000000000005 220.50000000000003 1456.5000000000002
decision_type=2 2 2 2 2 2 2 2 2 2 2 2 2 2 2 2 2 2 2 2 2 2 2 2 2 2 2 2 2 2
left_child=1 -1 3 4 5 10 -3 8 9 -8 -2 13 -13 14 16 -16 -12 -18 19 20 26 22 24 -24 -22 27 -19 28 29 -23
right_child=2 6 -4 -5 -6 -7 7 -9 -10 -11 11 12 -14 -15 15 -17 17 18 -20 -21 21 25 23 -25 -26 -27 -28 -29 -30 -31
leaf_value=0.051158308009800105 -0.071465984354757678 -0.071351955005843098 0.037459065050923605 0.041019946461721107 0.026543738749957808 -0.052882286606793318 0.012958167373701625 0.051479130034614518 0.037904473428392364 -0.079213068840708015 -0.077045316429567967 -0.069656766924782246 0.054171146164625164 -0.058595589198643432 -0.078272680044455825 0.047968011439672359 -0.052621467510185073 0.025836784553587195 -0.059359617671769817 0.043116187027083142 -0.066921017213967038 0.030632077131301394 0.040293967398729258 -0.068378063293482075 0.021542538194833687 -0.061059634607491899 -0.06764381865057098 -0.065665830834198163 0.045617404405444088 -0.025537023781247142
leaf_weight=60.238189458847046 1.3614958131220181 0.93948788472334754 22.949189967941493 13.936848085373638 27.378514023032039 4.4852983553428194 20.865012378111718 16.950528085231781 43.977178409695625 2.0101788107422172 2.3108645332977167 3.8547148736543013 2.0218274664366618 1.6708450902369794 1.594094288884661 11.43133036943618 1.845542134833521 30.824504849326335 1.4783007586374868 5.6700056203408158 10.234729850722944 17.767851515323859 4.9798112825956187 2.091741211770568 2.4552759379148474 2.0828321587759993 1.1543051981134329 1.1439855112694193 8.944580393843351 6.9869251115596844
leaf_count=98 792 45 60 18 61 608 773 22 74 94 163 571 3 111 108 285 462 496 119 26 1075 438 44 91 4 352 61 156 14 776
internal_value=0.0245881 0.0390764 0.0135706 0.0103017 0.00751757 0.00339616 0.0304881 0.0316298 0.026597 0.00485853 0.00546682 0.00633575 -0.0270537 0.00804691 0.00903233 0.0325183 0.00597231 0.00793669 0.00910313 0.010176 0.00806953 -4.98658e-05 -0.0290665 0.00814915 -0.049805 0.0154788 0.0224625 0.020054 0.0229639 0.0147786
internal_weight=335.636 144.981 190.655 167.706 153.769 126.391 84.7424 83.8029 66.8524 22.8752 121.906 120.544 5.87654 114.668 112.997 13.0254 99.9713 97.6604 95.8148 94.3365 88.6665 56.6877 19.7616 7.07155 12.69 36.9262 31.9788 34.8433 33.6994 24.7548
internal_count=8000 1106 6894 6834 6816 6755 1008 963 941 867 6147 5355 574 4781 4670 393 4277 4114 3652 3533 3507 2950 1214 135 1079 1736 557 1384 1228 1214
is_linear=0
shrinkage=0.05


Tree=74
num_leaves=31
num_cat=0
split_feature=3 6 7 8 4 8 7 4 6 2 1 5 8 7 3 4 5 8 6 8 8 4 5 7 1 7 7 8 6 4
split_gain=20.4405 6.11622 5.6578 5.45445 4.42 3.80839 6.99086 6.75592 5.01007 3.47253 3.31998 3.08914 11.7656 4.37644 4.79166 5.82441 3.27082 3.03937 4.99961 4.08315 3.34516 2.86827 2.7221 3.12494 5.81619 4.44843 3.4117 5.73727 2.54122 6.22179
threshold=1380.5000000000002 8.5999999999999961 3534.8834019049436 11102.650000000003 61.95000000000001 11102.650000000003 8925.898283367078 58.550000000000004 11.400000000000007 308.45000000000005 297.15000000000003 152.50000000000003 7946.1000000000013 6806.2185961002406 1398.5000000000002 59.150000000000013 235.50000000000003 10798.500000000002 11.349999999999996 6457.9000000000005 6421.2000000000007 52.750000000000007 233.50000000000003 6847.4781796173856 297.25000000000006 7905.5718213341843 6815.1197752854105 9486.9000000000033 10.049999999999985 58.250000000000007
decision_type=2 2 2 2 2 2 2 2 2 2 2 2 2 2 2 2 2 2 2 2 2 2 2 2 2 2 2 2 2 2
left_child=1 -1 -2 4 10 6 7 8 9 -3 -4 12 13 -12 15 -15 21 18 19 20 -11 22 23 26 -25 -26 27 -13 29 -16
right_child=2 5 3 -5 -6 -7 -8 -9 -10 17 11 16 -14 14 28 -17 -18 -19 -20 -21 -22 -23 -24 24 25 -27 -28 -29 -30 -31
leaf_value=0.051100540374972393 0.037544900839741283 -0.064743489300004065 -0.058865768790926011 0.037781583489249877 0.051721643870860291 0.042240187319751155 0.040738386301160889 -0.066415157053134166 -0.12753881894201244 -0.050879836955018465 -0.050170328014205706 0.0082714678866758675 -0.59843391809856505 -0.05264823156641954 -0.0051399415543976722 -0.40642293729025447 -0.068066307697566178 0.04242300742370049 0.051257905323622135 -0.0588390635212174 0.054635355836455936 0.041046031141258071 0.043989711122253465 0.053731088905310177 -0.065932854510270325 0.034514341534612095 0.047526857654754527 -0.094945867785417651 0.029240120673218357 -0.2972981065405923
leaf_weight=57.363479971885681 21.218569939956069 1.2427810925291947 1.9791652302374121 16.068270973861217 5.3525535464286795 35.323047481477261 22.384464174509048 3.1366544580087057 0.62339154066285019 1.1483400574943519 4.9515643215272638 93.503886283491738 0.085314981872214868 0.99827925395220407 3.8495610153186126 0.13169001322239637 1.3532743919640768 9.1837620511651039 3.5444915483240038 3.5803286614245735 2.1717042999225669 7.0514491822104892 5.0721032917499533 1.9372681139502654 5.2288623672211543 1.3966312818229196 5.4327565244166172 1.3659618888050307 8.4480571447638777 0.19128472357988346
leaf_count=98 32 146 375 21 6 61 33 133 44 342 3525 1420 10 161 528 6 8 11 13 223 2 47 4 3 323 8 24 15 374 4
internal_value=0.0241197 0.0385664 0.0132466 0.0101105 0.00711291 0.0298342 0.0205136 0.00213375 0.0121368 0.0163087 0.00544292 0.00634561 -0.0126068 -0.00991544 0.00472048 -0.0938782 0.00923563 0.0214405 0.00299138 -0.0218015 0.0181397 0.0101003 0.00818507 0.00651691 -0.0224762 -0.0447589 0.00899203 0.00678532 0.0136415 -0.0189701
internal_weight=325.319 139.702 185.617 164.398 148.33 82.339 47.0159 24.6315 21.4948 20.8714 142.977 140.998 18.6558 18.5704 13.6189 1.12997 122.342 19.6286 10.4449 6.90037 3.32004 120.989 113.937 108.865 8.56276 6.62549 100.303 94.8698 12.4889 4.04085
internal_count=8000 1106 6894 6862 6841 1008 947 914 781 737 6835 6460 4608 4598 1073 167 1852 591 580 567 344 1844 1797 1793 334 331 1459 1435 906 532
is_linear=0
shrinkage=0.05


Tree=75
num_leaves=31
num_cat=0
split_feature=3 6 3 7 5 3 8 8 7 8 2 8 5 6 7 7 5 6 8 3 1 7 2 2 1 7 1 7 1 7
split_gain=20.0078 6.02117 5.40381 5.08852 4.08915 8.94734 4.56761 3.83696 3.69818 7.08339 6.30673 3.1427 2.82891 9.52782 5.94682 2.56541 5.14877 2.39344 4.71053 2.735 1.87649 1.64757 2.88174 7.9052 2.73483 3.76324 4.56547 3.56042 7.62334 6.81519
threshold=1380.5000000000002 8.5999999999999961 2460.5000000000005 8925.898283367078 178.50000000000003 2349.0000000000005 4461.2000000000007 940.4000000000002 9140.1706103051711 10798.500000000002 311.85000000000008 11102.650000000003 119.50000000000001 11.349999999999996 8925.898283367078 8925.898283367078 118.50000000000001 10.049999999999985 973.80000000000007 1437.5000000000002 300.85000000000008 7905.5718213341843 311.85000000000008 313.65000000000003 302.15000000000003 6847.4781796173856 297.25000000000006 6815.1197752854105 301.05000000000007 4914.6185354840218
decision_type=2 2 2 2 2 2 2 2 2 2 2 2 2 2 2 2 2 2 2 2 2 2 2 2 2 2 2 2 2 2
left_child=1 -1 3 4 5 6 7 -2 9 10 12 21 15 14 -14 16 -3 18 -9 -19 -12 22 24 -24 25 27 -27 28 -6 -30
right_child=2 8 -4 -5 11 -7 -8 17 -10 -11 20 -13 13 -15 -16 -17 -18 19 -20 -21 -22 -23 23 -25 -26 26 -28 -29 29 -31
leaf_value=0.051045711920251841 -0.066923119201657985 -0.052120979635867863 0.038885441133027179 0.040064016862407542 0.011264940112475953 -0.44076144070572804 -0.051580185006653095 0.048226764062016425 0.051348391222184257 0.036470173185699964 -0.16911053170300225 0.034254097881802309 -0.055744725807094199 0.040424007599092371 -0.30124618097405292 0.040142529308254862 0.052530069013508998 -0.052194772311780505 -0.051129909010597163 0.031805261603715648 -0.055724785922318158 0.039829418223253442 -0.071645818131229819 0.054025862383870374 0.027839681003400743 0.018639015970620641 -0.068173804735554455 0.048639960381317529 0.015706242063643957 -0.074035092420579027
leaf_weight=54.622961640357971 1.8075893977074979 2.6493430857081011 17.925781217869371 12.944676350802181 69.403572566981893 0.12101006787270208 5.0733232932398087 1.8027801011921862 15.530762314796446 41.18790702521801 0.47447368921711985 12.942328594624994 3.227718005131464 3.7256925278925337 0.26708096638321865 8.5036644414067268 2.1124670662102289 1.0763286688015785 3.5264481559861451 9.7207141547114571 1.5799938812269827 3.9924421464093021 3.6085972156142807 1.9156264066696165 16.262616101535968 2.5994146266020826 3.6284627306740731 5.1457042465335681 3.5282391452928987 5.2839590868679807
leaf_count=98 859 464 30 18 612 12 1769 17 22 74 13 18 300 28 2 12 9 187 1646 1162 84 21 116 1 98 20 159 14 22 113
internal_value=0.0235959 0.0382729 0.0128176 0.00997489 0.00740294 -0.0119492 -0.00969376 0.00215552 0.0294703 0.0241385 0.00160507 0.0108912 0.0099806 -0.0152037 -0.0745065 0.0236886 -0.00569496 0.00989853 -0.0175194 0.0234315 -0.0819109 0.00827028 0.00713899 -0.0280668 0.00897632 0.00555217 -0.0319395 0.00835315 0.00570274 -0.0381043
internal_weight=316.192 133.882 182.31 164.384 151.439 23.1282 23.0072 17.9339 79.2591 63.7283 22.5404 128.311 20.486 7.22049 3.4948 13.2655 4.76181 16.1263 5.32923 10.797 2.05447 115.369 111.376 5.52422 105.852 89.5894 6.22788 83.3615 78.2158 8.8122
internal_count=8000 1106 6894 6864 6846 5652 5640 3871 1008 986 912 1194 815 330 302 485 473 3012 1663 1349 97 1176 1155 117 1038 940 179 761 747 135
is_linear=0
shrinkage=0.05


Tree=76
num_leaves=31
num_cat=0
split_feature=3 6 3 4 8 0 4 8 3 8 1 4 7 5 5 6 5 3 3 3 7 5 3 6 6 6 3 4 1 1
split_gain=19.4324 5.96951 5.18613 4.64149 3.98308 3.71565 6.04015 4.03789 8.40249 3.96684 3.4245 3.74291 3.39611 2.9957 2.96614 9.79324 2.49404 2.88622 8.05837 3.64731 5.26614 13.5974 6.07438 3.45332 5.2749 3.0275 8.19527 2.86529 2.82937 4.70479
threshold=1380.5000000000002 8.7999999999999847 2641.0000000000005 61.550000000000004 11102.650000000003 1.5000000000000002 64.750000000000014 12338.800000000001 1362.5000000000002 11102.650000000003 300.25000000000006 62.95000000000001 9140.1706103051711 235.50000000000003 16.500000000000004 11.400000000000007 233.50000000000003 1866.5000000000002 1739.5000000000002 1683.5000000000002 5854.7191931197422 209.50000000000003 1554.5000000000002 8.8499999999999961 8.4000000000000075 11.349999999999996 1390.5000000000002 58.850000000000001 302.75000000000006 302.55000000000007
decision_type=2 2 2 2 2 2 2 2 2 2 2 2 2 2 2 2 2 2 2 2 2 2 2 2 2 2 2 2 2 2
left_child=1 -1 3 4 13 9 7 8 -7 12 11 -10 -3 14 15 -2 17 18 19 20 21 22 -16 24 -19 28 -27 -28 29 -22
right_child=2 5 -4 -5 -6 6 -8 -9 10 -11 -12 -13 -14 -15 16 -17 -18 23 -20 -21 25 -23 -24 -25 -26 26 27 -29 -30 -31
leaf_value=0.050544566287903804 -0.012143668222892055 0.011958489436608143 0.046629925879769024 0.051570253259598423 0.034729873411499954 -0.070778638366264093 0.044062327352165052 0.051529616345114861 -0.085090988516883251 0.051224031562573158 0.037544715697185066 0.051472423507902189 0.051216293332126586 -0.066229165987981217 0.026192019154928275 -0.34186774210855575 0.043241243688102442 0.025896059990970034 -0.072496872677156585 0.028207799381497485 0.0081112283349656488 -0.078147580064870464 -0.052217692205448842 0.027962190148089257 -0.14517307250273986 -0.46995433809932169 -0.061704798020078999 0.051559312502551594 -0.031109180196825861 0.052046986950722046
leaf_weight=54.215394513914362 1.8966300881002092 19.228133001044629 10.438686747103928 6.5504751801490775 13.412150986492632 4.819246834318621 9.1509085912257415 2.3846883177757254 1.4337186331104024 23.781084895133972 4.9774121975933667 0.77186053991317738 7.7210808992385855 1.4110678825527418 10.685512606403792 0.25554021022981022 4.8096745312213889 1.1237964355386818 3.3986641543451688 15.455037285399156 62.905860120197758 6.8162952307611695 3.2126584670040748 22.067355152801611 0.75226350862067182 0.10833481157896985 1.7749135501217099 0.81465590000152577 3.9546822450938626 6.7466812212951472
leaf_count=124 522 531 15 8 19 275 16 3 61 37 46 1 12 9 418 28 4 26 400 349 3057 60 926 313 30 10 291 1 351 57
internal_value=0.0231013 0.0379305 0.0124327 0.0103098 0.00863734 0.0287223 0.0123036 -0.00789669 -0.0197039 0.0363402 0.0145634 -0.0372995 0.023206 0.00627579 0.00697282 -0.0512938 0.00783988 0.00662208 0.00335653 0.0056486 0.00205496 -0.0203027 0.00806707 0.0224256 -0.0426993 0.00812437 -0.043897 -0.0260729 0.0100311 0.0123669
internal_weight=307.074 128.484 178.591 168.152 161.602 74.2681 23.5378 14.3869 12.0022 50.7303 7.18299 2.20558 26.9492 148.19 146.779 2.15217 144.626 139.817 115.873 112.475 97.0196 20.7145 13.8982 23.9434 1.87606 76.3051 2.6979 2.58957 73.6072 69.6525
internal_count=8000 1106 6894 6879 6871 982 402 386 383 580 108 62 543 6852 6843 550 6293 6289 5920 5520 5171 1404 1344 369 56 3767 302 292 3465 3114
is_linear=0
shrinkage=0.05


Tree=77
num_leaves=31
num_cat=0
split_feature=3 6 3 4 8 7 8 2 5 5 6 5 6 7 5 3 3 3 7 5 3 6 6 6 3 2 7 1 1 1
split_gain=18.8672 5.93615 4.98798 4.47338 3.74821 3.58319 6.52602 5.85639 2.79448 2.6542 7.73635 2.64516 8.79648 4.32938 2.36498 2.6679 7.59118 3.33544 4.85461 12.7514 5.67553 3.18895 5.00275 2.82356 7.3142 2.80496 2.76878 2.73528 2.74814 4.21068
threshold=1380.5000000000002 8.5999999999999961 2641.0000000000005 61.550000000000004 11102.650000000003 9140.1706103051711 10798.500000000002 311.85000000000008 235.50000000000003 16.500000000000004 11.400000000000007 119.50000000000001 11.349999999999996 8925.898283367078 233.50000000000003 1866.5000000000002 1739.5000000000002 1683.5000000000002 5854.7191931197422 209.50000000000003 1554.5000000000002 8.8499999999999961 8.4000000000000075 11.349999999999996 1390.5000000000002 309.15000000000003 5671.6324092562854 297.15000000000003 302.75000000000006 302.55000000000007
decision_type=2 2 2 2 2 2 2 2 2 2 2 2 2 2 2 2 2 2 2 2 2 2 2 2 2 2 2 2 2 2
left_child=1 -1 3 4 8 6 7 11 9 10 -2 -3 13 -13 15 16 17 18 19 20 26 22 -17 27 -25 -19 -11 -20 29 -29
right_child=2 5 -4 -5 -6 -7 -8 -9 -10 14 -12 12 -14 -15 -16 21 -18 25 23 -21 -22 -23 -24 24 -26 -27 -28 28 -30 -31
leaf_value=0.05094469818152321 -0.011566526323227938 0.023105593884399249 0.046349229878661288 0.051491334488643792 0.034061253027258279 0.051221124760775463 0.035509188233991941 -0.081949611130120462 -0.065231874520286517 0.032869740242760445 -0.29147297101986863 -0.055556745527002863 0.039537831617786928 -0.25489179741231388 0.042695351303885715 0.024979172048840724 -0.072091634651637052 -0.05298454340197975 -0.061532832828979478 -0.076946229877582886 -0.05211792948575137 0.02707229339464718 -0.14437228656042941 -0.44485076187557182 -0.02595828659678704 0.032861734839888378 -0.060394294477409488 0.0092185201977198188 -0.029749668752052622 0.05163086219117459
leaf_weight=49.54224956035614 1.8918309102882624 12.418674470594857 9.9882181957364065 6.2403137087821952 13.002159774303435 14.127337157726286 38.478232830762863 1.9342974525643502 1.3622466512024392 9.6846991389757022 0.28390589382615861 3.0811851806065529 3.547632523754146 0.29881123080849636 4.6321308165788642 1.1072258130298021 3.2506257247296153 1.019611095311119 1.3272521684411902 6.5825224472209802 3.0616775149246669 21.663568334421143 0.71943785424809892 0.10879123391350676 2.4736486992042046 14.25090268824715 0.86703811248298812 61.444616664986825 3.9293048661202183 6.4680701927863984
leaf_count=98 522 485 15 8 19 22 74 97 9 229 28 300 28 2 4 26 400 103 202 60 926 313 30 10 292 246 189 2855 351 57
internal_value=0.0225777 0.0375538 0.0120366 0.00996418 0.0083357 0.028575 0.0232213 0.0010031 0.00604671 0.00671744 -0.0480907 0.00929694 -0.0154569 -0.0731791 0.00755373 0.00637381 0.00322404 0.00542532 0.00197096 -0.0198109 0.0078159 0.0217228 -0.0417205 0.00777815 -0.0436051 0.0271298 0.0252062 0.00959167 0.0109057 0.0132579
internal_weight=298.788 123.428 175.36 165.372 159.131 73.8862 59.7588 21.2806 146.129 144.767 2.17574 19.3463 6.92763 3.38 142.591 137.959 114.469 111.218 95.9476 20.1959 13.6134 23.4902 1.82666 75.7517 2.58244 15.2705 10.5517 73.1692 71.842 67.9127
internal_count=8000 1106 6894 6879 6871 1008 986 912 6852 6843 550 815 330 302 6293 6289 5920 5520 5171 1404 1344 369 56 3767 302 349 418 3465 3263 2912
is_linear=0
shrinkage=0.05


Tree=78
num_leaves=31
num_cat=0
split_feature=3 6 3 4 7 8 2 8 5 5 6 5 7 5 5 6 5 3 3 3 7 5 3 6 6 5 5 3 3 0
split_gain=18.1999 5.95447 4.7915 4.30808 3.54783 6.09826 5.60099 3.52205 2.60941 2.4247 8.21696 3.39569 2.40788 4.69905 2.38307 6.32823 2.24024 2.46151 7.15338 3.07667 4.48828 11.9539 5.32418 2.94386 4.75706 2.71154 5.24566 2.70116 6.4017 9.24143
threshold=1380.5000000000002 8.5999999999999961 2641.0000000000005 61.550000000000004 9140.1706103051711 10798.500000000002 311.85000000000008 11102.650000000003 235.50000000000003 119.50000000000001 11.349999999999996 128.50000000000003 8925.898283367078 118.50000000000001 16.500000000000004 11.400000000000007 233.50000000000003 1866.5000000000002 1739.5000000000002 1683.5000000000002 5854.7191931197422 209.50000000000003 1554.5000000000002 8.8499999999999961 8.4000000000000075 215.50000000000003 179.50000000000003 1429.5000000000002 1406.5000000000002 1.5000000000000002
decision_type=2 2 2 2 2 2 2 2 2 2 2 2 2 2 2 2 2 2 2 2 2 2 2 2 2 2 2 2 2 2
left_child=1 -1 3 7 5 6 9 8 14 12 11 -11 13 -3 15 -2 17 18 19 20 21 22 -16 24 -19 26 -21 28 -22 -30
right_child=2 4 -4 -5 -6 -7 -8 -9 -10 10 -12 -13 -14 -15 16 -17 -18 23 -20 25 27 -23 -24 -25 -26 -27 -28 -29 29 -31
leaf_value=0.050897775293855987 -0.011014224894576157 -0.051959642493866004 0.046062910208860414 0.051416494047870201 0.051160170722142462 0.034743763328825172 -0.082757013650952491 0.033387592135774052 -0.064307915185697895 -0.27876887581179333 0.038642568209751593 -0.059445705214880774 0.038956927851551838 0.051713832792419562 0.024466629267932215 -0.25597627867239908 0.042144787171938668 0.024076488740819198 -0.071690480477117541 0.032511846436177071 0.011735982948240513 -0.075798534513445051 -0.052022289930439503 0.026191657752736432 -0.14390129446053576 0.047377840689870894 -0.058899134443540946 0.013809881713195721 -0.10587551194666696 0.0042264638979589205
leaf_weight=47.168392658233643 1.8874761467450292 2.5266536413109915 9.5586683768779022 5.9443922042846671 13.453945755958555 37.387648738920689 1.8224469271372061 12.611294552683828 1.3139523901045311 0.18722409944166374 3.4508228695485741 3.0758032926532906 7.8125558495521545 1.9262477042502721 10.33105665817857 0.30645464867120598 4.4623342007398596 1.09170582238585 3.1089585943846023 5.1843103854916972 15.665106663655026 6.3538911836221805 2.9175769971334367 21.282252310600597 0.6865277838660403 7.5504705309867859 2.2508217027643695 51.840649311430752 3.3817544730263753 4.3669034808408469
leaf_count=98 522 464 15 8 22 74 97 19 9 37 28 265 12 9 418 28 4 26 400 287 452 60 926 313 30 6 56 2844 270 201
internal_value=0.0220511 0.0371027 0.0116598 0.00963656 0.0280203 0.0226702 0.000969901 0.00805057 0.00583132 0.0090096 -0.0151458 -0.0720299 0.0222318 -0.0071123 0.00647729 -0.0452312 0.00728487 0.00614118 0.0031019 0.0052188 0.00189276 -0.0194173 0.00762245 0.0210277 -0.0407752 0.0262722 0.00483919 0.00744369 -0.00665177 -0.0438255
internal_weight=290.908 118.812 172.097 162.538 71.6433 58.1894 20.8018 156.593 143.982 18.9793 6.71385 3.26303 12.2655 4.4529 142.668 2.19393 140.474 136.012 112.951 109.843 94.8569 19.6025 13.2486 23.0605 1.77823 14.9856 7.43513 75.2544 23.4138 7.74866
internal_count=8000 1106 6894 6879 1008 986 912 6871 6852 815 330 302 485 473 6843 550 6293 6289 5920 5520 5171 1404 1344 369 56 349 343 3767 923 471
is_linear=0
shrinkage=0.05


Tree=79
num_leaves=31
num_cat=0
split_feature=3 6 7 7 5 0 4 8 8 3 8 1 7 3 4 7 7 6 1 1 5 8 5 2 6 6 2 4 7 5
split_gain=17.6673 5.8909 4.62829 4.37598 3.61654 3.60104 5.53309 3.98213 3.75162 7.4213 6.52049 3.44953 3.18816 2.94692 7.22492 5.38953 2.70222 2.37419 2.06 4.46061 3.78599 1.82802 1.75671 2.95422 6.63189 7.63472 3.89179 3.77687 2.53156 2.34514
threshold=1380.5000000000002 8.7999999999999847 3534.8834019049436 8925.898283367078 202.50000000000003 1.5000000000000002 64.750000000000014 11102.650000000003 12338.800000000001 1362.5000000000002 10798.500000000002 301.95000000000005 9140.1706103051711 1439.5000000000002 28.950000000000003 4870.3482590071853 7616.1840140487602 11.099999999999996 301.35000000000008 303.65000000000003 93.500000000000014 11575.250000000002 203.50000000000003 310.45000000000005 9.4000000000000075 10.950000000000019 309.65000000000003 20.150000000000002 6515.9406708962988 220.50000000000003
decision_type=2 2 2 2 2 2 2 2 2 2 2 2 2 2 2 2 2 2 2 2 2 2 2 2 2 2 2 2 2 2
left_child=1 -1 -2 4 11 7 8 12 9 -7 -11 13 18 17 15 -15 22 -4 -3 20 -20 -13 -6 24 26 29 -24 -27 -29 -26
right_child=2 5 3 -5 16 6 -8 -9 -10 10 -12 21 -14 14 -16 -17 -18 -19 19 -21 -22 -23 23 -25 25 27 -28 28 -30 -31
leaf_value=0.050360877183575008 0.035234098393946582 0.01627310428445132 0.019731394322461474 0.038270287807641273 0.031751969537579798 -0.070318214769053131 0.042926130140984793 0.051083379915957676 0.051354291301284043 0.036989313811878359 -0.088589792091296235 -0.05082389980601501 0.051043120398960341 -0.057527818586803905 -0.052902032751324338 0.031231480337204156 0.034956598143009762 -0.052518121441882427 -0.35791576143001663 0.032379943802869467 -0.076110605887217381 -0.21666661909885529 -0.080071547441095139 0.014112259289679591 0.0053251553184816731 0.031087411707523611 -0.0013499239553056816 -0.07686923755887648 -0.0057278891740182251 0.037028972679871042
leaf_weight=46.874137790058739 18.024700438603759 16.1362394381431 13.140806095179867 11.35907933115959 7.1850765021517864 4.5444520038581704 8.0881230365484935 21.1601842045784 2.1257050633430472 5.3362343760381918 1.2820181548595426 2.5977695835754271 6.6667385697364798 2.2009839372185542 7.8174586984096086 7.6709006431046873 10.302386033814399 1.2447776353510551 0.14349545372533501 0.9918799061269965 0.70350154946208932 0.17751482129096974 4.0893535465002051 49.238017502473667 13.366118575213482 1.5577491670846928 2.5484061650931835 4.3028680721763521 1.7628058036789296 10.349300667643545
leaf_count=124 32 429 763 18 30 275 16 37 3 101 7 1284 12 504 3364 269 19 207 33 14 55 1 38 172 89 2 15 56 16 15
internal_value=0.0215524 0.0367572 0.0112874 0.00842721 0.00599808 0.0272651 0.0103201 0.0351737 -0.00952588 -0.0211192 0.0126635 -0.00795349 0.0215118 -0.00332629 -0.0169935 0.0114422 0.0106419 0.0134797 0.0105591 -0.0395819 -0.123853 -0.0614317 0.00798827 0.00603053 -0.00444772 0.0051684 -0.0498483 -0.0383593 -0.0561941 0.0191606
internal_weight=282.989 114.053 168.936 150.911 139.552 67.1786 21.3765 45.802 13.2884 11.1627 6.61825 34.8502 24.6419 32.0749 17.6893 9.87188 104.702 14.3856 17.9751 1.83888 0.846997 2.77528 94.3997 87.2146 37.9766 31.3388 6.63776 7.62342 6.06567 23.7154
internal_count=8000 1106 6894 6862 6844 982 402 580 386 383 108 6392 543 5107 4137 773 452 970 531 102 88 1285 433 403 231 178 53 74 72 104
is_linear=0
shrinkage=0.05


Tree=80
num_leaves=31
num_cat=0
split_feature=3 6 3 4 7 8 2 8 5 6 7 5 5 7 5 5 6 8 1 1 5 4 3 6 8 1 4 3 4 3
split_gain=17.1134 5.83138 4.4785 4.0521 3.42011 5.56559 5.26482 3.22577 2.28895 7.65021 2.74735 2.28455 2.19386 2.18099 4.29659 2.07757 5.44976 2.30674 2.25053 8.02171 5.70241 12.444 4.71332 4.49117 3.12811 21.6578 25.1238 2.82725 2.82758 2.37645
threshold=1380.5000000000002 8.5999999999999961 2641.0000000000005 61.550000000000004 9140.1706103051711 10798.500000000002 311.85000000000008 11102.650000000003 119.50000000000001 11.349999999999996 8925.898283367078 235.50000000000003 233.50000000000003 8925.898283367078 118.50000000000001 16.500000000000004 11.400000000000007 1041.7500000000002 298.85000000000008 299.15000000000003 77.500000000000014 60.050000000000004 1390.5000000000002 11.250000000000002 2838.6000000000004 300.75000000000006 13.850000000000003 1392.5000000000002 52.750000000000007 1683.5000000000002
decision_type=2 2 2 2 2 2 2 2 2 2 2 2 2 2 2 2 2 2 2 2 2 2 2 2 2 2 2 2 2 2
left_child=1 -1 3 7 5 6 8 11 13 10 -10 12 15 14 -3 16 -2 -17 23 22 21 -21 -20 -19 25 26 -22 -26 29 -29
right_child=2 4 -4 -5 -6 -7 -8 -9 9 -11 -12 -13 -14 -15 -16 17 -18 18 19 20 24 -23 -24 -25 27 -27 -28 28 -30 -31
leaf_value=0.050811316469519134 -0.010698795289593692 -0.051774950935200598 0.04554121444017268 0.051294992825329323 0.051051573651736959 0.03375947750377533 -0.084153681603534453 0.032341580493805533 -0.055160855709813689 0.037679339625228819 -0.20528091577559332 -0.06264986751585444 0.041390095134464455 0.038086117336186449 0.051050919119164109 0.03976878027497216 -0.23450763690954154 0.018635629041478266 -0.38886524139939854 -0.051995579999190272 -1.2834050585813839 -0.75072456115825759 -0.066787501434607655 -0.05388769110686982 -0.062814050847051134 0.012850775497123226 -0.050258271086208187 -0.0011935240639909491 0.039773508776589375 0.01824597626342337
leaf_weight=42.7712242603302 1.8301355985458934 2.3479740737238952 8.8471363894641382 5.4602437615394583 12.238770902156828 34.95578721165657 1.6804725720721752 11.988192386925219 2.7764247824670742 3.287138813524507 0.34235378354787815 1.2256223671138275 4.2252058684825888 7.3578629717230797 1.7907305483822709 4.7591318401391609 0.31947720746393304 36.376607128768228 0.11808356863912139 2.6105198497825763 0.074882101267575107 0.065315067302435525 2.9858953183866106 2.2678194046602576 1.4548088043229643 0.97901147959055379 0.092113444465212524 51.139438751270063 6.2633300363086155 22.700325117795728
leaf_count=98 522 464 15 8 22 74 97 19 300 28 2 9 4 12 9 410 28 1625 7 901 2 3 316 350 88 107 61 1996 61 362
internal_value=0.0210624 0.0363971 0.0109293 0.00897805 0.0271647 0.0218044 0.000464446 0.00745265 0.00840739 -0.0155437 -0.0716398 0.00531358 0.00591604 0.021753 -0.00728436 0.00479781 -0.0439614 0.00559253 0.00431312 -8.33493e-05 0.00278713 -0.069051 -0.0790402 0.0143797 0.0051114 -0.0769214 -0.603211 0.00626408 0.00751866 0.0047827
internal_weight=275.332 109.549 165.783 156.936 66.7775 54.5387 19.583 151.476 17.9025 6.40592 3.11878 139.488 138.262 11.4966 4.1387 134.037 2.14961 131.887 127.128 88.4837 85.3797 2.67583 3.10398 38.6444 82.7039 1.14601 0.166996 81.5579 80.1031 73.8398
internal_count=8000 1106 6894 6879 1008 986 912 6871 815 330 302 6852 6843 485 473 6839 550 6289 5879 3904 3581 904 323 1975 2677 170 63 2507 2419 2358
is_linear=0
shrinkage=0.05


Tree=81
num_leaves=31
num_cat=0
split_feature=3 6 7 4 7 8 2 8 1 5 8 7 3 8 4 4 5 6 7 7 5 8 4 1 1 4 8 7 6 4
split_gain=16.6324 5.77 4.3521 4.07296 3.35004 5.12942 5.06069 3.29559 2.717 2.33906 12.9232 3.68141 3.82426 4.61697 8.43602 2.58465 2.14747 7.15006 2.19465 2.03787 4.06846 1.91885 1.88654 1.82747 8.31851 4.07595 3.48806 3.48649 3.33561 2.74694
threshold=1380.5000000000002 8.5999999999999961 3534.8834019049436 61.550000000000004 9140.1706103051711 10798.500000000002 311.85000000000008 11102.650000000003 297.15000000000003 152.50000000000003 7993.1500000000005 6806.2185961002406 1418.5000000000002 3927.9000000000001 60.650000000000013 52.750000000000007 119.50000000000001 11.349999999999996 8925.898283367078 8925.898283367078 118.50000000000001 10181.1 61.250000000000007 298.85000000000008 299.15000000000003 46.750000000000007 3989.1500000000001 7905.5718213341843 11.250000000000002 20.150000000000002
decision_type=2 2 2 2 2 2 2 2 2 2 2 2 2 2 2 2 2 2 2 2 2 2 2 2 2 2 2 2 2 2
left_child=1 -1 -2 7 5 6 16 8 -4 10 11 -10 13 22 -15 23 19 18 -18 20 -3 -8 -13 28 -25 26 -26 -27 -11 -28
right_child=2 4 3 -5 -6 -7 21 -9 9 15 -12 12 -14 14 -16 -17 17 -19 -20 -21 -22 -23 -24 24 25 27 29 -29 -30 -31
leaf_value=0.05077112500771104 0.034460031291174802 -0.051694568378233045 -0.058009033861909753 0.051230245788404571 0.050999252640393733 0.03297444083953735 -0.056625991448943938 0.031654930745310818 -0.05015568392699981 0.021141467673005704 -0.6980628638239128 -0.052025876838314201 0.018075340792856869 -0.050973398035744057 -0.42738026813560115 0.038955138815263704 -0.054923310886784787 0.03675850139046305 -0.18705139951202321 0.037532964560353002 0.050628380658328226 -0.19145681524538458 0.051473986359066873 -0.076473400492332796 -0.072477536074838728 -0.07153575088035817 0.053621006328852243 0.029608968321451025 -0.054450228468121947 0.0071787527205453023
leaf_weight=40.716644525527954 17.053723217919469 2.2368474336981361 1.7490566322230723 5.2003431916236869 11.653521299362181 34.022604569792747 1.2439337361138303 11.644639499485491 4.2327552284841721 25.271114662580661 0.068509897682814791 1.0235219665919424 9.7853921710193372 0.53411853898433026 0.2063678503036499 6.1117335192393503 2.65215111663565 3.2031751223257743 0.35652758181095112 7.0995752885937691 1.7172563780914063 0.33492580521851767 0.77263134717941273 3.2649896303191772 1.325223036285023 3.0041269781650035 3.3444929122924796 1.1893037781119344 1.5488158772350278 66.317548951832578
leaf_count=98 32 464 375 8 22 74 89 19 3525 373 5 173 747 155 2 47 300 28 2 12 9 8 1 111 60 148 2 7 115 989
internal_value=0.0205259 0.0360332 0.0105537 0.00777261 0.0267326 0.0213835 0.000456601 0.00617428 0.00388747 0.00473325 -0.0127622 -0.00992613 0.00389316 -0.0508163 -0.155875 0.00734448 0.00829208 -0.0152306 -0.0705805 0.0215111 -0.00725599 -0.0852279 -0.00750449 0.00550916 0.00165707 0.00505017 0.00787977 -0.04285 0.0167761 0.00940846
internal_weight=268.886 105.237 163.648 146.595 64.5205 52.867 18.8444 141.394 129.75 128.001 16.6233 16.5548 12.322 2.53664 0.740486 111.377 17.2655 6.21185 3.00868 11.0537 3.9541 1.57886 1.79615 105.266 78.4457 75.1807 70.9873 4.19343 26.8199 69.662
internal_count=8000 1106 6894 6862 1008 986 912 6854 6835 6460 4608 4603 1078 331 157 1852 815 330 302 485 473 97 174 1805 1317 1206 1051 155 488 991
is_linear=0
shrinkage=0.05


Tree=82
num_leaves=31
num_cat=0
split_feature=3 6 3 4 0 4 2 8 7 8 5 5 1 1 4 3 1 7 5 5 6 8 1 1 5 4 6 6 8 4
split_gain=16.1132 5.71423 4.18468 3.7573 3.53231 5.15412 6.03044 3.90788 2.94202 2.83989 2.03128 2.09104 1.9849 6.68607 3.55955 3.41562 3.06436 4.96161 2.2217 1.91184 4.76637 2.13612 1.93032 6.81929 5.05753 4.86194 3.95102 2.53311 6.41003 2.51724
threshold=1380.5000000000002 8.7999999999999847 2641.0000000000005 61.550000000000004 1.5000000000000002 61.250000000000007 310.95000000000005 11102.650000000003 9140.1706103051711 11102.650000000003 235.50000000000003 233.50000000000003 299.25000000000006 300.25000000000006 56.550000000000004 1326.5000000000002 298.45000000000005 6166.7421754742818 190.50000000000003 16.500000000000004 11.400000000000007 1041.7500000000002 298.85000000000008 299.15000000000003 77.500000000000014 60.650000000000013 11.250000000000002 11.299999999999985 5355.9000000000005 52.750000000000007
decision_type=2 2 2 2 2 2 2 2 2 2 2 2 2 2 2 2 2 2 2 2 2 2 2 2 2 2 2 2 2 2
left_child=1 -1 3 9 7 6 -6 8 12 10 11 19 16 15 -15 -14 17 -3 -16 20 -2 -21 26 -24 25 -25 -23 29 -29 -26
right_child=2 4 -4 -5 5 -7 -8 -9 -10 -11 -12 -13 13 14 18 -17 -18 -19 -20 21 -22 22 23 24 27 -27 -28 28 -30 -31
leaf_value=0.050196308733360895 -0.010530465351796131 0.051955139454848212 0.045000727845730268 0.051168811621721391 -0.072018109435484201 0.03175705959821655 0.01307674129215106 0.050962403792596506 0.050895054229558978 0.030965162045360536 -0.061296022721468071 0.040824530785790673 -0.27322643923571577 -0.06698263959603222 -0.015331516595996148 -0.054461420186637244 0.044843737288395372 -0.073789395809499989 0.051473245521269376 0.038980689323004102 -0.21761950698947052 0.017294612279074053 -0.075152049059998283 -0.051923702120836662 -0.0017270543339764173 -0.3886211032641288 -0.053568175774188445 -0.088308217438455613 0.038027764889769999 0.033923429382690766
leaf_weight=40.508729283465073 1.7813143112580285 1.4601051696226988 8.196262536570428 4.9525087475776663 3.4105414390214737 10.610184753313659 5.3448318373120856 18.881900101900101 5.7537222802638999 11.317233867943285 1.1490892665460695 4.0555654764175406 0.33029968300252122 1.3385048543132141 2.0871623490238562 0.38803788242512383 6.2476605960109737 1.695370787347201 3.0827296376228333 4.5016188821755341 0.32920168955752149 35.59630448158714 2.9299601152597452 2.4589894805976651 64.551734328124439 0.11210662126541127 2.0820931092312085 1.108681441633961 10.636596656928303 5.3628194299526504
leaf_count=124 522 6 15 8 258 48 96 37 12 19 9 4 24 158 46 47 91 155 4 410 28 1625 323 903 2399 1 350 102 102 74
internal_value=0.0200138 0.0356564 0.0101946 0.00832911 0.0259421 0.00832512 -0.0200708 0.0342095 0.0200775 0.00689531 0.00490195 0.00546331 0.00941501 -0.0102892 0.00568837 -0.155052 0.0245586 -0.0156048 0.0245032 0.00437233 -0.0428325 0.0051426 0.00392242 -0.00016542 0.00244298 -0.0666046 0.0133788 0.00461697 0.0261024 0.00100753
internal_weight=262.262 101.14 161.122 152.926 60.6311 19.3656 8.75537 41.2655 22.3836 147.973 136.656 135.507 16.6299 7.22673 6.5084 0.718338 9.40314 3.15548 5.16989 131.451 2.11052 129.341 124.839 87.1609 84.2309 2.5711 37.6784 81.6598 11.7453 69.9146
internal_count=8000 1106 6894 6879 982 402 354 580 543 6871 6852 6843 531 279 208 71 252 161 50 6839 550 6289 5879 3904 3581 904 1975 2677 204 2473
is_linear=0
shrinkage=0.05


Tree=83
num_leaves=31
num_cat=0
split_feature=3 6 3 4 7 0 8 8 5 4 1 7 8 1 1 5 5 5 6 2 5 6 8 3 5 1 4 6 6 2
split_gain=15.6806 5.63146 4.01453 3.61702 3.23696 4.70456 6.15454 3.3903 7.08335 4.7835 3.33934 5.03492 2.6621 2.16434 3.87962 3.62194 1.90199 1.97539 1.82011 1.76318 1.75654 4.16759 1.93418 1.81682 1.68091 5.79733 4.43795 1.61866 1.52751 1.50344
threshold=1380.5000000000002 8.5999999999999961 2641.0000000000005 61.550000000000004 9140.1706103051711 1.5000000000000002 11102.650000000003 12338.800000000001 119.50000000000001 47.95000000000001 303.55000000000007 8413.4469257012661 11102.650000000003 301.35000000000008 303.65000000000003 78.500000000000014 235.50000000000003 233.50000000000003 7.7999999999999838 308.15000000000003 16.500000000000004 11.400000000000007 1041.7500000000002 2460.5000000000005 77.500000000000014 298.85000000000008 60.650000000000013 11.599999999999996 11.049999999999985 313.65000000000003
decision_type=2 2 2 2 2 2 2 2 2 2 2 2 2 2 2 2 2 2 2 2 2 2 2 2 2 2 2 2 2 2
left_child=1 -1 3 12 5 6 13 8 -7 -10 11 -11 16 19 15 -15 17 18 -2 -3 21 23 -22 -20 25 28 -27 29 -24 -26
right_child=2 4 -4 -5 -6 7 -8 -9 9 10 -12 -13 -14 14 -16 -17 -18 -19 20 -21 22 -23 24 -25 27 26 -28 -29 -30 -31
leaf_value=0.050697066391118317 -0.065404228992583871 -0.067120535855553512 0.044683587410939862 0.051110512998864467 0.050910953387129566 0.026246233726757918 0.050916685912719008 0.051165256201888581 0.031420299989409393 -0.065389637718836116 0.023083640747195329 -0.21508997453667891 0.030272887574410823 -0.34612522340999469 0.032854969873028848 -0.072355182717811106 -0.060642210705606485 0.040251311735928712 -0.051720794675303508 0.018588040324507175 0.038081435445861761 -0.20166423246892068 -0.05027603227361796 0.051366075331069433 0.0054914525557738687 -0.051733635867014842 -0.24940592145208421 -0.057929419915093844 0.037193323484010249 0.053140854690125555
leaf_weight=36.913928985595703 0.93278841453138639 0.62712343188468622 7.8504794780164948 4.7162099480628958 10.64364582300186 6.0596867393032863 18.025457620620728 2.458642065525054 1.4695909378206122 3.7829725160700036 0.80463287071324874 0.65961334761232127 11.005245059728621 0.1431561631761713 0.85743350762641057 0.77401507779723033 1.1045326115563501 3.9113312363624564 1.0537364395568141 13.899528053239917 4.3822336109005837 0.33725263498490665 0.60293099068803657 0.71907991170883168 114.00035643429146 2.5000988782849167 0.32032257318496693 0.99292930119554412 2.8991600715671666 1.6798282092204306
leaf_count=98 38 65 15 8 22 228 37 4 31 126 6 8 19 31 18 66 9 4 519 366 408 28 343 1 4220 981 2 101 194 4
internal_value=0.0194908 0.0353208 0.00982218 0.00801164 0.0258932 0.0205205 0.0307832 -0.00260277 -0.0129496 -0.0483108 -0.0706411 -0.0876164 0.00662362 0.00852015 -0.0436058 -0.115086 0.00470194 0.00523923 0.00418921 0.014888 0.00469054 -0.0405558 0.00544007 -0.00990727 0.00427708 -0.0208324 -0.0741838 0.00563776 0.0221343 0.00618338
internal_weight=256.128 97.1194 159.009 151.158 60.2055 49.5619 34.3267 15.2351 12.7765 6.71681 5.24722 4.44259 146.442 16.3013 1.7746 0.917171 135.437 134.332 130.421 14.5267 129.488 2.11007 127.378 1.77282 122.996 6.32251 2.82042 116.673 3.50209 115.68
internal_count=8000 1106 6894 6879 1008 986 583 403 399 171 140 134 6871 546 115 97 6852 6843 6839 431 6801 548 6253 520 5845 1520 983 4325 537 4224
is_linear=0
shrinkage=0.05


Tree=84
num_leaves=31
num_cat=0
split_feature=3 6 7 7 7 8 6 5 1 3 4 7 8 6 3 3 1 5 7 4 8 8 8 7 2 2 5 6 1 6
split_gain=15.2405 5.56969 3.8784 3.676 3.16809 4.58621 4.20495 3.09031 3.13573 2.61145 6.50817 4.8848 2.31979 2.02738 1.76216 4.13447 2.15412 2.11037 5.31657 2.00724 1.63763 1.62602 1.58147 1.57255 2.39145 1.86405 3.03234 5.70032 9.11973 5.56368
threshold=1380.5000000000002 8.5999999999999961 3534.8834019049436 8925.898283367078 9140.1706103051711 11102.650000000003 11.400000000000007 202.50000000000003 301.95000000000005 1439.5000000000002 28.950000000000003 4870.3482590071853 11575.250000000002 11.099999999999996 1356.5000000000002 1337.5000000000002 298.85000000000008 188.50000000000003 8925.898283367078 62.45000000000001 5190.6000000000013 10798.500000000002 11575.250000000002 7699.1220601035302 311.95000000000005 310.85000000000008 203.50000000000003 9.4000000000000075 301.75000000000006 9.6500000000000075
decision_type=2 2 2 2 2 2 2 2 2 2 2 2 2 2 2 2 2 2 2 2 2 2 2 2 2 2 2 2 2 2
left_child=1 -1 -2 7 5 6 14 8 9 13 11 -11 23 -4 15 17 -16 18 21 -17 -13 -3 -10 24 25 26 -9 28 -28 -29
right_child=2 4 3 -5 -6 -7 -8 12 22 10 -12 20 -14 -15 16 19 -18 -19 -20 -21 -22 -23 -24 -25 -26 -27 27 29 -30 -31
leaf_value=0.050662610508855045 0.033121531949750031 -0.052064014039475963 0.018193559340532527 0.03644106378178797 0.050865752094477273 0.036931032125425693 -0.11853101169615771 0.035091964321560566 -0.050794547866573093 -0.057670428952958652 -0.052957417532996633 0.036191333024301518 0.041926335442812851 -0.052380544477763052 -0.061703350934550649 -0.057325032389629507 0.029414300249231279 0.030899975142903775 0.020250234880689177 -0.22897550461774985 -0.053251729433241773 -0.16042438754593458 -0.20210382680939329 0.033610003596279241 -0.030283726029975689 0.018820495825982872 -0.077060836349463105 0.035160658632228385 0.0074902285740600181 -0.0048409766295617346
leaf_weight=35.136893570423126 15.577971471473573 2.015953728725441 12.202971604070628 9.7640755698084813 10.133319318294523 21.989257797598839 0.66132124559953709 6.4227383974939576 2.3815581214439585 2.068316979188241 7.2543089467217206 6.7334081339795375 5.0823660492897025 1.1101982797990775 0.69073719401785538 1.4219051521504287 10.643094135608406 5.3428475637338124 4.7366424389183521 0.19348957762122143 0.5538487781304865 0.41797789931297291 0.18619202077388752 5.3373174071311942 4.3970297351479521 25.549382964149117 5.7497854749672097 12.837827183306215 7.1614049598574638 26.920518755447119
leaf_count=98 32 326 763 18 22 56 49 20 1284 504 3364 248 8 207 110 197 213 21 10 2 21 2 1 9 32 93 63 25 23 179
internal_value=0.0189403 0.0349407 0.00944086 0.00683773 0.0254566 0.0201051 0.00594227 0.00464713 -0.00874063 -0.00419041 -0.0174145 0.0101455 0.0090206 0.0123083 0.00917512 -0.00260571 0.0238612 0.00711232 -0.010612 -0.0778851 0.0293934 -0.0706727 -0.0617662 0.00724855 0.00566835 0.00753601 0.00265701 -0.00129824 -0.0301632 0.00807541
internal_weight=250.675 93.3834 157.291 141.713 58.2465 48.1132 26.124 131.949 32.4908 29.9231 16.6099 9.35557 99.4584 13.3132 25.4626 14.1288 11.3338 12.5134 7.17057 1.61539 7.28726 2.43393 2.56775 94.376 89.0387 84.6417 59.0923 52.6695 12.9112 39.7583
internal_count=8000 1106 6894 6862 1008 986 930 6844 6392 5107 4137 773 452 970 881 558 323 359 338 199 269 328 1285 444 435 403 310 290 86 204
is_linear=0
shrinkage=0.05


Tree=85
num_leaves=31
num_cat=0
split_feature=3 6 3 4 8 0 5 4 8 1 7 7 8 1 1 4 1 7 3 5 7 5 3 6 3 5 6 6 4 5
split_gain=14.6189 5.54914 3.74146 3.39983 3.15764 4.24137 9.4331 4.37624 3.11794 3.04809 3.91248 2.7654 2.39287 2.05975 5.72539 3.44241 2.71802 4.39684 2.49358 2.06829 1.94611 3.20856 1.68151 9.61124 8.3476 3.9219 3.12033 3.56377 2.76498 5.25767
threshold=1380.5000000000002 8.5999999999999961 2641.0000000000005 61.550000000000004 12338.800000000001 1.5000000000000002 122.50000000000001 47.95000000000001 11102.650000000003 303.55000000000007 8413.4469257012661 9140.1706103051711 10380.800000000001 299.25000000000006 300.25000000000006 56.550000000000004 298.45000000000005 6166.7421754742818 1326.5000000000002 190.50000000000003 8925.898283367078 118.50000000000001 1866.5000000000002 11.200000000000019 1739.5000000000002 231.50000000000003 8.8499999999999961 8.7000000000000188 30.550000000000004 228.50000000000003
decision_type=2 2 2 2 2 2 2 2 2 2 2 2 2 2 2 2 2 2 2 2 2 2 2 2 2 2 2 2 2 2
left_child=1 -1 3 12 5 8 20 -8 11 10 -9 13 22 16 18 -16 17 -3 -15 -17 21 -7 24 26 28 -26 27 -24 -2 -30
right_child=2 4 -4 -5 -6 6 7 9 -10 -11 -12 -13 -14 14 15 19 -18 -19 -20 -21 -22 -23 23 -25 25 -27 -28 -29 29 -31
leaf_value=0.050629875636075933 0.021009208485907798 0.05161586721852926 0.044110702160474934 0.05101742586059127 0.050877100141488024 -0.052507507471906981 0.030644810635031151 -0.064995689420311573 0.050853751859305685 0.021215795009016682 -0.19539270758659877 0.050768327177408527 0.021399387605658297 -0.2394639151004348 -0.064681208391539111 -0.014628418898032614 0.044073863506408462 -0.071735051029680405 -0.054204564623550291 0.051328518366445731 0.050998111366765048 0.05104932835100822 0.0093825987670139235 -0.11894064381528216 -0.061107802164634718 -0.24479818676997378 0.030176020588673143 -0.14545848506745931 0.0014504531311115313 -0.074003867621615996
leaf_weight=33.444311022758484 17.761518785307999 1.3341874924954047 7.2852988857775918 4.3366402983665457 9.7151579856872541 1.4595574079867204 1.4007379370159458 3.6335560009028995 11.33993089199066 0.78942280937917519 0.68345194309949864 4.9637497365474692 21.629628593102098 0.35637515608686854 1.4422096053312996 2.0680933379335329 5.781834089953918 1.5755584776925387 0.3704419668065384 2.7948808073997498 5.2962178587913513 1.5342399670480515 1.1515620123536852 1.243446374151971 2.7464189168531443 0.32496024668216694 18.627987806190504 0.5486457280057947 76.461793973052409 2.3805657662451258
leaf_count=98 547 6 15 8 21 221 30 118 25 6 8 12 62 24 170 49 91 155 47 4 10 11 45 38 425 2 304 14 5414 20
internal_value=0.018465 0.0344857 0.00913406 0.00740313 0.0249361 0.0195539 -0.00258509 -0.0476449 0.0297825 -0.0691204 -0.0856396 0.0182321 0.00607933 0.00796078 -0.0121585 0.00315935 0.0242384 -0.0151757 -0.145041 0.0232788 0.0327842 0.000562563 0.00334634 0.0160035 0.000607085 -0.0805427 0.0242578 -0.0405836 0.00318712 -0.000827814
internal_weight=244.482 89.9839 154.498 147.213 56.5396 46.8244 14.7972 6.50717 32.0273 5.10643 4.31701 20.6873 142.877 15.7236 7.032 6.30518 8.69158 2.90975 0.726817 4.86297 8.29002 2.9938 121.247 21.5716 99.6753 3.07138 20.3282 1.70021 96.6039 78.8424
internal_count=8000 1106 6894 6879 1008 987 404 162 583 132 126 558 6871 546 294 223 252 161 71 53 242 232 6809 401 6408 427 363 59 5981 5434
is_linear=0
shrinkage=0.05


Tree=86
num_leaves=31
num_cat=0
split_feature=3 6 3 4 8 0 5 4 8 1 7 7 8 1 5 3 7 5 6 7 5 5 5 6 8 4 2 1 3 1
split_gain=14.3494 5.3722 3.5848 3.27111 3.04005 3.99943 8.81886 4.0642 3.02051 2.86101 3.25994 2.65527 2.28279 2.05468 3.5757 3.60386 1.85387 3.03799 1.72808 1.68777 1.67233 1.8326 1.62204 3.39402 1.75104 1.6471 1.62935 4.0036 3.21933 2.9056
threshold=1380.5000000000002 8.5999999999999961 2641.0000000000005 61.550000000000004 12338.800000000001 1.5000000000000002 122.50000000000001 47.95000000000001 11102.650000000003 303.55000000000007 8413.4469257012661 9140.1706103051711 11102.650000000003 301.35000000000008 101.50000000000001 1245.5000000000002 8925.898283367078 118.50000000000001 7.7999999999999838 8043.3306591940955 235.50000000000003 233.50000000000003 16.500000000000004 11.400000000000007 1041.7500000000002 13.850000000000003 313.65000000000003 302.75000000000006 1402.5000000000002 302.55000000000007
decision_type=2 2 2 2 2 2 2 2 2 2 2 2 2 2 2 2 2 2 2 2 2 2 2 2 2 2 2 2 2 2
left_child=1 -1 3 12 5 8 16 -8 11 10 -9 13 18 -3 15 -15 17 -7 -2 -16 21 22 23 25 -24 -20 27 29 -29 -26
right_child=2 4 -4 -5 -6 6 7 9 -10 -11 -12 -13 -14 14 19 -17 -18 -19 20 -21 -22 -23 24 -25 26 -27 -28 28 -30 -31
leaf_value=0.050598782287010327 -0.064806437299309849 0.014210603366979581 0.043770990198649697 0.050966824516480561 0.050833619902718001 -0.052388860490383139 0.029712802999775662 -0.064203129588295729 0.050811438537823932 0.020361272680533907 -0.18287133661417207 0.050730293603863108 0.028570336922057422 -0.46183333620162154 -0.073865415223302852 -0.050347726589943465 0.05094849556297866 0.050704163484092062 0.051218083535630968 0.035045159127326968 -0.059389281021941867 0.039671507776115611 0.03685776657055758 -0.18385489047335243 0.0029122289913221123 -0.051663416569890097 0.053048849361037757 0.031978531020880566 -0.062508652474021306 0.037443538464472806
leaf_weight=31.832270622253418 0.90488268010085349 13.597379777987959 6.9824311900883904 4.1291322112083426 9.2490493357181531 1.3914389268902581 1.3731559396255759 3.4979286316083744 10.79563197493553 0.78162980801425863 0.6934731900691985 4.725115329027175 10.231556124985216 0.096543036401270821 0.67366380833846029 0.11855145372101106 5.0427006483078003 1.469100835121935 0.64488977193832286 0.75372239132411778 1.0153781184926618 3.7084656059741965 4.099396793084451 0.34335673277382728 106.73426672934147 0.98056020596413873 1.6447266989853222 1.1739082873391442 3.8846632189233787 6.4606052980234372
leaf_count=98 38 431 15 8 21 221 30 118 25 6 8 12 19 1 55 50 10 11 1 9 9 4 408 28 5201 519 4 36 517 87
internal_value=0.0179637 0.034292 0.00877228 0.00709797 0.0247252 0.0193603 -0.00253817 -0.046434 0.0295044 -0.0674597 -0.0838369 0.0179831 0.00582077 0.00782981 -0.044994 -0.235039 0.0327096 0.000557108 0.00405199 -0.0163559 0.00452875 0.00502924 0.00400937 -0.0410182 0.00472431 -0.0108457 0.00362565 0.00293824 -0.0405817 0.00488311
internal_weight=239.03 86.0914 152.938 145.956 54.2591 45.01 14.2494 6.34619 30.7606 4.97303 4.1914 19.965 141.827 15.2399 1.64248 0.215094 7.90324 2.86054 131.595 1.42739 130.69 129.675 125.966 1.96881 123.998 1.62545 119.898 118.253 5.05857 113.195
internal_count=8000 1106 6894 6879 1008 987 404 162 583 132 126 558 6871 546 115 51 242 232 6852 64 6814 6805 6801 548 6253 520 5845 5841 553 5288
is_linear=0
shrinkage=0.05


Tree=87
num_leaves=31
num_cat=0
split_feature=3 6 3 4 8 0 5 4 8 1 4 4 5 3 7 3 8 4 7 5 6 5 5 5 5 6 8 8 4 1
split_gain=13.9357 5.28201 3.43062 3.14517 2.91584 4.06591 7.77543 3.77856 2.81873 2.68772 2.93925 2.51003 3.57571 3.31317 2.46965 2.45219 2.87705 2.11689 1.65862 2.85199 1.6226 1.57494 1.73055 3.12297 1.54857 3.00126 1.57877 5.92329 41.2859 1.86374
threshold=1380.5000000000002 8.7999999999999847 2641.0000000000005 61.550000000000004 12338.800000000001 1.5000000000000002 122.50000000000001 47.95000000000001 11102.650000000003 303.55000000000007 60.050000000000004 65.850000000000009 188.50000000000003 1353.5000000000002 7272.8498249134436 1382.5000000000002 11102.650000000003 62.45000000000001 8925.898283367078 118.50000000000001 7.7999999999999838 235.50000000000003 231.50000000000003 228.50000000000003 16.500000000000004 11.400000000000007 1041.7500000000002 1189.9000000000003 13.850000000000003 298.85000000000008
decision_type=2 2 2 2 2 2 2 2 2 2 2 2 2 2 2 2 2 2 2 2 2 2 2 2 2 2 2 2 2 2
left_child=1 -1 3 15 5 8 18 -8 11 10 -9 12 13 -3 -14 -2 20 -15 19 -7 -17 22 23 24 25 -22 -26 28 -28 -29
right_child=2 4 -4 -5 -6 6 7 9 -10 -11 -12 -13 14 17 -16 16 -18 -19 -20 -21 21 -23 -24 -25 26 -27 27 29 -30 -31
leaf_value=0.049975243464119801 -0.10409352700394536 -0.093870374193887551 0.043422408572694214 0.050918786224642611 0.05079870197273182 -0.052300559207639277 0.028865501408984792 -0.063536532279705779 0.050772979246516248 0.019528627776276349 -0.17941911934716467 0.042554904967302243 -0.0087683948429801775 -0.058382507921896531 0.043145044057319816 -0.063979920681562205 0.032143700049109741 0.051065190738610294 0.050899975676118231 0.050350014878838237 -0.010720732713416016 -0.058859525950239605 0.02979968179497304 -0.075353351667514723 0.036015294335629583 -0.17386270575062604 -2.3876811752862177 0.014044311077649658 -0.050250385103403183 0.00028646228254126395
leaf_weight=31.710793747624848 0.50786532083293323 1.5243911373472721 6.6938806958496562 3.9313641190528861 8.4605867862701398 1.3035262185730956 1.3458115847170118 3.4152610599703621 9.8842017352581006 0.77439786912873376 0.65158906718716014 6.7767230924218884 4.0280631694477034 0.75101598043693218 5.3123306636698544 0.87158777876174909 9.7702042087912542 1.0730328261852262 4.3114579021930695 1.4070358116441637 1.543840235506649 0.97432991489767928 6.6443846225738517 1.2398472744971503 3.9962866485584518 0.34488905457692443 0.020502300933002426 35.8148322783818 0.24043779872590676 78.72758119883656
leaf_count=124 32 274 15 8 20 216 28 111 24 6 14 19 32 198 18 38 18 2 9 11 518 9 11 10 407 28 1 1912 142 3745
internal_value=0.0174496 0.0339501 0.0084285 0.00680886 0.0239898 0.0186603 -0.00437644 -0.0452446 0.0290281 -0.0658463 -0.0821032 0.0179865 0.00486525 -0.0394652 0.0207573 0.00557633 0.00597364 0.00600227 0.0316322 0.000984712 0.00401313 0.00447058 0.0049505 0.00359637 0.00440743 -0.0405111 0.00512156 0.00404615 -0.233904 0.00458823
internal_weight=234.052 82.7302 151.322 144.628 51.0194 42.5588 13.2091 6.18706 29.3498 4.84125 4.06685 19.4656 12.6888 3.34844 9.34039 140.697 140.189 1.82405 7.02202 2.71056 130.419 129.547 128.573 121.928 120.688 1.88873 118.8 114.803 0.26094 114.542
internal_count=8000 1106 6894 6879 982 962 395 159 567 131 125 543 524 474 50 6871 6839 200 236 227 6821 6783 6774 6763 6753 546 6207 5800 143 5657
is_linear=0
shrinkage=0.05


Tree=88
num_leaves=31
num_cat=0
split_feature=3 6 7 4 8 0 5 4 8 7 1 8 8 6 0 6 2 2 7 0 2 8 4 4 4 3 4 6 7 2
split_gain=13.5803 5.14959 3.39145 3.14041 2.86564 3.46531 7.70384 3.50474 2.93901 2.52385 2.5235 2.50483 5.14726 4.60523 3.84183 9.70036 3.54918 10.0072 3.0243 6.76348 5.04314 2.96134 3.50362 4.7581 3.68216 4.68874 2.92437 2.9225 5.579 2.89577
threshold=1380.5000000000002 8.5999999999999961 3534.8834019049436 61.550000000000004 12338.800000000001 1.5000000000000002 122.50000000000001 47.95000000000001 11102.650000000003 9140.1706103051711 303.55000000000007 8549.4000000000015 8332.9000000000015 11.049999999999985 1.5000000000000002 9.5499999999999847 310.55000000000007 310.25000000000006 5101.4281066419835 1.5000000000000002 309.85000000000008 10380.800000000001 41.45000000000001 46.250000000000007 46.45000000000001 1441.5000000000002 61.250000000000007 9.6500000000000075 8343.0804862486129 308.45000000000005
decision_type=2 2 2 2 2 2 2 2 2 2 2 2 2 2 2 2 2 2 2 2 2 2 2 2 2 2 2 2 2 2
left_child=1 -1 -2 11 5 8 -7 -8 9 -3 -9 12 16 14 21 -16 17 18 20 26 -4 22 -13 -24 -25 -26 -20 -17 -29 -21
right_child=2 4 3 -5 -6 6 7 10 -10 -11 -12 13 -14 -15 15 27 -18 -19 19 29 -22 -23 23 24 25 -27 -28 28 -30 -31
leaf_value=0.050541486973245592 0.031574725623738746 0.0071755535476218484 0.023133230520062227 0.050873176652795296 0.050753120510705532 0.032535597359838825 0.02786208624164755 -0.080350423476347799 0.050733110652594421 0.050664644257859007 0.018718699923359873 0.032688336469811834 -0.075541401175140147 -0.047093861993490353 -0.099747137885916992 0.050950698313190892 0.012249689656225471 -0.084632159957029648 -0.058264055577772846 0.032645347639759043 -0.075584484850477945 0.041608092224990151 -0.066801722334581523 0.049540931002847101 -0.099242730653539737 0.029602531264084936 0.05125502647517978 -0.069049620323475489 0.05115935095521839 -0.011999943367523809
leaf_weight=28.851802289485931 13.971709847450255 14.740176569845067 15.668951956089588 3.7428973615169516 8.3820379674434644 7.1856750971492129 1.3226457924029089 3.9508603797439719 9.7832700014114362 4.3120833337306967 0.76768566342070688 9.780472587328406 2.2348171310732132 2.9187177325075018 2.2985081630758923 3.5066749379038811 39.39181227060908 3.9226024785384643 7.4939572553339548 6.4114761702076057 1.4101881092356041 15.696899581700562 2.6501709991716762 3.2769247464602813 1.2793893416528592 1.5757230768213046 0.6634925603866576 2.0360711973626167 1.8352004885673525 8.378339666327518
leaf_count=98 32 546 457 8 21 242 30 126 25 12 6 19 60 74 63 4 2478 453 1731 345 78 33 58 4 72 29 1 51 3 841
internal_value=0.0169549 0.0336934 0.0081147 0.00570765 0.0240571 0.0187372 -0.00245268 -0.0440694 0.0284571 0.0170184 -0.0642323 0.00443113 -0.000657111 0.0137243 0.0177645 -0.0100558 0.00135094 -0.00841769 -0.000948639 -0.0128057 0.0149823 0.0256222 0.0121043 -0.0108195 0.0133752 -0.0281336 -0.0493562 0.0178864 -0.0120638 0.00735406
internal_weight=229.441 79.2962 150.145 136.173 50.4444 42.0624 13.2269 6.04119 28.8355 19.0523 4.71855 132.43 85.5756 46.8548 43.936 9.67645 83.3408 43.949 40.0264 22.9473 17.0791 34.2596 18.5627 8.78221 6.13204 2.85511 8.15745 7.37795 3.87127 14.7898
internal_count=8000 1106 6894 6862 1008 987 404 162 583 558 132 6854 6444 410 336 121 6384 3906 3453 2918 535 215 182 163 105 101 1732 58 54 1186
is_linear=0
shrinkage=0.05


Tree=89
num_leaves=31
num_cat=0
split_feature=3 6 7 4 8 0 5 4 8 2 7 8 8 6 0 6 6 2 2 5 7 5 8 4 4 4 3 6 4 7
split_gain=12.9444 5.11414 3.17373 3.00483 2.81175 3.2191 7.15431 3.29278 2.92933 2.64519 2.46082 2.35177 4.81887 4.24618 3.56959 9.2004 3.25871 3.40141 9.18671 2.91856 2.8175 5.05871 2.7877 3.22545 4.49162 3.4658 4.47327 2.75467 5.28033 2.59771
threshold=1380.5000000000002 8.5999999999999961 3534.8834019049436 61.550000000000004 12338.800000000001 1.5000000000000002 122.50000000000001 47.95000000000001 11102.650000000003 312.65000000000003 9140.1706103051711 8549.4000000000015 8332.9000000000015 11.049999999999985 1.5000000000000002 9.5499999999999847 8.5499999999999847 310.55000000000007 310.25000000000006 221.50000000000003 4653.7406815299246 231.50000000000003 10380.800000000001 41.45000000000001 46.250000000000007 46.45000000000001 1441.5000000000002 9.6500000000000075 54.650000000000013 5101.4281066419835
decision_type=2 2 2 2 2 2 2 2 2 2 2 2 2 2 2 2 2 2 2 2 2 2 2 2 2 2 2 2 2 2
left_child=1 -1 -2 11 5 8 -7 -8 10 -9 -3 12 16 14 22 -16 -4 18 29 -15 21 -19 23 -13 -25 -26 -27 -17 -29 -18
right_child=2 4 3 -5 -6 6 7 9 -10 -11 -12 13 -14 19 15 27 17 20 -20 -21 -22 -23 -24 24 25 26 -28 28 -30 -31
leaf_value=0.050514796072703573 0.030915415250331171 0.0068404544387897963 -0.055926980621537503 0.050829868275950832 0.050715870565072069 0.03153929756104467 0.026951070629797343 -0.078982921036985482 0.050696860628066401 0.029167965140965292 0.050631808001869075 0.03165649908438415 -0.074408761348445235 -0.086215419009554053 -0.099487666716940981 0.050522175788699379 0.014756579810060028 -0.078085105484419048 -0.087907421277431952 0.01623144819799395 0.017999099064483434 0.052296375508898887 0.040899115281150769 -0.066338644251840037 0.049074625539305472 -0.099604628818159943 0.028597164893192834 -0.068584255197298979 0.0511015485420575 -0.011381997448200162
leaf_weight=27.458817720413208 13.566584682092069 14.690458445387781 2.4153669551014891 3.5633110702037802 7.9789496958255759 7.0456696133624046 1.2995855757035313 3.8936904738657176 9.3126207590103132 0.66141528915613879 4.1043735742568961 9.599007532931866 2.1573621321585952 1.7334540626616211 2.1919746877101698 3.3632370121777058 16.785586724014138 2.054897043388336 3.2227983247430521 1.1607058392837641 34.776683400574257 1.1661522388458254 15.18368900194764 2.538075171527451 3.145985153852962 1.212687593593728 1.5502283480018375 1.9495819697622212 1.7476215362548826 21.915754614376056
leaf_count=98 32 546 412 8 21 242 30 127 25 5 12 19 60 65 63 4 514 192 354 9 2067 1 33 58 4 72 29 51 3 2844
internal_value=0.0165533 0.0332414 0.00787485 0.00553226 0.023559 0.018275 -0.00240321 -0.0432504 0.0277657 -0.0632791 0.0164035 0.00428941 -0.000641322 0.0134709 0.0174631 -0.010004 0.0012915 0.00302073 -0.00679931 -0.045129 0.0138555 -0.0308817 0.025111 0.011827 -0.010707 0.0131887 -0.0276726 0.017777 -0.0120103 -4.51461e-05
internal_weight=223.446 76.4456 147.001 133.434 48.9868 41.0078 12.9004 5.85469 28.1075 4.55511 18.7948 129.871 84.4946 45.3762 42.4821 9.25242 82.3372 79.9219 41.9241 2.89416 37.9977 3.22105 33.2297 18.046 8.44698 5.9089 2.76292 7.06044 3.6972 38.7013
internal_count=8000 1106 6894 6862 1008 987 404 162 583 132 558 6854 6444 410 336 121 6384 5972 3712 74 2260 193 215 182 163 105 101 58 54 3358
is_linear=0
shrinkage=0.05


Tree=90
num_leaves=31
num_cat=0
split_feature=3 6 3 4 7 8 6 3 8 6 7 5 5 1 4 7 5 5 2 4 6 5 6 2 2 7 5 5 3 1
split_gain=12.3486 5.07594 3.07255 2.7778 2.76953 3.89658 3.57248 1.99747 2.50887 1.65506 4.72175 2.20094 6.39932 3.92502 1.91627 1.56742 3.05704 1.49367 2.83661 3.51599 1.4653 1.46549 1.48368 1.35006 3.17209 5.58309 1.75102 2.94994 2.16907 2.90829
threshold=1380.5000000000002 8.5999999999999961 2641.0000000000005 61.550000000000004 9140.1706103051711 11102.650000000003 11.400000000000007 1382.5000000000002 11575.250000000002 11.349999999999996 7272.8498249134436 188.50000000000003 119.50000000000001 303.95000000000005 62.95000000000001 8925.898283367078 118.50000000000001 16.500000000000004 313.05000000000007 13.850000000000003 7.7999999999999838 235.50000000000003 11.599999999999996 313.65000000000003 311.95000000000005 7905.5718213341843 217.50000000000003 216.50000000000003 1576.5000000000002 299.75000000000006
decision_type=2 2 2 2 2 2 2 2 2 2 2 2 2 2 2 2 2 2 2 2 2 2 2 2 2 2 2 2 2 2
left_child=1 -1 3 7 5 6 9 -2 17 10 -3 12 15 14 -14 16 -12 18 19 -9 -19 22 23 24 26 -26 27 -22 29 -28
right_child=2 4 -4 -5 -6 -7 -8 8 -10 -11 11 -13 13 -15 -16 -17 -18 20 -20 -21 21 -23 -24 -25 25 -27 28 -29 -30 -31
leaf_value=0.050489436366678346 -0.096740983311411316 -0.06617822695585078 0.042527480201100087 0.050788741566716811 0.05064812554835179 0.036103723778533318 -0.11766001069915717 -0.33256319778272636 0.041058032582529616 0.038124615895755463 -0.051633604863151196 0.037263934249142663 -0.079838589747207811 0.050959185845503532 -0.20335134739070349 0.03420716095158767 0.049159235049134581 -0.062381874493846204 0.04824445565646969 -0.055494155867395992 0.0045524291576671564 -0.058016425041959058 -0.05626795181964054 0.05273432076786129 -0.073348194733483155 0.042382373915673552 0.024577453871202262 -0.071038319553704418 0.027845522355857483 -0.023862801468268264
leaf_weight=26.132423460483551 0.48092105504474503 2.2600314474912109 6.0424327347427598 3.3922017812728873 7.6381959915161124 16.815998323261738 0.58362178175593626 0.12774303555488487 4.743003398180007 3.7174566885223603 1.8234883807890601 5.3472472677385658 1.5917000824556446 0.5129946470260619 0.39121610298752774 5.626662403345108 1.2805966399610043 0.80946146350470272 0.60144111793488253 1.1046330638928337 86.159165038552601 0.91293658688664336 0.96283605117059679 1.5289238989353169 3.1329126491327761 1.5615501953870987 6.3507051067426818 1.3103022079449136 18.927219356410205 6.0509303119033575
leaf_count=98 32 396 15 8 22 56 49 1 9 20 262 27 150 1 6 12 7 36 17 530 5390 9 149 4 568 16 25 15 33 37
internal_value=0.0161384 0.0327845 0.00762806 0.0061017 0.0230622 0.0177881 0.00447515 0.00497687 0.00534116 0.00763596 0.00161809 0.0108629 -0.00171196 -0.0723149 -0.104207 0.0184717 -0.0100513 0.00403342 -0.0407713 -0.084214 0.0046768 0.00510456 0.00556196 0.00603813 0.00546 -0.034852 0.00705298 0.00342007 0.017196 0.00094278
internal_weight=217.921 73.7216 144.199 138.157 47.5892 39.951 23.135 134.765 134.284 22.5514 18.8339 16.5739 11.2267 2.49591 1.98292 8.73075 3.10409 129.541 1.83382 1.23238 127.707 126.897 125.985 125.022 123.493 4.69446 118.798 87.4695 31.3289 12.4016
internal_count=8000 1106 6894 6879 1008 986 930 6871 6839 881 861 465 438 157 156 281 269 6830 548 531 6282 6246 6237 6088 6084 584 5500 5405 95 62
is_linear=0
shrinkage=0.05


Tree=91
num_leaves=31
num_cat=0
split_feature=3 6 3 8 0 5 4 8 4 7 1 1 1 4 1 7 5 7 3 8 7 5 3 4 2 2 7 5 3 4
split_gain=11.9339 4.98368 2.9304 2.71918 3.01317 6.53754 3.01269 2.85258 2.66621 2.30393 2.16479 1.97887 4.75091 2.92927 2.34772 3.85346 1.90936 1.8605 1.85809 2.37716 1.79312 2.59861 1.61435 1.55811 1.3977 1.91228 3.81831 3.55735 2.84322 2.12962
threshold=1380.5000000000002 8.5999999999999961 2641.0000000000005 12338.800000000001 1.5000000000000002 122.50000000000001 47.95000000000001 11102.650000000003 61.550000000000004 9140.1706103051711 303.55000000000007 299.25000000000006 300.25000000000006 56.550000000000004 298.45000000000005 6166.7421754742818 190.50000000000003 8502.6157971856574 1382.5000000000002 11575.250000000002 8925.898283367078 118.50000000000001 1326.5000000000002 58.850000000000001 313.65000000000003 311.95000000000005 7905.5718213341843 16.500000000000004 2460.5000000000005 13.850000000000003
decision_type=2 2 2 2 2 2 2 2 2 2 2 2 2 2 2 2 2 2 2 2 2 2 2 2 2 2 2 2 2 2
left_child=1 -1 8 4 7 20 -7 9 18 11 17 14 22 -14 15 -3 23 -8 -2 24 21 -6 -13 -15 25 27 28 29 -27 -20
right_child=2 3 -4 -5 5 6 10 -9 -10 -11 -12 12 13 16 -16 -17 -18 -19 19 -21 -22 -23 -24 -25 -26 26 -28 -29 -30 -31
leaf_value=0.050465342716170127 -0.09486545860387946 0.051323818373658792 0.042145933345394931 0.050654375656510868 -0.052239551649251398 0.026230248759825506 -0.061281788341735303 0.050638943736068837 0.050749684400751817 0.050570957192877346 0.017982385752623158 -0.20341831144892467 -0.063323436110989104 0.040782707161531817 0.043225098167512827 -0.069409471087743577 0.051127211086807227 -0.15501603044238374 -0.25262137134377083 0.040585636013670198 0.05077174774283142 0.049553120731979129 -0.053879823374699154 -0.051000382546012406 0.05250215188234645 -0.071217188082857916 0.040545358379537252 0.0054206466615628144 0.051047122236119152 -0.055545589741654133
leaf_weight=24.869500279426575 0.46628422959474747 1.2089221028145458 5.7984732128679743 7.3088815808296195 1.2915037504717459 1.2332487528910858 3.0349314763443549 8.5579144060611707 3.2291828095912924 3.7179723083972922 0.7056080347392707 0.39221057787653979 1.3438956233731003 0.75340968661475916 5.0943391685723327 1.4579391436418516 2.3887389302253723 0.6412392915226518 0.15875048935413261 4.5628824383020392 4.1260359585285187 1.2185072118154492 0.33432697303942405 1.197091862792149 1.460154560918453 3.2128966616874091 1.5292152277543207 120.67960302489519 0.55809789896011341 1.004234122134221
leaf_count=98 32 6 15 21 221 30 120 25 8 12 6 24 170 18 91 155 4 6 1 9 10 11 47 31 5 628 19 5676 1 500
internal_value=0.0156625 0.0324322 0.00733095 0.0226841 0.0174014 -0.00309786 -0.042805 0.0268973 0.00585593 0.0155395 -0.062235 0.00634838 -0.0142118 0.00117953 0.0233282 -0.0146795 0.0211566 -0.077632 0.00477108 0.00511996 0.0305 -0.00282339 -0.134606 -0.0155478 0.00386163 0.00330302 -0.0260974 0.00458195 -0.0531224 -0.082447
internal_weight=213.536 70.8762 142.66 46.0067 38.6978 12.2511 5.61503 26.4468 136.861 17.8888 4.38178 14.1709 6.40967 5.68314 7.7612 2.66686 4.33924 3.67617 133.632 133.166 6.63605 2.51001 0.726538 1.9505 128.603 127.143 5.30021 121.843 3.77099 1.16298
internal_count=8000 1106 6894 1008 987 404 162 583 6879 558 132 546 294 223 252 161 53 126 6871 6839 242 232 71 49 6830 6825 648 6177 629 501
is_linear=0
shrinkage=0.05


Tree=92
num_leaves=31
num_cat=0
split_feature=3 6 7 4 8 0 5 4 8 2 8 8 0 6 6 7 6 8 3 3 2 2 7 5 5 4 7 0 2 2
split_gain=11.6627 4.8215 2.82835 2.65418 2.6163 2.83979 6.10614 2.79735 2.75651 2.33408 2.26697 4.48372 4.00249 7.378 3.86953 5.76967 3.04476 2.96358 3.68861 9.67354 2.82878 8.88092 2.65626 4.66633 2.45746 5.63707 2.43063 6.768 4.70487 2.82243
threshold=1380.5000000000002 8.5999999999999961 3534.8834019049436 61.550000000000004 12338.800000000001 1.5000000000000002 122.50000000000001 47.95000000000001 11102.650000000003 307.35000000000008 8549.4000000000015 8332.9000000000015 1.5000000000000002 9.5499999999999847 9.6500000000000075 8343.0804862486129 8.5499999999999847 11102.650000000003 1429.5000000000002 1406.5000000000002 310.55000000000007 310.25000000000006 4653.7406815299246 231.50000000000003 204.50000000000003 47.650000000000013 5101.4281066419835 1.5000000000000002 309.85000000000008 308.45000000000005
decision_type=2 2 2 2 2 2 2 2 2 2 2 2 2 2 2 2 2 2 2 2 2 2 2 2 2 2 2 2 2 2
left_child=1 -1 -2 9 5 8 -7 -8 -3 -4 11 16 17 -14 -15 -16 -11 18 19 -12 21 26 23 -22 25 -24 28 -28 -18 -29
right_child=2 4 3 -5 -6 6 7 -9 -10 10 12 -13 13 14 15 -17 20 -19 -20 -21 22 -23 24 -25 -26 -27 27 29 -30 -31
leaf_value=0.05044244287503831 0.029592700865345812 0.015323433171697569 -0.071577951388981362 0.050712589391438412 0.05062207049157641 0.030430800867941539 0.02533687178852221 -0.060692141899546463 0.050607406142616954 -0.055595926060205691 0.018422936640536576 -0.073217358348727141 -0.098401568264436121 0.049914867449535327 -0.07142440932317129 0.050798687905990673 0.023040702790383671 0.051093833057246463 0.027260892648115376 -0.10171440206357399 -0.077142220645165016 -0.087290070800395414 -0.051413248584404686 0.05210806370657646 0.024573800487571761 0.032305984498957448 -0.048858584318342863 0.036010757490421728 -0.076523564390765797 -0.009404735058198211
leaf_weight=23.667069137096405 12.639043835923074 17.274127542295904 1.0217048150952894 3.073883891105651 6.9567482173442832 6.3263804761954798 1.2134119314141569 4.2705207313993014 8.145485043525694 2.2826400832855134 6.5510528679005819 2.06962697347626 2.077637451613553 3.1688228398561478 2.4785513571405318 1.5817930654156951 15.009508123752314 6.8299066126346579 17.806480214203475 2.2514646553900093 1.9817380498425328 3.1099213126508394 3.7930903050437319 1.0782742500305176 25.816351940855384 4.278868877547211 7.4711913017017677 5.9972723610990197 1.2883862114540523 7.963782034094038
leaf_count=98 32 558 161 8 21 242 30 132 25 412 67 59 63 4 75 4 427 12 134 42 192 354 1802 1 52 213 1619 291 59 811
internal_value=0.0151865 0.0322309 0.00702018 0.00480829 0.0224765 0.0172172 -0.00304193 -0.0416568 0.0266299 0.00368759 0.00430334 -0.000556283 0.0136417 -0.0153595 0.00850656 -0.0238098 0.00132182 0.0217133 0.014172 -0.0123052 0.00299202 -0.00607713 0.0130164 -0.0315975 0.0170449 -0.00703448 0.000616879 -0.0104498 0.0151699 0.0101045
internal_weight=209.475 67.8537 141.621 128.982 44.1867 37.2299 11.8103 5.48393 25.4196 125.908 124.886 82.1407 42.7457 9.3068 7.22917 4.06034 80.071 33.4389 26.609 8.80252 77.7884 40.8401 36.9483 3.06001 33.8883 8.07196 37.7301 21.4322 16.2979 13.9611
internal_count=8000 1106 6894 6862 1008 987 404 162 583 6854 6693 6292 401 146 83 79 6233 255 243 109 5821 3561 2260 193 2067 2015 3207 2721 486 1102
is_linear=0
shrinkage=0.05


Tree=93
num_leaves=31
num_cat=0
split_feature=3 6 3 7 8 6 4 8 8 6 0 6 3 3 8 4 4 4 3 6 4 8 6 6 5 5 4 5 5 4
split_gain=11.0227 4.80605 2.70278 2.62234 3.4577 3.12522 2.45183 1.65997 4.3223 3.65761 3.11268 7.94861 2.62017 2.61314 2.55873 2.85892 4.00417 3.30529 4.10931 2.51491 4.61124 1.94872 1.82203 5.00295 6.21837 6.05761 6.36174 4.41772 4.11846 3.04153
threshold=1380.5000000000002 8.5999999999999961 2641.0000000000005 9140.1706103051711 11102.650000000003 11.400000000000007 61.550000000000004 8549.4000000000015 8332.9000000000015 11.049999999999985 1.5000000000000002 9.5499999999999847 1398.5000000000002 1400.5000000000002 10380.800000000001 41.45000000000001 46.250000000000007 46.45000000000001 1441.5000000000002 9.6500000000000075 54.650000000000013 10624.100000000002 11.049999999999985 9.6500000000000075 231.50000000000003 149.50000000000003 13.850000000000003 228.50000000000003 39.500000000000007 38.250000000000007
decision_type=2 2 2 2 2 2 2 2 2 2 2 2 2 2 2 2 2 2 2 2 2 2 2 2 2 2 2 2 2 2
left_child=1 -1 6 4 5 -3 7 8 12 10 14 21 -2 -11 15 -9 -17 -18 -19 -13 -21 -12 23 29 25 -25 -27 28 -24 -14
right_child=2 3 -4 -5 -6 -7 -8 9 -10 13 11 19 22 -15 -16 16 17 18 -20 20 -22 -23 27 24 -26 26 -28 -29 -30 -31
leaf_value=0.050420676178577997 -0.070632279922390004 0.0068869182832160501 0.041470797931297113 0.050569387018429612 0.035145012730099741 -0.11325489932979689 0.050677354785881673 0.029990821344297772 -0.072078190060718708 0.016628558829565487 -0.056113315250030195 0.049463281229467262 0.01222314694865796 -0.082822480320163136 0.039763316722571877 -0.06473354851608161 0.048794647350590171 -0.099513071713983492 0.026289876877134907 -0.067846047222425307 0.050947851285002267 -0.1566184927114177 -0.09063903577154836 -0.0029169795882803499 0.052222150973006545 -0.47775385251238289 -0.063155816786184898 -0.093739498492690226 0.021847234537614234 -0.030192347198785843
leaf_weight=22.522285342216492 1.2179061601054844 20.926058594530335 5.40840318519622 6.7378756403923026 14.867695599794386 0.55566629147506219 2.9259505271911612 9.116404099389916 2.004986104060662 1.0992720112553791 1.1570796171145028 3.0411092005670071 37.474500796670327 1.6548792084795421 13.837570603936909 2.4166236810851833 2.9391158277867362 1.1461242101213431 1.4969335254281757 1.7889656423067211 1.5034061968326566 0.82701304927468289 0.84175205288193566 6.7243438727455231 2.2457139492034903 0.093703441321849712 7.3602541174332146 0.91491083055734534 24.435672927967971 4.7638072271074625
leaf_count=98 289 881 15 22 56 49 8 19 60 11 57 4 1472 63 33 58 4 72 29 51 3 6 245 1583 2 1 564 7 1087 1151
internal_value=0.0148224 0.0317031 0.00682207 0.0219192 0.0166085 0.00377922 0.00541339 0.00439542 0.000494232 0.0125718 0.0164782 -0.0106772 0.00218474 -0.0431283 0.0237753 0.0108491 -0.0109671 0.0123094 -0.0282628 0.0166803 -0.0136008 -0.0980061 0.00322988 -0.00166586 -0.0250821 -0.0373264 -0.0683677 0.0141947 0.0181014 0.00743936
internal_weight=204.046 65.6096 138.436 43.0873 36.3494 21.4817 133.028 130.102 88.0776 42.0245 39.2703 8.31757 86.0726 2.75415 30.9528 17.1152 7.9988 5.58217 2.64306 6.33348 3.29237 1.98409 84.8547 58.6623 16.424 14.1783 7.45396 26.1923 25.2774 42.2383
internal_count=8000 1106 6894 1008 986 930 6879 6871 6461 410 336 121 6401 74 215 182 163 105 101 58 54 63 6112 4773 2150 2148 565 1339 1332 2623
is_linear=0
shrinkage=0.05


Tree=94
num_leaves=31
num_cat=0
split_feature=3 6 7 8 6 7 4 2 8 8 6 0 6 6 8 5 4 4 4 3 2 2 7 5 6 4 7 0 2 4
split_gain=10.3564 4.83917 2.59685 3.25827 2.95607 2.574 2.43058 2.17103 2.00551 3.93021 3.50815 3.04335 7.40382 2.86717 2.6713 2.562 2.52814 3.71232 3.09437 3.92383 2.48768 8.04008 2.5424 4.23677 2.3384 4.35416 2.18196 6.18211 4.3322 2.80545
threshold=1380.5000000000002 8.5999999999999961 9140.1706103051711 11102.650000000003 11.400000000000007 3534.8834019049436 61.550000000000004 307.35000000000008 8549.4000000000015 8332.9000000000015 11.049999999999985 1.5000000000000002 9.5499999999999847 8.5499999999999847 10380.800000000001 221.50000000000003 41.45000000000001 46.250000000000007 46.45000000000001 1441.5000000000002 310.55000000000007 310.25000000000006 4653.7406815299246 231.50000000000003 9.6500000000000075 54.650000000000013 5101.4281066419835 1.5000000000000002 309.85000000000008 61.250000000000007
decision_type=2 2 2 2 2 2 2 2 2 2 2 2 2 2 2 2 2 2 2 2 2 2 2 2 2 2 2 2 2 2
left_child=1 -1 3 4 -3 -2 7 -7 9 13 11 14 -13 -9 16 -12 -10 -18 -19 -20 21 26 23 -22 -14 -26 28 29 -15 -28
right_child=5 2 -4 -5 -6 6 -8 8 10 -11 15 12 24 20 -16 -17 17 18 19 -21 22 -23 -24 -25 25 -27 27 -29 -30 -31
leaf_value=0.050399994058566593 0.028664529061454613 0.0065616729440443923 0.050541314841778144 0.034317047693794803 -0.11308253959775182 -0.07076364491968401 0.050643884962296208 -0.055418787119531999 0.028985627213794246 -0.071167392590376716 -0.082554636146857763 -0.095584690070640133 0.04899810191538672 0.022125982554515013 0.041175381813574087 0.017205118417379719 -0.064648164142888195 0.048321882391167144 -0.099631803615527856 0.02562410707106802 -0.076018260930985293 -0.085065718550608391 0.01626261821363335 0.051899216634156226 -0.067630863110400716 0.050900789753504684 -0.057794908837532168 0.0096016556053461089 -0.074621844388933364 0.051226693264070824
leaf_weight=21.432431250810623 12.056840877048669 20.866705567837929 6.4127355813980094 14.475199729204176 0.52935959293972601 0.97882332224980828 2.785043239593505 2.1772162304550866 8.9648617263883406 1.9253639224043571 1.5937014004448422 1.9333793243276876 2.9195700418204069 14.649427129974354 13.164118437096475 1.079544326290488 2.2180561757995738 2.822442802018486 1.0872577893023847 1.4714172512758521 1.9095309501281001 2.9638539162697262 32.973430860722146 0.97928142547607411 1.6889986243331807 1.431373059749603 6.4777879560715546 13.632436370106005 1.2563180678262131 0.64923113584518422
leaf_count=98 32 881 22 56 49 161 8 412 19 59 65 63 4 427 31 9 57 4 70 27 192 354 2067 1 49 3 1618 1102 59 1
internal_value=0.0144151 0.0310455 0.0212353 0.0159962 0.00360156 0.00661157 0.00446266 0.00339925 0.00400435 -0.000599948 0.0130812 0.0170058 -0.0104246 0.00114938 0.0243628 -0.0422684 0.0110011 -0.0102155 0.0122213 -0.0276009 0.00278085 -0.00585352 0.0123221 -0.0326554 0.0168351 -0.0132582 0.000549648 -0.010127 0.0144843 -0.0478637
internal_weight=199.506 63.7164 42.284 35.8713 21.3961 135.789 123.732 120.947 119.969 79.5939 40.3747 37.7015 7.97332 77.6685 29.7282 2.67325 16.564 7.59917 5.38112 2.55868 75.4913 39.6291 35.8622 2.88881 6.03994 3.12037 36.6652 20.7595 15.9057 7.12702
internal_count=8000 1106 1008 986 930 6894 6862 6854 6693 6292 401 327 119 6233 208 74 177 158 101 97 5821 3561 2260 193 56 52 3207 2721 486 1619
is_linear=0
shrinkage=0.05


Tree=95
num_leaves=31
num_cat=0
split_feature=3 6 8 7 0 8 5 4 3 1 4 1 8 4 4 5 3 7 8 8 6 0 6 3 3 1 8 4 4 4
split_gain=9.70553 4.86588 2.59421 2.7065 3.17142 3.88288 3.82322 2.60148 2.47928 2.34697 2.24709 1.92094 2.87657 1.57817 1.49231 4.14664 2.09505 1.54366 1.47473 3.7907 3.18019 2.67858 6.97036 2.4508 2.39925 2.56567 2.26261 2.41336 3.56863 2.91868
threshold=1380.5000000000002 8.5999999999999961 12338.800000000001 9140.1706103051711 1.5000000000000002 11102.650000000003 119.50000000000001 47.95000000000001 2641.0000000000005 303.75000000000006 61.550000000000004 301.35000000000008 5651.0000000000009 69.850000000000009 65.850000000000009 188.50000000000003 1376.5000000000002 7272.8498249134436 8549.4000000000015 8332.9000000000015 11.049999999999985 1.5000000000000002 9.5499999999999847 1400.5000000000002 1414.5000000000002 297.45000000000005 10380.800000000001 41.45000000000001 46.250000000000007 46.45000000000001
decision_type=2 2 2 2 2 2 2 2 2 2 2 2 2 2 2 2 2 2 2 2 2 2 2 2 2 2 2 2 2 2
left_child=1 -1 3 4 5 11 -6 -8 10 -9 18 14 13 -13 15 16 -3 -17 19 24 21 26 -23 -22 25 -2 27 -20 -29 -30
right_child=8 2 -4 -5 6 -7 7 9 -10 -11 -12 12 -14 -15 -16 17 -18 -19 20 -21 23 22 -24 -25 -26 -27 -28 28 29 -31
leaf_value=0.050380331170050266 0.032589824889820852 -0.08643795569415659 0.050548266015877322 0.05051636712512815 0.021154760723599134 0.050538704949171412 0.024184068299262257 -0.075009641641567371 0.040769602343118438 0.02987664382728308 0.05061208854083378 -0.05023569109901127 -0.019930593218288811 -0.32792048597133538 0.048812359709099418 -0.0022485554810911601 0.01019931716865268 0.04367523172273103 0.027993594772481006 -0.070127788463288585 0.017161843074217625 -0.094970184810199365 0.016462654637631229 -0.081692703694113689 0.0034941638626888351 -0.076710333734374747 0.03831340896764366 -0.063853577006385442 0.047834363884399073 -0.027077617710794089
leaf_weight=20.39491480588913 0.75474617234431152 1.6041677735047435 6.1437873989343634 4.7385621666908255 4.4123100740980608 7.243551939725875 1.1818445928511208 3.6411787712495425 5.0517311831936231 0.62487583351321507 2.6508374214172354 0.084706054127308472 1.2830000532121628 0.12922705709934235 2.223422944545745 3.4278086726553738 0.86233708454528812 3.9252651217393577 8.8221395388245636 1.8632460130029347 1.0584438572404899 1.8506956627825264 5.8058907537779305 1.5380876397539394 81.264786745960009 1.8602258972241541 12.981121236458419 2.2149700154550365 2.71146969741676 2.4982242776313797
leaf_count=98 56 356 21 17 228 25 31 136 15 4 8 53 61 1 6 26 28 15 19 60 11 63 58 63 5858 487 33 58 4 101
internal_value=0.0140302 0.0303803 0.0205575 0.0153499 0.009912 0.0209912 -0.013441 -0.0414605 0.00641389 -0.0596463 0.00505666 0.00518404 -0.0482336 -0.217972 0.0118238 0.00344857 -0.0526517 0.0222668 0.00409231 0.000410362 0.0120886 0.0158537 -0.0104721 -0.0413959 0.00197725 -0.0451636 0.02275 0.010315 -0.0106912 0.0119115
internal_weight=194.848 61.921 41.526 35.3823 30.6437 20.7835 9.86021 5.4479 132.927 4.26605 127.875 13.5399 1.49693 0.213933 12.043 9.81958 2.4665 7.35307 125.224 85.743 39.481 36.8845 7.65659 2.59653 83.8798 2.61497 29.2279 16.2468 7.42466 5.20969
internal_count=8000 1106 1008 987 970 571 399 171 6894 140 6879 546 115 54 431 425 384 41 6871 6461 410 336 121 74 6401 543 215 182 163 105
is_linear=0
shrinkage=0.05


Tree=96
num_leaves=31
num_cat=0
split_feature=3 3 6 8 7 0 8 1 4 5 5 1 7 3 8 5 4 1 3 3 7 6 7 5 2 2 5 4 8 3
split_gain=9.36317 6.16573 3.43735 2.57589 2.42731 3.44552 4.75689 2.48629 3.86418 5.11059 4.67409 2.55977 3.59196 2.41701 2.05151 3.69366 2.43446 2.21013 1.91732 2.74379 1.8093 1.4158 1.41252 2.53296 1.38973 4.20188 2.97297 2.73947 1.70369 2.14969
threshold=1386.5000000000002 1392.5000000000002 8.5999999999999961 11575.250000000002 9140.1706103051711 1.5000000000000002 11102.650000000003 299.25000000000006 56.550000000000004 188.50000000000003 12.500000000000002 298.45000000000005 6166.7421754742818 2641.0000000000005 12338.800000000001 119.50000000000001 47.95000000000001 303.75000000000006 1406.5000000000002 1410.5000000000002 8925.898283367078 11.400000000000007 8925.898283367078 118.50000000000001 311.85000000000008 313.05000000000007 16.500000000000004 52.050000000000004 1041.7500000000002 1429.5000000000002
decision_type=2 2 2 2 2 2 2 2 2 2 2 2 2 2 2 2 2 2 2 2 2 2 2 2 2 2 2 2 2 2
left_child=2 -2 -1 13 5 6 7 11 21 10 -10 12 -4 18 15 22 -17 -18 -3 -20 24 -9 23 -7 26 27 -21 -26 -28 -30
right_child=1 3 4 -5 -6 14 -8 8 9 -11 -12 -13 -14 -15 -16 16 17 -19 19 20 -22 -23 -24 -25 25 -27 28 -29 29 -31
leaf_value=0.046139467010412966 -0.096278734353810652 0.024715143100231707 0.050982150010201413 0.05077515889671174 0.050492802086887938 -0.052224248795854994 0.050554009157727467 -0.060716061043009362 0.049091114889225698 0.051039275740967033 -0.12721095001457239 0.043843004248766755 -0.067901715881369534 0.040341933830879972 0.050639921588265281 0.021608990342898548 -0.073547430895462049 0.028808497864181062 -0.087788169258423088 -0.085162181058374448 0.037630724948184695 -0.20113116361341807 0.050741902766756199 0.050776376627690037 -0.068692900177116059 0.036508922607416609 0.039212265211392816 0.038798592052994768 -0.027202391029004347 0.0048430456349681621
leaf_weight=20.406782621517777 1.4636466366209777 10.513671891640113 1.1278375586261993 3.264317423105239 6.112434670329093 1.3324258989887277 11.503062486648558 1.713230493463924 0.60111073590815056 2.7599062919616699 1.0036220069159751 5.8040880572516471 1.4551053777104241 4.8550226576626292 1.3782119452953345 1.1923424876731585 3.7251093027953175 0.61436928471084673 0.8378643318428648 0.94041380449925682 3.6522435694932929 0.20053358923178155 1.999533951282501 1.081244588829577 3.4394726066821013 2.1071863792894874 3.3478481539059421 0.71614601730834682 5.5712000153725958 86.310416364533012
leaf_count=108 124 276 8 8 23 238 40 253 2 5 68 99 172 15 4 39 141 5 77 446 8 9 5 3 527 127 358 11 366 4435
internal_value=0.0136094 0.00575118 0.0292027 0.00694058 0.0212762 0.0165129 0.0264836 0.00760366 -0.0161909 0.00978342 -0.0611706 0.0254159 -0.0159913 0.0057705 -0.00652979 -0.0144525 -0.0416694 -0.0590562 0.00434126 0.00233791 0.00304973 -0.0754294 0.019663 -0.00608337 0.00181674 -0.0210051 0.00330295 -0.0501687 0.00417656 0.00289999
internal_weight=191.03 127.019 64.011 125.556 43.6042 37.4917 26.1685 14.6654 6.2784 4.36464 1.60473 8.38703 2.58294 122.291 11.3232 9.94503 5.53182 4.33948 117.436 106.923 106.085 1.91376 4.4132 2.41367 102.433 6.26281 96.1699 4.15562 95.2295 91.8816
internal_count=8000 6778 1222 6654 1114 1091 656 616 337 75 70 279 180 6646 435 431 185 146 6631 6355 6278 262 246 241 6270 665 5605 538 5159 4801
is_linear=0
shrinkage=0.05


Tree=97
num_leaves=31
num_cat=0
split_feature=3 6 8 7 0 8 5 5 1 3 4 1 4 5 5 1 7 7 8 8 6 0 6 5 6 4 3 1 3 8
split_gain=9.15544 4.58847 2.40907 2.49376 2.78599 3.59473 3.33224 2.33864 2.56735 2.24054 2.08805 1.72821 3.60182 4.75123 4.36532 2.01328 3.36717 1.43567 1.33656 3.55863 2.86656 2.49532 6.46029 2.30685 2.22174 3.9314 2.17308 2.32932 2.21097 2.11842
threshold=1380.5000000000002 8.5999999999999961 12338.800000000001 9140.1706103051711 1.5000000000000002 11102.650000000003 119.50000000000001 221.50000000000003 303.95000000000005 2641.0000000000005 61.550000000000004 299.25000000000006 56.550000000000004 188.50000000000003 12.500000000000002 298.45000000000005 6166.7421754742818 8701.0073732598521 8549.4000000000015 8332.9000000000015 11.049999999999985 1.5000000000000002 9.5499999999999847 221.50000000000003 9.6500000000000075 54.650000000000013 1414.5000000000002 297.45000000000005 1422.5000000000002 10380.800000000001
decision_type=2 2 2 2 2 2 2 2 2 2 2 2 2 2 2 2 2 2 2 2 2 2 2 2 2 2 2 2 2 2
left_child=1 -1 3 4 5 11 -6 8 17 10 18 15 -13 14 -14 16 -3 -8 19 26 21 29 -23 -22 -24 -26 27 -2 -28 -20
right_child=9 2 -4 -5 6 -7 7 -9 -10 -11 -12 12 13 -15 -16 -17 -18 -19 20 -21 23 22 24 -25 25 -27 28 -29 -30 -31
leaf_value=0.050345336949120301 0.03121770971298618 0.050953058121865104 0.050495557107497285 0.05046676434420138 0.020243926543164828 0.05048692196973259 -0.061214005000520579 0.02284634521305547 0.050885099105939739 0.039903374736907402 0.050559348316744739 -0.075734330425243912 0.048842121802982322 0.050987570979144338 -0.12572130189504835 0.041696641743042467 -0.067873062080645294 -0.16000618568382774 0.0097941159047334747 -0.069326349671076135 -0.080677400117868128 -0.093891556906858201 0.04815732892476849 0.017266077717181302 -0.06609768213100195 0.050805681132042008 0.040283324118836283 -0.075157302082038135 0.0013167660826805148 0.037456966546795249
leaf_weight=18.544170051813126 0.72569343281793353 1.0754183368408141 5.5645679682493201 4.2917281687259665 4.1693278580351052 6.5605178475379935 3.0694246295388448 1.1480227187275884 0.47475171089172352 4.6677272636443368 2.4260820448398581 1.7235823188239008 0.5746368085965512 2.6278991103172302 0.95057439350057393 4.4940952937467955 1.33786249809782 0.41780519392341364 15.741239252936795 1.7995896188658651 1.4624960844812442 1.7734725801274169 2.7088899798691273 1.0208059158176181 1.6362407711858398 1.2831518948078153 3.8210108925704835 1.7693704087723743 76.98019082020619 12.351154398173092
leaf_count=98 56 6 21 17 228 25 164 3 1 15 8 225 2 5 62 91 155 3 182 60 65 63 4 9 51 3 158 487 5700 33
internal_value=0.0132078 0.0299144 0.0200684 0.0149245 0.00959551 0.0203992 -0.012927 -0.0399916 -0.0581995 0.00588892 0.00462381 0.00495887 -0.0149719 0.0102451 -0.059953 0.0219157 -0.0149212 -0.0730503 0.0037183 0.000237407 0.0115179 0.0151514 -0.0106761 -0.040416 0.0155452 -0.0147155 0.00174031 -0.044218 0.00315946 0.0219564
internal_weight=187.192 57.0244 38.4802 32.9156 28.6239 19.3446 9.27933 5.11 3.96198 130.167 125.499 12.7841 5.87669 4.15311 1.52521 6.90738 2.41328 3.48723 123.073 85.0959 37.9775 35.4941 7.40176 2.4833 5.62828 2.91939 83.2963 2.49506 80.8012 28.0924
internal_count=8000 1106 1008 987 970 571 399 171 168 6894 6879 546 294 69 64 252 161 167 6871 6461 410 336 121 74 58 54 6401 543 5858 215
is_linear=0
shrinkage=0.05


Tree=98
num_leaves=31
num_cat=0
split_feature=3 6 8 7 0 8 5 4 7 2 4 1 1 4 5 5 1 7 5 8 4 3 1 4 7 5 7 7 8 2
split_gain=8.8611 4.44327 2.31906 2.39163 2.62225 3.43904 3.09202 2.23837 2.13271 2.07672 2.01543 1.96575 1.61966 3.40926 4.4578 3.97804 1.87701 3.17029 1.61453 5.06383 3.15156 2.61825 2.29431 2.11908 1.3328 2.40303 1.32655 4.74334 1.9079 1.7032
threshold=1380.5000000000002 8.5999999999999961 12338.800000000001 9140.1706103051711 1.5000000000000002 11102.650000000003 119.50000000000001 47.95000000000001 3534.8834019049436 307.35000000000008 61.550000000000004 303.75000000000006 299.25000000000006 56.550000000000004 188.50000000000003 12.500000000000002 298.45000000000005 6166.7421754742818 152.50000000000003 8629.1500000000033 45.150000000000013 1418.5000000000002 297.45000000000005 52.650000000000013 8925.898283367078 118.50000000000001 7448.6062259185246 7616.1840140487602 11102.650000000003 311.85000000000008
decision_type=2 2 2 2 2 2 2 2 2 2 2 2 2 2 2 2 2 2 2 2 2 2 2 2 2 2 2 2 2 2
left_child=1 -1 3 4 5 12 24 -8 -2 -10 18 -9 16 -14 15 -15 17 -3 19 20 -11 22 -22 26 25 -6 28 -28 29 -20
right_child=8 2 -4 -5 6 -7 7 11 9 10 -12 -13 13 14 -16 -17 -18 -19 23 -21 21 -23 -24 -25 -26 -27 27 -29 -30 -31
leaf_value=0.050328384449473566 0.02665885304675843 0.050737306471105109 0.050471163664819199 0.050443797726863249 -0.052205361288903102 0.050462955473623519 0.022931224620227869 -0.072329415378564826 -0.07016221868804183 -0.050124657364795988 0.050531773464847309 0.027990318496128694 -0.075301183661626775 0.048578306810718716 0.050938484734868283 -0.12075201757737204 0.040936902278023456 -0.067023990361727251 0.0051044336711515634 -0.32015819704241777 0.032849035297492814 0.017413886969789735 -0.07641702322865962 0.030994801198688596 0.05069106353902797 0.051349294152109509 -0.11067016847653921 0.01164276014468343 0.051043985621213407 -0.02844495496127852
leaf_weight=17.645552814006805 11.050029487349091 1.0272109882789755 5.295674502849578 4.0842300951480857 1.2649541964201472 6.2434467375278464 1.1231875675293848 3.2637285289602009 0.94438791269203548 3.5686161888625039 2.3089882135391226 0.57422538264654566 1.6487189223480525 0.54950627218931936 2.5020830035209656 0.94047701323870569 4.352265443012584 1.2883278306399004 82.859315622816212 0.1324446555227049 0.68995827465550919 8.2139478866592963 1.5819016607274532 7.5832806186517692 1.8662538230419157 1.0055637056939304 1.1406214225571596 2.5981958693591878 2.1694605350494376 3.9639690900221458
leaf_count=98 32 6 21 17 221 25 31 136 161 3742 8 4 225 2 5 62 91 155 1609 2 28 607 367 61 5 2 39 45 4 189
internal_value=0.012815 0.0296801 0.0198407 0.0147293 0.00945379 0.0202367 -0.0125342 -0.0391512 0.00565605 0.00368517 0.00428221 -0.0573198 0.0049046 -0.0148151 0.0101656 -0.0583029 0.0215869 -0.0147831 0.00334956 -0.0124384 -0.00953854 0.00427406 -0.0432332 0.00558235 0.0193871 -0.00634322 0.0035042 -0.0256719 0.00472997 0.00357272
internal_weight=183.481 54.6754 37.0299 31.7342 27.6499 18.552 9.09791 4.96114 128.805 117.755 116.811 3.83795 12.3086 5.64079 3.99207 1.48998 6.6678 2.31554 114.502 14.1869 14.0544 10.4858 2.27186 100.315 4.13677 2.27052 92.7316 3.73882 88.9927 86.8233
internal_count=8000 1106 1008 987 970 571 399 171 6894 6862 6701 140 546 294 69 64 252 161 6693 4746 4744 1002 395 1947 228 223 1886 84 1802 1798
is_linear=0
shrinkage=0.05


Tree=99
num_leaves=31
num_cat=0
split_feature=3 6 8 0 5 5 8 3 1 7 7 5 7 1 4 5 5 1 7 6 5 2 4 8 8 1 5 8 1 3
split_gain=8.62746 4.01975 2.15228 2.25178 4.24554 2.13532 2.08405 2.0471 1.88828 1.68051 1.675 2.20244 1.62331 1.82241 3.22325 4.1813 3.62166 1.34613 2.73809 1.26086 1.23814 2.15097 1.21803 1.20952 4.06311 1.48796 3.91611 2.74224 7.57171 2.82396
threshold=1378.5000000000002 8.5999999999999961 12338.800000000001 1.5000000000000002 122.50000000000001 221.50000000000003 11102.650000000003 2641.0000000000005 303.75000000000006 9140.1706103051711 8925.898283367078 118.50000000000001 9140.1706103051711 299.25000000000006 56.550000000000004 188.50000000000003 12.500000000000002 298.45000000000005 6166.7421754742818 11.599999999999996 16.500000000000004 313.05000000000007 13.850000000000003 1041.7500000000002 1108.6000000000004 298.85000000000008 77.500000000000014 2838.6000000000004 300.75000000000006 2349.0000000000005
decision_type=2 2 2 2 2 2 2 2 2 2 2 2 2 2 2 2 2 2 2 2 2 2 2 2 2 2 2 2 2 2
left_child=1 -1 3 6 10 8 12 9 -6 19 11 -5 13 17 -15 16 -16 18 -3 20 21 22 -2 -22 -25 -26 -27 28 29 -28
right_child=7 2 -4 4 5 -7 -8 -9 -10 -11 -12 -13 -14 14 15 -17 -18 -19 -20 -21 23 -23 -24 24 25 26 27 -29 -30 -31
leaf_value=0.050312267534482848 -0.19440811829030952 0.051252924468316474 0.050447982832081496 -0.05210831048814029 -0.071956902186962962 0.022570773204574186 0.050439213826195789 0.039144405414813184 0.027887465094038451 0.050510063488455749 0.050580603582380139 0.048842790770141246 0.050394805392086878 -0.075001612479831142 0.048298231257693947 0.05089188432640343 -0.11584877956322553 0.041364374996243743 -0.066084925815041301 -0.055499716963910276 0.034614872316641662 0.047212921787437079 -0.055052322684262127 -0.21577125325760649 0.013056212861075181 -0.059149975682888378 -0.050245765911149591 0.003642200885376143 0.011407190607666698 -0.3682592831967334
leaf_weight=16.276224479079247 0.19104374945163616 0.97416880202945488 5.0396577417850486 1.2009755484177751 3.1048128687616559 1.1049400530755518 5.6895962059497824 4.3739918163046232 0.55876347795128811 1.9403337538242329 3.0741834938526154 0.98210502055007953 2.5888979732990256 1.567606175165565 0.52566238865256332 2.3821793496608734 0.93150288990000263 4.1643907573597971 1.0153928993822772 0.89554766063883917 3.2692512737994539 0.48246500507229928 0.87478536026901565 0.21035166879300859 33.578091464543832 2.6561878457723642 0.099176809773779295 79.205994536096114 0.75751020050665829 0.2357422006316483
leaf_count=95 1 5 21 215 151 3 24 15 4 7 10 10 12 218 2 5 62 87 149 161 396 17 525 57 1863 958 76 2741 107 3
internal_value=0.0124266 0.0297921 0.0202235 0.0151232 -0.00419008 -0.0383538 0.0248831 0.00552451 -0.0567288 0.00434238 0.0267976 -0.00669332 0.0146071 0.00659291 -0.0145857 0.0100821 -0.0566339 0.0252008 -0.00863163 0.00361085 0.00404632 -0.0403805 -0.080031 0.00461948 0.00377949 0.0041758 0.000581213 0.00255706 -0.0761206 -0.274089
internal_weight=179.952 51.1811 34.9048 29.8652 10.0258 4.76852 19.8394 128.77 3.66358 124.396 5.25726 2.18308 14.1498 11.5609 5.40695 3.83934 1.45717 6.15395 1.98956 122.456 121.561 1.54829 1.06583 120.012 116.743 116.533 82.9546 80.2984 1.09243 0.334919
internal_count=8000 1073 978 957 393 158 564 6927 155 6912 235 225 540 528 287 69 64 241 154 6905 6744 543 526 6201 5805 5748 3885 2927 186 79
is_linear=0
shrinkage=0.05


end of trees

feature_importances:
Power=484
Tool_wear_min=435
OSF_Load=409
Rotational_speed_rpm=401
Temp_Diff=376
Torque_Nm=353
Process_temperature_K=246
Air_temperature_K=209
Type=87

parameters:
[boosting: gbdt]
[objective: binary]
[metric: binary_logloss]
[tree_learner: serial]
[device_type: cpu]
[data_sample_strategy: bagging]
[data: ]
[valid: ]
[num_iterations: 100]
[learning_rate: 0.05]
[num_leaves: 31]
[num_threads: 0]
[seed: 0]
[deterministic: 0]
[force_col_wise: 0]
[force_row_wise: 0]
[histogram_pool_size: -1]
[max_depth: -1]
[min_data_in_leaf: 20]
[min_sum_hessian_in_leaf: 0.001]
[bagging_fraction: 1]
[pos_bagging_fraction: 1]
[neg_bagging_fraction: 1]
[bagging_freq: 0]
[bagging_seed: 3]
[bagging_by_query: 0]
[feature_fraction: 1]
[feature_fraction_bynode: 1]
[feature_fraction_seed: 2]
[extra_trees: 0]
[extra_seed: 6]
[early_stopping_round: 0]
[early_stopping_min_delta: 0]
[first_metric_only: 0]
[max_delta_step: 0]
[lambda_l1: 0]
[lambda_l2: 0]
[linear_lambda: 0]
[min_gain_to_split: 0]
[drop_rate: 0.1]
[max_drop: 50]
[skip_drop: 0.5]
[xgboost_dart_mode: 0]
[uniform_drop: 0]
[drop_seed: 4]
[top_rate: 0.2]
[other_rate: 0.1]
[min_data_per_group: 100]
[max_cat_threshold: 32]
[cat_l2: 10]
[cat_smooth: 10]
[max_cat_to_onehot: 4]
[top_k: 20]
[monotone_constraints: ]
[monotone_constraints_method: basic]
[monotone_penalty: 0]
[feature_contri: ]
[forcedsplits_filename: ]
[refit_decay_rate: 0.9]
[cegb_tradeoff: 1]
[cegb_penalty_split: 0]
[cegb_penalty_feature_lazy: ]
[cegb_penalty_feature_coupled: ]
[path_smooth: 0]
[interaction_constraints: ]
[verbosity: -1]
[saved_feature_importance_type: 0]
[use_quantized_grad: 0]
[num_grad_quant_bins: 4]
[quant_train_renew_leaf: 0]
[stochastic_rounding: 1]
[linear_tree: 0]
[max_bin: 255]
[max_bin_by_feature: ]
[min_data_in_bin: 3]
[bin_construct_sample_cnt: 200000]
[data_random_seed: 1]
[is_enable_sparse: 1]
[enable_bundle: 1]
[use_missing: 1]
[zero_as_missing: 0]
[feature_pre_filter: 1]
[pre_partition: 0]
[two_round: 0]
[header: 0]
[label_column: ]
[weight_column: ]
[group_column: ]
[ignore_column: ]
[categorical_feature: ]
[forcedbins_filename: ]
[precise_float_parser: 0]
[parser_config_file: ]
[objective_seed: 5]
[num_class: 1]
[is_unbalance: 0]
[scale_pos_weight: 27.777]
[sigmoid: 1]
[boost_from_average: 1]
[reg_sqrt: 0]
[alpha: 0.9]
[fair_c: 1]
[poisson_max_delta_step: 0.7]
[tweedie_variance_power: 1.5]
[lambdarank_truncation_level: 30]
[lambdarank_norm: 1]
[label_gain: ]
[lambdarank_position_bias_regularization: 0]
[eval_at: ]
[multi_error_top_k: 1]
[auc_mu_weights: ]
[num_machines: 1]
[local_listen_port: 12400]
[time_out: 120]
[machine_list_filename: ]
[machines: ]
[gpu_platform_id: -1]
[gpu_device_id: -1]
[gpu_device_id_list: ]
[gpu_use_dp: 0]
[num_gpu: 1]

end of parameters

pandas_categorical:[]
